date_key,model_key,profit_eur,perfect_profit_eur,mae,bias,pct_of_perfect_day
20260410,1,627.6226507690798,680.3441415551512,64.67458333333333,-48.693749999999994,0.9225076140649069
20260411,1,279.42669301469573,532.0875023560592,59.275416666666665,-9.832916666666664,0.5251517687925521
20260412,1,462.6857635916011,505.01790670426936,99.11666666666667,-99.11666666666667,0.9161769463009213
20260413,1,22.324192175410985,265.72962390196744,115.97208333333333,-115.97208333333333,0.08401092752702194
20260414,1,352.71215997510546,381.9484882594316,50.17958333333333,-48.47708333333333,0.9234547872736496
20260415,1,415.56640178104135,423.7506312706433,30.317916666666665,-29.43375,0.9806862128675514
20260416,1,440.27685806331874,454.44777702336876,33.49166666666667,-32.155,0.9688172774155273
20260417,1,388.90033546247713,445.35016663006195,34.73083333333333,19.234166666666667,0.8732461882865402
20260418,1,432.938612408659,519.567970618102,43.33416666666667,-42.38916666666667,0.8332665539286714
20260419,1,413.5114699125255,455.20568928371455,18.950833333333332,2.933333333333335,0.908405759522038
20260420,1,312.34148662913316,356.81487279276797,30.14333333333333,30.14333333333333,0.8753600548779137
20260421,1,515.0125059938072,556.0777501802851,55.298333333333325,55.298333333333325,0.9261519739403992
20260422,1,587.8899465895809,609.1659126170983,38.15541666666667,38.15541666666667,0.965073610346791
20260423,1,636.9990886437377,639.5423718517593,47.50666666666667,47.50666666666667,0.9960232764552289
20260424,1,596.633023943137,623.6066019050315,28.444166666666664,28.383333333333336,0.9567458428446812
20260425,1,809.2915429832846,919.2079587923904,69.8125,69.8125,0.8804226891665423
20260426,1,1875.2632241238898,1917.859389517037,85.65875,74.17958333333333,0.9777897349378288
20260427,1,665.4324529160587,675.6917398875271,25.017083333333332,-0.5579166666666667,0.9848166162676842
20260428,1,544.106089487268,547.8407054121949,14.921666666666669,13.517500000000004,0.9931830258539899
20260429,1,731.4172373772008,731.9009040438675,12.963333333333333,12.519166666666669,0.9993391637255885
20260430,1,675.3102360024125,688.9151248913012,10.902083333333335,-8.06041666666667,0.9802517198456989
20260501,1,1987.6994383164206,2104.767611358104,85.29875,77.46958333333333,0.9443795256018097
20260502,1,855.2300155848338,952.7679115991166,45.07,-44.77166666666667,0.8976268041494218
20260503,1,534.9937820641528,553.0987820641528,72.26208333333334,-68.65791666666667,0.9672662450413784
20260504,1,560.9666649632657,569.7011094077105,37.355,-34.53,0.9846683738188159
20260505,1,184.55727506870352,221.99707077559975,58.14083333333334,-58.14083333333334,0.8313500463042536
20260506,1,176.55406712161866,209.98222045805437,57.88666666666666,-57.165,0.8408048392691739
20260507,1,300.3589793374305,353.70075052513045,63.94458333333333,-63.94458333333333,0.8491895448101121
20260508,1,209.18875870492423,288.094239839015,118.36666666666667,-115.44583333333333,0.726112256953896
20260509,1,536.4791340971401,537.47213409714,36.69708333333333,-28.912916666666664,0.9981524623566429
20260510,1,484.40564971873846,485.13408007862324,9.238333333333333,-1.6625000000000014,0.9984984968284093
20260511,1,112.30847343274468,137.59939414879233,29.197500000000005,14.664166666666665,0.8161988948243518
20260512,1,400.90578575070685,416.2113401098772,33.6175,33.362500000000004,0.9632264840378213
20260513,1,320.20751077117836,323.35151077117837,11.072916666666666,7.885416666666664,0.9902768352852235
20260514,1,445.0268975389596,513.1167700479166,42.715833333333336,40.85666666666666,0.8673014087951197
20260515,1,318.11155746149495,363.50535610454165,10.383333333333333,4.737500000000001,0.8751220638685947
20260516,1,520.8121370211153,524.5221653038125,10.396666666666667,10.345833333333333,0.9929268417464336
20260517,1,571.8890454045428,574.4673457630312,16.314166666666665,-7.4241666666666655,0.9955118417478303
20260518,1,361.1691745949818,414.23457745893757,27.217083333333335,-22.454583333333332,0.8718952840936702
20260519,1,282.33825196071274,315.38587652374883,31.56125,-31.56125,0.8952152679527247
20260520,1,426.90557717907757,429.2590159742663,9.36166666666667,5.2891666666666675,0.9945174388711505
20260521,1,616.20778764853,649.0407876485298,15.476666666666665,-14.69333333333333,0.9494130405595101
20260522,1,673.6583866053975,687.8370618047659,20.67208333333333,3.3337500000000015,0.979386578614758
20260523,1,684.5720924882435,689.2912289945477,16.44541666666667,-2.1279166666666676,0.9931536391182753
20260524,1,744.2152813990523,757.8595159133123,24.08125,17.704583333333336,0.9819963539049621
20260525,1,616.5658937754056,700.5292206727684,58.51625000000001,58.51625000000001,0.8801430055740904
20260526,1,723.7628421455474,732.788128739865,36.66166666666667,28.078333333333333,0.9876836342725177
20260527,1,554.3528508891187,575.1599855623716,28.725000000000005,25.525000000000002,0.9638237443571315
20260528,1,1137.530611601439,1157.241293828857,32.318333333333335,-12.725833333333336,0.9829675260185341
20260529,1,735.7633134694927,743.252313469493,8.233750000000002,3.465416666666666,0.9899240138721644
20260530,1,604.5852789252236,607.701583144504,10.479166666666666,-5.713333333333332,0.9948719827202765
20260531,1,563.0254313816044,577.4744694865686,25.115,-24.179999999999996,0.9749789144482686
20260601,1,671.3630412801776,766.2249423719293,71.44375,-70.39041666666667,0.8761957542153396
20260602,1,208.6595392444536,244.23779660307727,37.3075,-22.24166666666667,0.8543294369116684
20260603,1,310.2772493246604,355.7395793325714,35.80916666666666,-15.812500000000002,0.8722033401703398
20260604,1,435.5865638244171,449.2192304910837,61.73166666666666,61.705000000000005,0.9696525310108308
20260605,1,467.71694031172206,555.1116269799429,26.62333333333333,-3.3025000000000033,0.8425637611957666
20260606,1,524.7930301844717,542.9993570453098,12.505,0.6424999999999997,0.9664708132254402
20260607,1,639.0138778820908,673.9426517261347,45.20375000000001,44.70541666666667,0.9481724835865742
20260608,1,410.14157332239745,474.0006698825158,32.0825,28.780833333333334,0.865276357993447
20260609,1,369.5031644035199,544.4914357899412,26.83791666666666,23.637083333333333,0.6786207093734165
20260610,1,394.61907624234107,435.77979984738806,26.22083333333333,-23.99416666666666,0.9055469674834362
20260611,1,358.08186396803126,390.2572206283409,48.48333333333334,-48.48333333333334,0.9175534622818634
20260612,1,180.74824439740087,215.54053309240095,28.816666666666666,10.530000000000001,0.8385812255549873
20260613,1,424.44035248708485,493.207455763034,60.300000000000004,60.300000000000004,0.860571646935952
20260614,1,486.85401288395593,487.1178590406116,22.874166666666667,17.019166666666667,0.9994583525285332
20260615,1,578.4590758244469,597.1578589797375,47.76291666666666,47.09791666666667,0.9686870349705553
20260616,1,399.9459183881024,400.1449789845754,18.8075,-18.11333333333333,0.9995025288159853
20260617,1,274.1499602686888,304.31731779276663,13.393333333333333,6.8799999999999955,0.9008687453514521
20260618,1,1209.9870968598952,1219.9360362999466,43.35875000000001,-30.915416666666662,0.9918447040303634
20260619,1,453.8696276166622,606.0906736256186,37.82125,-11.974583333333333,0.7488477341214079
20260620,1,600.5625969776119,636.7395799771934,63.11000000000001,-63.11000000000001,0.9431840203794504
20260621,1,513.5438472148999,552.8841367210177,53.92041666666666,-53.92041666666666,0.9288453278123826
20260622,1,660.2804641456871,716.8548463916607,49.44125,-49.44125,0.9210797241160541
20260623,1,1407.5546749514938,1414.8592704978223,62.99333333333334,-62.65833333333333,0.9948372281974317
20260624,1,1672.0820063464753,1857.4610754063392,90.15291666666667,-90.15291666666667,0.9001976022462219
20260625,1,710.1090884571646,721.8813832556789,28.639583333333334,9.17791666666667,0.9836922033569818
20260626,1,850.19079740186,853.5507974018601,27.49333333333333,-27.298333333333332,0.996063503179626
20260627,1,730.6803254654914,730.6803254654914,12.261666666666663,-11.574999999999998,1.0
20260628,1,586.5464279141964,586.5464279141964,5.110416666666668,-1.679583333333336,1.0
20260629,1,642.4589708127381,662.6000606084876,19.357083333333332,-17.59041666666667,0.9696029460407032
20260630,1,1204.8050690112718,1206.3715893574304,33.61625,-10.407916666666663,0.9987014611749992
20260701,1,410.64106783939644,468.0567350819622,80.95083333333334,56.18333333333333,0.8773318212534393
20260702,1,417.2043825175564,456.43244879169345,63.40875,63.40875,0.9140550449951906
20260703,1,493.96228901111704,523.3005857278526,71.99958333333333,71.99958333333333,0.9439360522099755
20260704,1,493.2713516840302,508.54965387962824,36.534166666666664,36.534166666666664,0.9699571082606334
20260705,1,509.5270729004718,520.690685743258,22.382083333333338,20.16541666666667,0.9785599912799463
20260706,1,454.4347334070761,496.96973436001883,46.653333333333336,45.5225,0.9144112850097041
20260707,1,403.9814545018231,469.2061015765529,115.06666666666666,115.06666666666666,0.8609893459280002
20260708,1,459.285161791817,522.8817453624383,50.21,50.21,0.8783729129297888
20260709,1,495.56094769668425,541.6415921679883,57.35541666666666,-57.10208333333333,0.9149241026951781
20260710,1,359.19288856017,448.5529199534687,61.24125,-61.24125,0.8007815189285389
20260711,1,572.1848679828238,580.905855950301,30.41875,-30.41875,0.9849872610541848
20260712,1,565.9827390682933,575.8970606246139,14.54875,-10.835416666666665,0.9827845595433885
20260713,1,429.02755079025195,483.0838486546736,22.22375,-22.22375,0.8881016245627721
20260714,1,342.49139210882305,404.6548733442636,52.38916666666666,-52.38916666666666,0.8463790125108553
20260715,1,445.0115939848064,466.62554367703297,36.821666666666665,-36.821666666666665,0.953680311793676
20260716,1,571.6836402898557,583.2584380691337,34.955416666666665,-34.955416666666665,0.9801549415768486
20260717,1,179.5199511196654,196.29566142697433,20.370833333333334,-15.79166666666667,0.9145385578807109
20260718,1,552.6624737975071,562.3088090734111,12.630416666666662,12.436250000000001,0.9828451286548409
20260719,1,567.3942761512972,576.6690502223898,8.593749999999998,2.9570833333333337,0.9839166432332099
20260720,1,651.4787709886846,665.8856371224915,23.683333333333337,16.2275,0.9783643536808156
20260721,1,603.6621250900489,609.3500257559506,18.637083333333333,11.937083333333334,0.9906656266095248
20260722,1,554.575803695952,581.026915889817,38.32416666666666,37.975,0.9544752377721498
20260723,1,602.5708163447423,700.3881473422275,41.02583333333333,40.90583333333333,0.8603383975461693
20260724,1,634.380824889726,643.1135169475269,28.72583333333333,8.385000000000005,0.9864212276251791
20260725,1,644.0956302282046,664.3805643839763,16.2575,-8.775833333333333,0.9694678995094022
20260726,1,501.30770924858405,563.2013336737463,23.597916666666663,-12.573750000000004,0.8901039100503689
20260727,1,756.7242829603605,792.3949912764529,21.25,20.231666666666666,0.954983677700144
20260728,1,769.6797009673337,798.2976334603404,14.959999999999999,-3.6025000000000014,0.9641512998492079
20260729,1,741.6915113225141,897.5100393253783,28.245416666666667,-26.707083333333333,0.8263879832252499
20260730,1,533.0003203677848,662.5867943765352,17.47833333333334,-3.71166666666667,0.8044233976460615
20260731,1,340.27555219350165,347.0657960798824,20.082083333333333,-17.657083333333336,0.9804352835598417
20260801,1,623.596640740002,645.2354705531965,30.464166666666667,-29.74166666666667,0.9664636697752492
20260802,1,679.7469849985939,681.6272289580232,19.82083333333333,-18.959999999999997,0.9972415363125919
20260803,1,568.3573921088232,634.2586342350943,46.59041666666667,-45.63708333333333,0.896097209294207
20260804,1,476.4838210289871,485.8980722963252,35.20541666666667,-33.37875,0.9806250491531137
20260805,1,704.2740098584707,721.588293565337,19.029999999999998,15.224999999999994,0.9760053151343168
20260806,1,622.1084643320999,635.1799772689466,26.49833333333334,24.858333333333338,0.9794207730019298
20260807,1,588.9830937049201,608.1101660703428,25.87833333333333,25.679999999999996,0.9685466985546001
20260808,1,694.0038668594336,705.075855427106,21.697916666666668,21.389583333333334,0.9842967412903886
20260809,1,664.1893793339594,664.4025934736795,10.495416666666667,8.709583333333333,0.9996790889412316
20260810,1,635.9203700876984,643.7405819928131,14.346666666666664,11.35416666666667,0.9878519202861099
20260811,1,714.4488611250075,724.7365887937062,38.64541666666667,38.62458333333334,0.9858048733460218
20260812,1,879.1804240938798,927.5544634804529,29.32375,-27.204583333333332,0.9478477638875676
20260813,1,900.2883061739192,1071.1523662795032,49.625,-49.35166666666667,0.8404857558229029
20260814,1,781.8626261808395,794.9977312615922,19.29958333333333,-18.25958333333333,0.9834778080939822
20260815,1,653.0348942620763,661.6347580558697,22.310833333333335,-22.310833333333335,0.987002097926259
20260816,1,573.0125610261412,582.0370860198602,44.774166666666666,-44.774166666666666,0.9844949313188419
20260817,1,236.92040797778856,253.03409956520574,57.43541666666667,-57.43541666666667,0.9363181025201516
20260818,1,235.288494419654,251.64934448168955,52.55708333333334,-52.55708333333334,0.9349855248153607
20260819,1,265.41805022254994,295.00305062810884,45.01541666666666,-27.78958333333333,0.8997129001121592
20260820,1,440.6325474567134,446.1118024712655,36.165416666666665,-0.6020833333333341,0.9877177537464837
20260821,1,212.29310474402388,238.79199637843124,40.96625,-28.29625,0.8890293978177869
20260822,1,600.0916114272012,606.5080854033786,22.182500000000005,22.03166666666667,0.9894206291216878
20260823,1,682.5288345658955,696.0207327539101,51.384166666666665,51.384166666666665,0.9806156662393778
20260824,1,515.3428495875396,644.4317769259702,35.59458333333333,32.58125,0.7996856580316339
20260825,1,475.8459345896312,489.23093194946694,23.005833333333328,21.62333333333333,0.9726407377667234
20260826,1,380.2528880493633,399.59364414669625,15.353749999999996,13.672916666666666,0.9515989396211901
20260827,1,637.3264020243765,652.7369792399786,24.38666666666667,23.00333333333334,0.9763908316738151
20260828,1,233.8742531571513,245.76711781471295,27.4525,27.4525,0.9516092113407627
20260829,1,672.6896933389826,713.7789517480011,36.27625,13.132083333333329,0.942434197158107
20260830,1,717.8127583762052,717.8137583762051,16.393749999999997,7.310416666666669,0.9999986068809796
20260831,1,672.603885640199,701.2461517179913,32.95041666666667,32.27041666666667,0.9591551896468575
20260901,1,694.9817477510436,743.0454439616719,15.152083333333335,-2.780416666666667,0.9353152669177693
20260902,1,511.13619474642405,514.6113618024431,12.890833333333328,-12.017499999999998,0.993247006743405
20260903,1,607.2857459789197,638.7379205739014,16.16625,-4.891250000000006,0.950758873738509
20260904,1,575.8649106218235,575.8805832175524,58.88125,58.88125,0.9999727849901774
20260905,1,411.263696364628,519.0917153480395,40.60666666666667,37.7275,0.7922755925489675
20260906,1,804.0475192711472,813.5256599383409,31.865833333333338,-29.165000000000003,0.9883493033668881
20260907,1,650.4275581915009,737.164508293238,47.63333333333333,-47.22333333333333,0.8823370507859097
20260908,1,904.6572886461408,908.2892193345039,15.897499999999999,0.6383333333333354,0.9960013499983804
20260909,1,531.0720040026173,534.673421555386,20.3475,20.3475,0.9932642667325935
20260910,1,1034.9383287951855,1090.0263483544961,63.86833333333333,-63.86833333333333,0.9494617541654186
20260911,1,453.2420188982414,527.688240066064,113.68666666666667,-113.68666666666667,0.8589200677307072
20260912,1,669.5500429995974,759.0303835313734,87.83708333333334,-87.83708333333334,0.8821123073947704
20260913,1,438.2773532940905,452.15339482993875,58.23,-58.23,0.9693112078898197
20260914,1,1401.903905191607,1417.702080751867,99.72958333333332,-99.72958333333332,0.9888564912369449
20260915,1,848.0115597607651,873.4529891798818,33.40958333333334,-33.12291666666667,0.9708725830304792
20260916,1,516.0333077069263,557.6447025450884,38.47708333333333,-38.47708333333333,0.9253800948018552
20260917,1,792.1425073238479,795.3522293635817,55.137083333333344,54.37125,0.9959644017817085
20260918,1,822.8486417375323,856.2186957155734,79.95,79.95,0.9610262493157166
20260919,1,397.0467696342947,406.322728824341,99.26791666666668,99.26791666666668,0.9771709566509226
20260920,1,306.7486703326623,311.12079191899284,143.66166666666666,143.66166666666666,0.9859471893235958
20260921,1,1189.919825891208,1217.5093134166818,149.49791666666667,149.49791666666667,0.9773394033035773
20260922,1,1289.3574869858326,1298.714026635952,52.504583333333336,-48.937083333333334,0.9927955350768363
20260923,1,852.768629948505,865.9837506345431,27.72333333333333,6.733333333333335,0.9847397590585796
20260924,1,905.3962711225272,933.0344776582991,31.933749999999993,-3.0579166666666677,0.9703781508641166
20260925,1,905.8251476303108,915.8019781774626,60.812083333333334,-60.812083333333334,0.989105908498902
20260926,1,730.4311622540845,776.0202204578405,113.04583333333333,-113.04583333333333,0.9412527444492887
20260927,1,616.8750640554977,698.1295221181223,84.40583333333333,-84.2975,0.883611198941854
20260928,1,700.7470796487141,723.7529116682138,90.64916666666666,-89.94749999999999,0.9682131406332137
20260929,1,526.810449448811,555.8821749396667,66.66000000000001,66.66000000000001,0.9477016411004526
20260930,1,876.9815538966886,899.7637673307523,40.19416666666666,30.78333333333333,0.9746797834484382
20261001,1,515.2513302754355,524.0695409477474,55.18166666666667,-53.57750000000001,0.9831735867412468
20261002,1,617.3987626590028,635.6407626590028,28.38833333333334,-24.204166666666666,0.9713013999862276
20261003,1,520.9437041266877,521.5581485711323,20.74791666666667,-20.122083333333332,0.9988219061553771
20261004,1,545.1429587923902,568.4462189817561,57.48166666666666,-57.48166666666666,0.9590053387440794
20261005,1,789.0988827690351,818.8181588354291,42.532916666666665,42.245416666666664,0.9637046690456126
20260410,2,653.5117144234508,680.3441415551512,53.27425196035346,-44.37824702191173,0.9605605082886934
20260411,2,330.5198769738954,532.0875023560592,58.437491796592205,36.74932118723144,0.6211757944142053
20260412,2,478.22418406434053,505.01790670426936,49.981880104898266,-49.981880104898266,0.9469450047528338
20260413,2,129.7456342474292,265.72962390196744,44.009203107149176,-43.6848820517258,0.48826183675815815
20260414,2,370.6559227558566,381.9484882594316,24.172630360474113,-24.172630360474113,0.9704343233428253
20260415,2,409.4243753152157,423.7506312706433,8.708723617267678,-2.240495766543802,0.9661917767238024
20260416,2,444.63843445578874,454.44777702336876,15.218341873052466,-15.218341873052466,0.9784148078975516
20260417,2,439.52444321553946,445.35016663006195,12.627992060165903,-0.14581413742948182,0.9869187802070326
20260418,2,483.4759801240382,519.567970618102,19.90428093816117,-15.553715568297008,0.9305346123412359
20260419,2,424.508350503878,455.20568928371455,14.414795577851315,-10.390718856703428,0.9325638068624754
20260420,2,287.9169294716868,356.81487279276797,13.042835780032211,1.4249870086656866,0.8069084318660228
20260421,2,555.6127501802853,556.0777501802851,23.279940741308437,23.279940741308437,0.9991637859996214
20260422,2,597.1208297643349,609.1659126170983,18.256698050837795,10.922909346141273,0.980226925697442
20260423,2,636.5690886437377,639.5423718517593,17.015903848225573,16.29096319726791,0.9953509206912865
20260424,2,623.1367362741287,623.6066019050315,9.12160680853883,0.4197990501098525,0.9992465351882621
20260425,2,834.4204873508622,919.2079587923904,47.83985568094544,45.174848649882414,0.9077602944681661
20260426,2,1861.3121881156567,1917.859389517037,68.63961484862008,27.92555264622823,0.9705154602519529
20260427,2,603.4680301844717,675.6917398875271,48.78107239254853,-42.89304336019821,0.8931114509183175
20260428,2,546.5940922693112,547.8407054121949,23.41450785732802,23.198253679743868,0.9977244970471011
20260429,2,729.3855777142871,731.9009040438675,14.881382063200375,10.441525665143407,0.9965632965942756
20260430,2,688.3780765341617,688.9151248913012,10.391992923685722,-4.839469855123702,0.99922044336416
20260501,2,2057.3332780247706,2104.767611358104,79.67153350308192,50.93586395327804,0.977463386894895
20260502,2,930.4214618217469,952.7679115991166,53.3174107024958,-52.67187334951928,0.9765457573609257
20260503,2,552.0567820641529,553.0987820641528,37.01582993880324,-35.13607906500018,0.9981160688944004
20260504,2,488.0998481842896,569.7011094077105,45.64119079317976,-43.47917821978572,0.8567647844178193
20260505,2,213.9105152200443,221.99707077559975,23.052588960947606,-15.666217553152189,0.9635735934384037
20260506,2,202.4881879009433,209.98222045805437,20.716973622552814,-20.556558315188834,0.9643111090988389
20260507,2,353.70075052513045,353.70075052513045,37.510341537669625,-37.510341537669625,1.0
20260508,2,283.075456115942,288.094239839015,19.963337321547755,-16.237785406755073,0.9825793680363847
20260509,2,506.13213409713984,537.47213409714,29.328935543910493,-12.696003542846368,0.9416900002589976
20260510,2,484.67443473548815,485.13408007862324,13.774151833866673,-6.951365009628261,0.999052539572028
20260511,2,51.195113077978036,137.59939414879233,38.9789081765123,-21.668307403304564,0.37205914600625706
20260512,2,376.48739261573166,416.2113401098772,23.477846943984762,17.96833766029339,0.9045582287987188
20260513,2,321.36151077117836,323.35151077117837,19.449688198750476,-19.449688198750476,0.9938457068122121
20260514,2,445.0268975389596,513.1167700479166,31.742110652658557,-22.774496796655228,0.8673014087951197
20260515,2,362.9553561045416,363.50535610454165,18.558261938537466,-18.558261938537466,0.9984869548941615
20260516,2,523.5263979242006,524.5221653038125,20.16326094760858,-3.7867343291218507,0.998101572353887
20260517,2,563.9618912245767,574.4673457630312,21.2594294953934,-18.778215890169413,0.9817127037490692
20260518,2,370.2979862478436,414.23457745893757,41.56404568509513,-41.56404568509513,0.8939330669095354
20260519,2,307.8115852940461,315.38587652374883,11.127967867902868,-7.440485717225429,0.9759840506709171
20260520,2,401.5708539875458,429.2590159742663,11.40108317441664,-1.4175653898954386,0.935497774172831
20260521,2,646.7575030494872,649.0407876485298,24.447049567655913,-15.220046345813053,0.9964820630035982
20260522,2,665.5210532720641,687.8370618047659,19.626802397650255,-5.582904882879895,0.9675562574744833
20260523,2,666.7180133745778,689.2912289945477,24.157086311228337,-6.234044596352405,0.9672515554087393
20260524,2,750.8476385499839,757.8595159133123,18.63608427444551,1.1418927783077162,0.9907477873984624
20260525,2,700.2212206727683,700.5292206727684,20.11495187448592,-17.02312178912891,0.9995603324016886
20260526,2,708.8172775787359,732.788128739865,17.85050289414176,-6.3225241828942,0.9672881557151446
20260527,2,571.9904902788421,575.1599855623716,14.280921099469325,8.72761786825908,0.9944893675445268
20260528,2,1150.1150560458836,1157.241293828857,42.22408580098224,-39.59861107987302,0.9938420467529332
20260529,2,735.0323134694929,743.252313469493,11.428516156193796,3.2727862573775464,0.988940498601842
20260530,2,600.8774181689296,607.701583144504,19.00669279367877,-13.266001096541459,0.9887705328324746
20260531,2,573.5544313816044,577.4744694865686,22.57083453452243,-22.57083453452243,0.9932117551301455
20260601,2,650.1576110461522,766.2249423719293,56.9684254637958,-54.70675200178308,0.8485205519850626
20260602,2,218.54799464672985,244.23779660307727,22.093459718910946,6.534761414541042,0.8948164358111321
20260603,2,305.2187062031814,355.7395793325714,16.4085080310386,2.868676543628805,0.8579835473348908
20260604,2,446.06775023704745,449.2192304910837,32.47830269916539,32.47830269916539,0.9929845384165966
20260605,2,512.777892124976,555.1116269799429,30.722307011961565,-30.722307011961565,0.9237383387458816
20260606,2,430.1625466698382,542.9993570453098,20.708556346116335,-11.954784455728834,0.792197156568537
20260607,2,613.3122064462764,673.9426517261347,35.96870753351178,24.68861694929117,0.9100361950314783
20260608,2,369.6459565579453,474.0006698825158,42.672041640197854,-35.72074137092141,0.7798426880906402
20260609,2,454.92244215302344,544.4914357899412,20.995800317922676,16.45148878083155,0.8354997200149307
20260610,2,416.3347513848404,435.77979984738806,30.09225885517738,-30.09225885517738,0.9553787291899317
20260611,2,387.53277618389666,390.2572206283409,14.953218202523244,-12.444837716044661,0.993018849362844
20260612,2,171.8148620661501,215.54053309240095,20.139313852000964,5.02569630414828,0.797134810799109
20260613,2,268.7400218626923,493.207455763034,47.62050456801,46.6381132329798,0.544882318226371
20260614,2,479.11489124086313,487.1178590406116,15.03099711908577,8.7254681239272,0.9835707772744968
20260615,2,570.9697110654555,597.1578589797375,20.636707847843823,-2.3896795924331866,0.9561453516511944
20260616,2,395.6507495396145,400.1449789845754,26.760487768025,-26.760487768025,0.9887684972172694
20260617,2,298.1102658181701,304.31731779276663,12.996172972567258,-12.995997138073195,0.9796033560639378
20260618,2,1212.2306630691269,1219.9360362999466,50.11018626257452,-40.06030680614133,0.993683789148331
20260619,2,587.5551617431179,606.0906736256186,21.62016982704502,9.043768387681503,0.9694179226160637
20260620,2,618.9484688660823,636.7395799771934,25.3327823345946,-19.610690403481694,0.9720590463188288
20260621,2,552.8833530912314,552.8841367210177,18.256618931167072,-17.482043048738152,0.9999985826509854
20260622,2,651.0745420183266,716.8548463916607,33.408461797334475,-31.398973309792794,0.9082376234122657
20260623,2,1408.7021164070843,1414.8592704978223,59.93100469692507,-59.93100469692507,0.9956482215446264
20260624,2,1855.7963615950978,1857.4610754063392,70.05251028834356,-70.05251028834356,0.9991037692077196
20260625,2,707.4841995682757,721.8813832556789,44.34189235267596,21.880235323268078,0.9800560257940549
20260626,2,850.19079740186,853.5507974018601,19.796377391487297,-19.796377391487297,0.996063503179626
20260627,2,714.545261008226,730.6803254654914,17.609089513383562,-5.788372532254239,0.9779177515872126
20260628,2,581.6747134459979,586.5464279141964,13.894591172729136,-3.4553995359758,0.9916942389615725
20260629,2,595.6987061706084,662.6000606084876,41.64028078084825,-38.69906350109606,0.8990320731687806
20260630,2,1156.1335716388603,1206.3715893574304,50.80033323272503,-50.80033323272503,0.9583561000924026
20260701,2,398.0926635884775,468.0567350819622,47.371540237187084,6.263216841456031,0.8505222417508143
20260702,2,358.34599089935523,456.43244879169345,57.24929150746078,55.87176439413694,0.7851019178149998
20260703,2,508.7897935532425,523.3005857278526,28.08889516177375,25.613604453925088,0.9722706364747762
20260704,2,460.37259336832494,508.54965387962824,13.129753959085063,-4.887949531603247,0.9052657687528254
20260705,2,510.30286638904954,520.690685743258,10.385313705558653,-3.502214365983727,0.9800499228454982
20260706,2,438.96302030149116,496.96973436001883,25.031687761985097,-1.316244875465511,0.8832791817126916
20260707,2,422.259345345351,469.2061015765529,41.83452966214539,41.83452966214539,0.8999442759302175
20260708,2,514.6447453624384,522.8817453624383,14.424778651754414,-10.010972660185883,0.9842469161085544
20260709,2,526.2010974887119,541.6415921679883,37.31518202245004,-37.31518202245004,0.9714931517399285
20260710,2,429.5607538424364,448.5529199534687,20.279594099724907,-20.279594099724907,0.9576590291442033
20260711,2,577.2659779300157,580.905855950301,26.47536513556022,-10.167757432713984,0.9937341343988849
20260712,2,575.3517517010108,575.8970606246139,14.103388124479267,-0.4963554651221447,0.9990531138967584
20260713,2,419.6583400774646,483.0838486546736,27.87570043604821,-23.753479019873186,0.8687070396705646
20260714,2,404.42154001093047,404.6548733442636,14.474734550863625,-14.474734550863625,0.9994233769350045
20260715,2,465.00747715149754,466.62554367703297,27.40347353619236,-27.40347353619236,0.9965324090216215
20260716,2,574.3687946401083,583.2584380691337,44.25294883242339,-44.25294883242339,0.9847586543994897
20260717,2,187.5880591932234,196.29566142697433,21.917492607477953,-7.545755728433654,0.9556403734527248
20260718,2,504.5024737975071,562.3088090734111,34.21737829737274,16.659854461035277,0.8971982399294811
20260719,2,568.114227700871,576.6690502223898,14.220310300874829,-0.11952071566100919,0.9851651089680992
20260720,2,638.9639186637435,665.8856371224915,21.128428183196938,-5.336407444749653,0.9595700568417641
20260721,2,602.0199257081326,609.3500257559506,11.714401522107899,-3.380509306948424,0.9879706248658572
20260722,2,571.6435080012035,581.026915889817,11.43604581870629,8.685747899278516,0.9838503042940046
20260723,2,661.5505940820444,700.3881473422275,23.41206922271115,-17.633574181945452,0.9445485286871851
20260724,2,617.6134363373787,643.1135169475269,21.64370812955532,-19.436835305386335,0.9603490209144075
20260725,2,663.6365492206673,664.3805643839763,28.02703187342662,0.1934006829983709,0.9988801370732469
20260726,2,561.2216643953767,563.2013336737463,18.75050171407901,-10.00975341816009,0.9964849705424946
20260727,2,650.127854226716,792.3949912764529,29.471928265839683,17.84939472607906,0.8204593181229456
20260728,2,767.1405898562225,798.2976334603404,27.755751700026277,-16.517340423207784,0.9609706426548416
20260729,2,884.5182900613511,897.5100393253783,25.202192648079237,-22.38040307421581,0.9855246752740586
20260730,2,627.6779837536166,662.5867943765352,16.527200499698605,-13.36022259750918,0.947314358029477
20260731,2,343.1227960798824,347.0657960798824,34.63928589044623,-34.63928589044623,0.9886390418055128
20260801,2,599.1879119559762,645.2354705531965,31.42185693793185,-18.954581186297464,0.9286344897348233
20260802,2,659.9172727406512,681.6272289580232,25.10611914852767,-11.217738191716107,0.9681498107835874
20260803,2,583.5755724787066,634.2586342350943,22.786144655590615,-19.324381135064588,0.9200908603829877
20260804,2,476.4838210289872,485.8980722963252,26.964578812105984,-26.964578812105984,0.980625049153114
20260805,2,704.2740098584705,721.588293565337,32.14409747808566,16.17954488108808,0.9760053151343167
20260806,2,622.1084643320999,635.1799772689466,18.017775580630975,6.420764393809819,0.9794207730019298
20260807,2,590.121066987696,608.1101660703428,20.921031799119394,-19.31180460293812,0.9704180260644322
20260808,2,671.5307436995669,705.075855427106,27.222281261274432,-6.607007572037915,0.9524234003060296
20260809,2,664.3845699885914,664.4025934736795,14.845099311506067,-11.659166861785748,0.9999728726448914
20260810,2,581.2573700876983,643.7405819928131,20.329117523253178,-6.152023445091204,0.9029372799339651
20260811,2,717.17444982986,724.7365887937062,16.19881345592888,9.551687292053659,0.9895656724377155
20260812,2,904.7971388012487,927.5544634804529,33.5113490512236,-32.98512825401729,0.975465241583969
20260813,2,1069.9856996128365,1071.1523662795032,36.772008130163904,-34.996215673342256,0.9989108303324586
20260814,2,793.2972546250127,794.9977312615922,17.079373362378394,-15.7166163421275,0.9978610295731524
20260815,2,624.2280913892031,661.6347580558697,25.669734648504914,-21.14613563389205,0.9434632685009152
20260816,2,569.4358453412659,582.0370860198602,45.13312914702325,-45.13312914702325,0.9783497633032884
20260817,2,142.30106138324132,253.03409956520574,42.43263921041989,-41.63133611037205,0.5623789901351655
20260818,2,248.32534448168974,251.64934448168955,18.58270415224789,-18.58270415224789,0.9867911438162253
20260819,2,293.99909283720035,295.00305062810884,28.168373743478867,-28.168373743478867,0.9965967884441503
20260820,2,443.70699190115766,446.1118024712655,16.656853931848573,-11.978683736916588,0.9946093993550804
20260821,2,203.77504896539733,238.79199637843124,38.43861090664877,-38.43861090664877,0.8533579519242346
20260822,2,500.4162090458043,606.5080854033786,37.25922416867292,20.231392160179833,0.8250775564071593
20260823,2,693.9768787256211,696.0207327539101,25.860205664238624,4.64466049906934,0.9970635155935625
20260824,2,543.4120853224272,644.4317769259702,30.8823207189767,-24.172411386267854,0.8432422248241371
20260825,2,471.8286148744248,489.23093194946694,9.547012226642332,-5.845159295826574,0.9644292379353486
20260826,2,398.1690925005787,399.59364414669625,20.478343244998946,-20.39032853149974,0.9964349992373889
20260827,2,652.0006459066452,652.7369792399786,18.471456715640198,4.931280627765677,0.9988719294957201
20260828,2,244.55915878689018,245.76711781471295,21.142590190602167,-17.22456836142094,0.9950849444849922
20260829,2,654.7665497438622,713.7789517480011,43.722273604239966,15.890697594187328,0.9173239812415019
20260830,2,717.7880274144966,717.8137583762051,23.565383405346765,-1.1981973230052685,0.9999641537078271
20260831,2,693.0021517179914,701.2461517179913,34.01743462117694,-0.7818699638919423,0.98824378575226
20260901,2,646.804438616518,743.0454439616719,28.03996412169779,-27.484089351248628,0.8704776321189337
20260902,2,513.0218954180392,514.6113618024431,33.335339905075394,-33.335339905075394,0.9969113266779872
20260903,2,627.9287791929883,638.7379205739014,17.909553116596324,4.116904118271782,0.9830773451320985
20260904,2,572.1649106218235,575.8805832175524,40.976822481288885,40.84486181077866,0.9935478418546972
20260905,2,441.0056453632126,519.0917153480395,34.481280025842544,24.160861121930548,0.8495717275463124
20260906,2,718.9865074130225,813.5256599383409,52.871177275661005,-50.89698377771421,0.8837908167119354
20260907,2,584.9295581915012,737.164508293238,39.83279983459024,-39.83279983459024,0.7934857845310439
20260908,2,903.6610604665019,908.2892193345039,19.693865681897478,-0.21294741850780122,0.9949045317620383
20260909,2,531.0720040026173,534.673421555386,15.083107730855978,-9.037218593727326,0.9932642667325935
20260910,2,1034.9383287951855,1090.0263483544961,68.3439378028461,-68.3439378028461,0.9494617541654186
20260911,2,526.988280251473,527.688240066064,50.76748402542353,-49.30165145184382,0.9986735353160355
20260912,2,651.9935406312027,759.0303835313734,46.28038259553259,-10.15192737198141,0.858982136654156
20260913,2,445.9940647085031,452.15339482993875,58.08842836145913,-58.08842836145913,0.9863777864064203
20260914,2,1004.0587571476741,1417.702080751867,96.78091816668012,-96.78091816668012,0.7082297266680878
20260915,2,823.9770025710668,873.4529891798818,36.24901676214372,21.94019381151077,0.9433558677779901
20260916,2,541.8467260504146,557.6447025450884,31.83675849525721,-28.039505356113832,0.9716701756107933
20260917,2,793.4460976751247,795.3522293635817,28.332061609377785,19.620698829907827,0.9976034118996785
20260918,2,822.5058461685095,856.2186957155734,31.10478220312565,26.57022136344297,0.9606258894885624
20260919,2,359.67030952774934,406.322728824341,65.60024354785159,64.65569771096415,0.8851838305192122
20260920,2,310.8697275468975,311.12079191899284,46.69155288433714,46.69155288433714,0.9991930324857211
20260921,2,1124.6502002048883,1217.5093134166818,52.893378046169914,-6.805737552574386,0.9237302645749755
20260922,2,1281.13087187998,1298.714026635952,101.99052542359921,-101.99052542359921,0.9864611035259876
20260923,2,852.768629948505,865.9837506345431,38.32162154358977,0.24598661309474915,0.9847397590585796
20260924,2,920.8818109916324,933.0344776582991,30.686709116772168,3.005106327672174,0.986975115113466
20260925,2,891.5264763078601,915.8019781774626,47.02489111492317,-47.02489111492317,0.9734926300138451
20260926,2,759.4979982356184,776.0202204578405,38.62613788825142,-37.920583366591266,0.9787090313027227
20260927,2,596.4204136348935,698.1295221181223,27.965814750622133,-4.179739759681765,0.8543119789940358
20260928,2,587.3023013844265,723.7529116682138,73.6613125171268,-73.62112071244141,0.8114679636047675
20260929,2,526.8104494488113,555.8821749396667,24.823028085933746,21.334705193458536,0.9477016411004531
20260930,2,874.231013346277,899.7637673307523,29.426164906376314,2.8591593039778047,0.9716228248885582
20261001,2,515.1993302754353,524.0695409477474,62.83696280865232,-62.83696280865232,0.9830743632681439
20261002,2,634.1127626590028,635.6407626590028,35.694820796311994,-35.694820796311994,0.9975961264762063
20261003,2,502.831704126688,521.5581485711323,49.76780517493652,-49.76780517493652,0.9640951934204317
20261004,2,553.5192189817559,568.4462189817561,34.58225183697224,-34.58225183697224,0.9737406996448342
20261005,2,719.909936613207,818.8181588354291,23.377431429666824,14.601288665489013,0.87920612024177
20260410,3,673.509588335497,680.3441415551512,45.76603380507924,-45.76603380507924,0.9899542704901794
20260411,3,494.0578769738954,532.0875023560592,49.29086513044707,29.471052918568414,0.9285274974251974
20260412,3,483.51806144395493,505.01790670426936,26.318722299790227,-24.221009481248448,0.9574275585580287
20260413,3,263.54851431163536,265.72962390196744,44.785982387278246,-44.785982387278246,0.9917919968488845
20260414,3,379.785718255942,381.9484882594316,35.22986133196971,-35.22986133196971,0.9943375348509809
20260415,3,395.3078264430244,423.7506312706433,28.027412052512418,-28.027412052512418,0.9328784366826043
20260416,3,345.20192675452256,454.44777702336876,28.89526503268313,-23.572994638351574,0.759607471326175
20260417,3,394.7942865617445,445.35016663006195,38.98252812388945,38.59825450984219,0.8864806081675668
20260418,3,499.5875911459479,519.567970618102,54.09484327594094,54.09484327594094,0.9615442432904697
20260419,3,435.39030008258004,455.20568928371455,47.75045903281705,47.75045903281705,0.9564693727085993
20260420,3,338.2369892246296,356.81487279276797,51.21197211740277,51.21197211740277,0.9479341109782493
20260421,3,506.61729346809926,556.0777501802851,82.92796608928485,82.92796608928485,0.9110547820045842
20260422,3,583.5427784466958,609.1659126170983,68.73237109759107,68.73237109759107,0.9579373473799274
20260423,3,544.7374561524664,639.5423718517593,63.770515444711926,58.15826230531173,0.8517613220453392
20260424,3,577.1185880151615,623.6066019050315,29.982672166925937,13.80753478103743,0.925452979894928
20260425,3,827.0295081473009,919.2079587923904,66.61896474179595,66.22258329442512,0.8997196991568819
20260426,3,1889.0733981389144,1917.859389517037,84.81003792763639,58.996390944625766,0.98499056211552
20260427,3,611.2923323233074,675.6917398875271,25.91663868684465,-12.027949401388511,0.904691142776232
20260428,3,491.70023084794343,547.8407054121949,30.14507446106761,19.748729331984688,0.8975240904707666
20260429,3,708.0233338400814,731.9009040438675,28.85271857039275,4.851073324055815,0.9673759520286711
20260430,3,661.4656227986549,688.9151248913012,23.346711916666237,8.476762995431132,0.9601554660351268
20260501,3,1954.2587948711084,2104.767611358104,120.98384659215311,120.98384659215311,0.9284914801639884
20260502,3,945.2615289596521,952.7679115991166,47.13943558371801,44.62685534428067,0.9921214993199489
20260503,3,545.1903903891895,553.0987820641528,19.62292075241922,4.627482536575711,0.9857016649983401
20260504,3,521.6198481842898,569.7011094077105,26.45643965028614,-24.854322157136888,0.9156026547439791
20260505,3,220.72784024783135,221.99707077559975,17.485519293328302,-6.794433051152158,0.9942826699319318
20260506,3,209.91422045805444,209.98222045805437,26.092120949851004,-20.598672735693004,0.9996761630587028
20260507,3,347.29232078567856,353.70075052513045,30.925928357384553,-17.822263907804274,0.9818817751165712
20260508,3,281.46977073744665,288.094239839015,37.91184021211173,29.769498218471785,0.9770058953442802
20260509,3,537.4564615014112,537.47213409714,24.180225259312948,24.180225259312948,0.9999708401706162
20260510,3,484.3531465230468,485.13408007862324,20.744339922473138,15.37561263172237,0.9983902727356324
20260511,3,128.99705429837655,137.59939414879233,29.09022199609318,7.813524088337377,0.9374827200102809
20260512,3,403.2174524173736,416.2113401098772,44.1080616248058,44.1080616248058,0.9687805534345284
20260513,3,321.36151077117836,323.35151077117837,23.286978626183465,18.077425399139173,0.9938457068122121
20260514,3,374.20262879681417,513.1167700479166,49.290788859701394,34.659474719325054,0.7292738235038972
20260515,3,325.3189140163433,363.50535610454165,31.421452636052397,-31.372629664407345,0.8949494376164949
20260516,3,520.6766088033237,524.5221653038125,39.065067765396755,-39.065067765396755,0.9926684575888964
20260517,3,557.010712715992,574.4673457630312,58.622461510340464,-58.622461510340464,0.9696124885499757
20260518,3,396.5340474607983,414.23457745893757,78.39877523233682,-78.39877523233682,0.9572693083548925
20260519,3,281.86141204539155,315.38587652374883,49.598811396321935,-49.598811396321935,0.8937033425596885
20260520,3,424.87524384574436,429.2590159742663,36.05061918025245,-36.05061918025245,0.9897875828686503
20260521,3,572.2160676690028,649.0407876485298,24.94548395507221,-21.651483520030677,0.8816334482492811
20260522,3,651.1145234240271,687.8370618047659,27.711826913708236,24.91038647795209,0.9466115735543746
20260523,3,687.433376353222,689.2912289945477,18.12328724354495,6.0877291064991645,0.9973046913072784
20260524,3,754.0277676713256,757.8595159133123,23.385009735473847,14.752169809704304,0.9949439861062258
20260525,3,599.6234804524635,700.5292206727684,46.09686049588901,40.57889748799989,0.8559578426672939
20260526,3,717.6162339989673,732.788128739865,44.033627284435426,43.26119081398599,0.9792956597604987
20260527,3,552.7521569455085,575.1599855623716,59.87223794918986,59.87223794918986,0.9610407031446155
20260528,3,845.2479312599364,1157.241293828857,66.57050814529806,48.151591154444446,0.7303990410360687
20260529,3,736.1056098171405,743.252313469493,195.5907432200514,195.5907432200514,0.9903845524287819
20260530,3,601.1726345391431,607.701583144504,185.58293720454665,185.58293720454665,0.9892563245078657
20260531,3,571.8974937219007,577.4744694865686,185.76557967878605,185.76557967878605,0.99034247216223
20260601,3,703.1198603708125,766.2249423719293,165.7816656851642,165.7816656851642,0.9176415716698436
20260602,3,218.3313279800632,244.23779660307727,202.17786127418626,202.17786127418626,0.8939293222288771
20260603,3,315.64926995882195,355.7395793325714,214.1772536879024,214.1772536879024,0.8873043324305782
20260604,3,387.8805334329742,449.2192304910837,202.3487815297162,182.7973860631043,0.8634548725996115
20260605,3,495.0542201253842,555.1116269799429,104.84801411724287,-104.84801411724287,0.8918102162959582
20260606,3,506.061195780479,542.9993570453098,98.59159080764137,-98.59159080764137,0.9319738397742734
20260607,3,635.0521861082609,673.9426517261347,59.320887412325284,-56.82763238934647,0.94229410244586
20260608,3,415.937875015038,474.0006698825158,82.6229574082871,-82.6229574082871,0.8775048252951435
20260609,3,518.7327807989376,544.4914357899412,65.78327221882442,-65.78327221882442,0.9526922678707824
20260610,3,398.8162651773389,435.77979984738806,101.74862447554754,-101.74862447554754,0.9151784119342063
20260611,3,329.2581204831783,390.2572206283409,78.60571475236607,-78.60571475236607,0.8436951402284116
20260612,3,164.72222886906198,215.54053309240095,41.89467691354016,-34.85499266366866,0.7642285490611018
20260613,3,445.328347069043,493.207455763034,28.89702030375464,18.551806145183516,0.9029229827438072
20260614,3,446.8321079274607,487.1178590406116,35.67462914405902,13.28880978940263,0.9172977332580363
20260615,3,584.9514837130605,597.1578589797375,28.610523303919795,21.053118738772742,0.9795592152340891
20260616,3,396.9140794298356,400.1449789845754,34.62961124663741,-34.62961124663741,0.9919256776307961
20260617,3,278.77173355301323,304.31731779276663,36.03652632822827,-36.03652632822827,0.9160560942603031
20260618,3,857.8495614682242,1219.9360362999466,72.31208309866622,-10.339596798715474,0.7031922461033884
20260619,3,590.7932615679454,606.0906736256186,210.69556938155742,210.69556938155742,0.974760522272741
20260620,3,636.0747799471837,636.7395799771934,206.72898539395453,206.72898539395453,0.9989559310416458
20260621,3,552.8763004231532,552.8841367210177,211.69679609063493,211.69679609063493,0.9999858265098526
20260622,3,681.8195580088794,716.8548463916607,220.78021231673424,220.78021231673424,0.9511263841499659
20260623,3,1388.2343386293066,1414.8592704978223,180.3340514685069,155.01778417023033,0.9811819221715615
20260624,3,1822.6325408376933,1857.4610754063392,182.44593221490445,119.80202424212462,0.9812493865794594
20260625,3,512.7822806611437,721.8813832556789,150.42078901220302,150.19448099270315,0.7103414668328195
20260626,3,839.2122542397451,853.5507974018601,35.68935145194871,12.645293967032755,0.9832013007242681
20260627,3,728.2510731275207,730.6803254654914,28.654182789178126,26.127811369656555,0.9966753554826825
20260628,3,585.3709832345332,586.5464279141964,35.69091135728609,35.69091135728609,0.9979959903875927
20260629,3,644.2769919172839,662.6000606084876,29.24798247016284,21.51468777654027,0.9723467144352854
20260630,3,1192.6813267672844,1206.3715893574304,42.315750769095025,-32.0582188089246,0.9886517034130106
20260701,3,428.02197650268363,468.0567350819622,18.200307913803567,2.209017119564335,0.9144660132445952
20260702,3,57.14320550566832,456.43244879169345,80.20913043932462,45.52463435588587,0.12519531785468505
20260703,3,499.54956187773473,523.3005857278526,80.57079884588414,-80.57079884588414,0.9546130379023312
20260704,3,428.7239040925665,508.54965387962824,104.6286389478151,-104.6286389478151,0.8430325354110728
20260705,3,556.6654395006315,520.690685743258,115.11230944308483,-115.11230944308483,1.0690904499396248
20260706,3,413.9768487357859,496.96973436001883,98.92094881428478,-98.92094881428478,0.8330021329546186
20260707,3,153.37222631801941,469.2061015765529,84.62983538207136,-83.78196839083678,0.32687602697979007
20260708,3,386.06388189715017,522.8817453624383,120.85381431231866,-120.85381431231866,0.7383388028387717
20260709,3,678.1396005180687,541.6415921679883,131.52491346217502,-131.52491346217502,1.2520079889059665
20260710,3,439.52678042178627,448.5529199534687,43.26390388914202,-43.26390388914202,0.9798772025993749
20260711,3,578.6539961673486,580.905855950301,41.48239595253839,-41.48239595253839,0.9961235374718876
20260712,3,575.2567993646688,575.8970606246139,32.26393145256992,-30.99703564003012,0.9988882366247005
20260713,3,481.87751532134035,483.0838486546736,31.09661875849271,-27.41408970439463,0.997502848963606
20260714,3,402.4181359668226,404.6548733442636,39.81171032125821,-32.876482825442885,0.9944724813049809
20260715,3,465.2022103436997,466.62554367703297,51.22781008826013,-51.22781008826013,0.9969497312082032
20260716,3,499.0890106776514,583.2584380691337,77.91885319382955,-63.577962928174344,0.8556910249423504
20260717,3,176.71805919322344,196.29566142697433,34.2393981528649,31.72661430338353,0.9002647226564703
20260718,3,552.6624737975071,562.3088090734111,55.3480169390231,55.3480169390231,0.9828451286548409
20260719,3,566.6829456730019,576.6690502223898,51.87222194908452,51.87222194908452,0.9826831272711153
20260720,3,665.1742448108088,665.8856371224915,71.9895618327319,71.9895618327319,0.9989316599247329
20260721,3,604.1970947917858,609.3500257559506,66.88660998804691,66.88660998804691,0.9915435615879854
20260722,3,564.3446925848408,581.026915889817,77.71248174612256,77.71248174612256,0.9712883812285561
20260723,3,592.1292197319999,700.3881473422275,55.557257332137254,25.451383528488105,0.8454300975522798
20260724,3,632.225374633802,643.1135169475269,80.04633250471042,-80.04633250471042,0.9830696416312249
20260725,3,662.1385643839764,664.3805643839763,75.07546779530517,-75.07546779530517,0.9966254280751292
20260726,3,540.3464480251631,563.2013336737463,83.71743565671002,-83.71743565671002,0.9594196883386241
20260727,3,777.3925181438055,792.3949912764529,27.636183124267706,-24.594720300532938,0.9810669258415173
20260728,3,798.2976334603404,798.2976334603404,47.52115853068896,-46.791376798388875,1.0
20260729,3,869.8819263690413,897.5100393253783,51.366872094687615,-50.246835761911235,0.9692169315709226
20260730,3,636.7332663087386,662.5867943765352,54.914579601783394,-54.914579601783394,0.9609809185947878
20260731,3,345.06360095614684,347.0657960798824,67.62709111537607,-67.62709111537607,0.9942310791027223
20260801,3,585.4628644423672,645.2354705531965,68.1732679616126,-68.1732679616126,0.9073631118580897
20260802,3,653.7497043942126,681.6272289580232,55.83615501591736,-55.83615501591736,0.9591015097703389
20260803,3,627.8255724787066,634.2586342350943,33.53062190552918,-33.53062190552918,0.9898573524913131
20260804,3,476.4838210289871,485.8980722963252,33.00706349235059,-27.884695179599586,0.9806250491531137
20260805,3,714.5117382450006,721.588293565337,27.866319651118562,18.784689056730286,0.9901930846392041
20260806,3,617.1000838866046,635.1799772689466,29.357118044070393,-14.054646869415274,0.9715357945316865
20260807,3,602.5404665829383,608.1101660703428,82.24372745906591,-82.24372745906591,0.9908409696167451
20260808,3,680.9296939919886,705.075855427106,82.21713147619697,-82.21713147619697,0.9657538103889678
20260809,3,634.3820578141631,664.4025934736795,86.40542947880635,-86.40542947880635,0.9548157458227837
20260810,3,626.1117191155984,643.7405819928131,69.98433262490285,-69.98433262490285,0.9726149579965249
20260811,3,719.4562554603729,724.7365887937062,38.63472813947474,-37.11539450580347,0.9927141344662586
20260812,3,892.3839796494352,927.5544634804529,61.7540747351631,-61.7540747351631,0.9620825674224586
20260813,3,732.4669364347503,1071.1523662795032,93.30824938113382,-59.74115348742325,0.6838120882642224
20260814,3,759.5826261808394,794.9977312615922,79.1718037039016,79.1718037039016,0.9554525708840047
20260815,3,656.8042521795383,661.6347580558697,69.17672872927166,69.17672872927166,0.9926991352592701
20260816,3,582.0370860198602,582.0370860198602,45.97925255473856,45.33028043382305,1.0
20260817,3,204.53882108179812,253.03409956520574,51.66387568581436,49.076143372100226,0.8083448888243199
20260818,3,206.67382775298765,251.64934448168955,78.9773941629432,78.9773941629432,0.8212770360227407
20260819,3,246.32509283720046,295.00305062810884,83.08247199807575,83.08247199807575,0.834991679959698
20260820,3,339.9966427394952,446.1118024712655,71.83972027552991,58.581248961892896,0.762133260891242
20260821,3,203.77504896539762,238.79199637843124,68.43322969370051,-68.43322969370051,0.8533579519242358
20260822,3,593.5040835460312,606.5080854033786,29.049736461423166,-28.313114844872572,0.9785592275349493
20260823,3,682.5079683915599,696.0207327539101,25.757991247335827,-24.27282609340232,0.980585686996873
20260824,3,617.0147186045782,644.4317769259702,44.72945580977287,-44.72945580977287,0.9574554525349833
20260825,3,481.0445037633135,489.23093194946694,34.045535237617266,-33.224526072105924,0.9832667404051243
20260826,3,358.5653951666672,399.59364414669625,45.10818237780068,-44.826125407734395,0.8973250711541172
20260827,3,638.5310233835247,652.7369792399786,22.06467435575719,-21.101054616112503,0.9782363244181527
20260828,3,230.02697441818037,245.76711781471295,39.3338611594181,-38.3695488393119,0.9359550474591997
20260829,3,654.231884589858,713.7789517480011,32.03433063412843,-19.79664697755029,0.91657491859025
20260830,3,717.231221986683,717.8137583762051,37.94266527894723,-24.629044417124337,0.9991884574755994
20260831,3,683.8601089087044,701.2461517179913,34.60120101676383,-26.325185979925198,0.9752069330196071
20260901,3,737.4471106283381,743.0454439616719,58.26243880654585,-58.26243880654585,0.9924656918647057
20260902,3,508.8088954180389,514.6113618024431,69.63754458504671,-69.63754458504671,0.9887245661190207
20260903,3,617.8987791929882,638.7379205739014,30.897086054492785,-30.541020969640385,0.9673745041437505
20260904,3,567.0403293790943,575.8805832175524,40.447952171457565,36.89716457314993,0.9846491545364041
20260905,3,472.2068701363173,519.0917153480395,35.64663467235664,34.161066624815625,0.909679072453917
20260906,3,801.0086106646224,813.5256599383409,38.785049672345274,-38.785049672345274,0.9846138236442755
20260907,3,713.0165581915012,737.164508293238,60.79135728291927,-60.79135728291927,0.9672421151180397
20260908,3,900.2286219794737,908.2892193345039,40.34521834630558,-36.096930309368865,0.9911255168690254
20260909,3,520.1598764872246,534.673421555386,35.92807195544569,-35.92807195544569,0.9728553085247048
20260910,3,557.3459658733034,1090.0263483544961,109.83507198598545,-37.82401425727795,0.5113142142982808
20260911,3,421.27670054575526,527.688240066064,146.838253707183,146.838253707183,0.7983439246116484
20260912,3,756.4624957658211,759.0303835313734,174.73391054772154,174.73391054772154,0.99661688409151
20260913,3,445.99406470850334,452.15339482993875,136.9672065200791,136.9672065200791,0.9863777864064207
20260914,3,1120.1753583188556,1417.702080751867,105.89734095170992,64.79918300957095,0.7901345236968119
20260915,3,753.2079193288707,873.4529891798818,155.72426046891152,155.72426046891152,0.8623336672487506
20260916,3,414.90663329432584,557.6447025450884,147.52357790433516,147.52357790433516,0.7440340263266081
20260917,3,688.0351553314969,795.3522293635817,152.7151600047473,143.5784494156248,0.865069751400638
20260918,3,839.910465248679,856.2186957155734,28.32965891637836,4.4592205567926575,0.9809531950791321
20260919,3,397.0710621576744,406.322728824341,51.65596895049962,45.53387644934333,0.9772307429283232
20260920,3,306.8458404261811,311.12079191899284,60.41532951662571,57.041984819786016,0.9862595120485396
20260921,3,1202.6246446493328,1217.5093134166818,40.28552293851524,4.528176344839079,0.9877744928902611
20260922,3,1179.3096552950524,1298.714026635952,115.720702578295,-115.720702578295,0.9080595351309235
20260923,3,784.3167214880775,865.9837506345431,61.47895706878697,-60.94903909319033,0.905694501673242
20260924,3,898.1584361102764,933.0344776582991,27.03798975366389,-25.314727127802612,0.962620843727497
20260925,3,884.3798326924217,915.8019781774626,31.79250048482527,-22.198122443494753,0.9656889303214062
20260926,3,734.2690141978703,776.0202204578405,40.18023634718131,-38.5941624209509,0.9461983010760497
20260927,3,668.1825786469924,698.1295221181223,23.868074280656714,6.0352487697226715,0.957104029378
20260928,3,683.983325068156,723.7529116682138,42.54078915655024,-42.54078915655024,0.9450508786093987
20260929,3,514.3179115262279,555.8821749396667,29.425597565499128,-1.572096398729834,0.9252282852603612
20260930,3,872.4607000386867,899.7637673307523,22.462647063743944,10.304580004525869,0.9696552936632876
20261001,3,493.9355590065701,524.0695409477474,50.460926281295315,-50.25342626937979,0.9425000317960057
20261002,3,609.885997493598,635.6407626590028,56.205819250686574,-56.205819250686574,0.9594822002011516
20261003,3,488.8992550793239,521.5581485711323,70.13348498905228,-70.13348498905228,0.9373820664459349
20261004,3,541.0105901523688,568.4462189817561,53.47179696464545,-53.47179696464545,0.9517357528060753
20261005,3,801.5369853029638,818.8181588354291,14.91039870421688,-1.9252494521446362,0.9788949801051754
20260410,4,641.7824319047995,680.3441415551512,61.001736962213265,-60.180710160097824,0.9433202885201508
20260411,4,386.049678954539,532.0875023560592,33.835867930654636,22.788264896911112,0.7255379561540698
20260412,4,467.18261786728345,505.01790670426936,29.567427778703387,-20.05727250081187,0.9250812924953536
20260413,4,227.68860008025734,265.72962390196744,63.92113821842989,-63.92113821842989,0.8568431202245478
20260414,4,361.46159447153053,381.9484882594316,75.2966952126496,-75.2966952126496,0.9463621550611147
20260415,4,414.2978529088501,423.7506312706433,52.96721365975483,-52.96721365975483,0.9776925916701329
20260416,4,438.55029424269264,454.44777702336876,40.083099972832734,-40.083099972832734,0.9650180205857655
20260417,4,441.7735381494713,445.35016663006195,11.68653980949763,5.927553227612751,0.9919689521895663
20260418,4,445.2475911459476,519.567970618102,29.649165524747946,25.016610588077356,0.8569573498078809
20260419,4,384.0048032458589,455.20568928371455,31.694963916099493,29.701721588792324,0.8435852457162974
20260420,4,354.38298922462945,356.81487279276797,12.996005860644681,12.339617482122302,0.9931844669222886
20260421,4,540.8485059938071,556.0777501802851,26.949545082495494,26.531248305768226,0.9726131027872621
20260422,4,589.8490210556861,609.1659126170983,34.294008495058264,31.549070805720913,0.9682896052433022
20260423,4,620.6766908409642,639.5423718517593,42.74152617218371,41.592068819113955,0.9705012805388162
20260424,4,623.3008707932745,623.6066019050315,9.979978471070252,-9.628143416235524,0.9995097372112113
20260425,4,779.63926512864,919.2079587923904,50.44048994783166,50.189254914108666,0.8481641805548454
20260426,4,1856.9803895170373,1917.859389517037,73.03769590114945,59.49026137578988,0.9682567969618824
20260427,4,662.1670301844715,675.6917398875271,32.6847683863079,-32.6847683863079,0.9799839055227952
20260428,4,543.8850634715886,547.8407054121949,7.588984843110971,-4.392195229945911,0.9927795764324777
20260429,4,731.7929040438672,731.9009040438675,7.130784042368897,-0.38001774140236044,0.9998524390400345
20260430,4,647.7372699830111,688.9151248913012,14.011207325041909,1.2867723435051135,0.9402279708769825
20260501,4,2022.5555460898274,2104.767611358104,85.13766990225541,83.419070040545,0.9609400748925296
20260502,4,893.7442458286841,952.7679115991166,31.155414557547022,21.416467098565732,0.9380503215401454
20260503,4,493.8591202640321,553.0987820641528,19.721353398813978,6.7451339048426355,0.8928949697212502
20260504,4,507.71668687876934,569.7011094077105,53.25251742871625,-51.24972254801782,0.8911983468078845
20260505,4,178.20632003543483,221.99707077559975,52.021769571539814,-46.58769002608298,0.8027417632711482
20260506,4,172.54039074620945,209.98222045805437,47.5899229945698,-41.59127559547739,0.821690476316664
20260507,4,270.9990382833671,353.70075052513045,60.145369464707734,-46.83014246253919,0.7661816885630629
20260508,4,273.6263098521964,288.094239839015,27.39696638761808,27.39696638761808,0.9497805648773013
20260509,4,475.14282185617765,537.47213409714,53.45752551385939,53.45752551385939,0.8840324766870662
20260510,4,357.519084158401,485.13408007862324,65.49317864080525,65.49317864080525,0.7369490185073365
20260511,4,126.30131622745358,137.59939414879233,24.506393072476104,24.01262582176012,0.9178915140489526
20260512,4,415.1747427304976,416.2113401098772,47.307916848443654,47.307916848443654,0.9975094446511094
20260513,4,319.4566347948135,323.35151077117837,26.849826720113473,26.849826720113473,0.987954669000693
20260514,4,419.85210335690033,513.1167700479166,44.358573633248625,37.69285390819184,0.8182389036275176
20260515,4,362.67208790978043,363.50535610454165,10.154290486439622,-9.332007418137653,0.9977076866110287
20260516,4,521.5722579139642,524.5221653038125,21.434987606259615,18.986572037134227,0.9943760100430844
20260517,4,562.6475959840327,574.4673457630312,20.78439769931904,14.443674607377524,0.9794248535340176
20260518,4,375.06604746079836,414.23457745893757,42.491119081151595,-42.491119081151595,0.905443600970221
20260519,4,300.6515852940461,315.38587652374883,28.211645125970918,-28.151730876048564,0.9532817024271749
20260520,4,397.20857717907774,429.2590159742663,13.07234639485177,-11.813034910760825,0.925335432448762
20260521,4,590.752057814163,649.0407876485298,13.954412617226865,-3.923652290409379,0.9101925010821794
20260522,4,665.5210532720641,687.8370618047659,13.45331828311158,9.290295281249428,0.9675562574744833
20260523,4,627.3125022667241,689.2912289945477,34.66011811327821,34.06431333509883,0.9100833956378199
20260524,4,674.8267559186627,757.8595159133123,49.941189210748036,48.68660209159237,0.8904377945369135
20260525,4,664.7379202939885,700.5292206727684,33.82244707246617,32.79547416403393,0.9489081977987914
20260526,4,725.9461664676248,732.788128739865,20.641481398200494,16.616416415841325,0.990663109835027
20260527,4,573.5587286904184,575.1599855623716,30.42968303004338,30.42968303004338,0.9972159800539887
20260528,4,857.8323757043811,1157.241293828857,47.798020395265354,24.262906823225602,0.7412735617704677
20260529,4,709.7345648138846,743.252313469493,46.23132000745338,41.31080088751222,0.9549039430511183
20260530,4,607.7007995147176,607.701583144504,58.96234539294605,58.96234539294605,0.9999987105023121
20260531,4,577.4744694865686,577.4744694865686,56.69254620782733,54.37059238137988,1.0
20260601,4,650.1576110461522,766.2249423719293,56.23861498033296,-7.459008214168393,0.8485205519850626
20260602,4,185.47582790303642,244.23779660307727,76.67203392925296,24.411696211332043,0.7594067359052629
20260603,4,281.11071699878966,355.7395793325714,75.54603281165694,44.69017507974931,0.7902149025031223
20260604,4,423.8183683843511,449.2192304910837,47.781586197959,46.155792876345096,0.943455532660602
20260605,4,550.045669902754,555.1116269799429,29.567615384999968,-29.567615384999968,0.9908739849230864
20260606,4,419.063018602095,542.9993570453098,22.212026911556283,-15.97060742183079,0.7717560125345173
20260607,4,386.87338090749574,673.9426517261347,46.31024294667168,26.882664141587735,0.5740449575592476
20260608,4,421.2806578134687,474.0006698825158,52.30824119049731,-52.30824119049731,0.8887765030329722
20260609,4,534.3664195317033,544.4914357899412,28.930923249235406,-24.96858483619384,0.981404636340058
20260610,4,423.55879773041863,435.77979984738806,52.58352336065864,-52.58352336065864,0.9719560151222033
20260611,4,290.5512948308732,390.2572206283409,35.21534997921493,-28.86571929663241,0.7445122843930104
20260612,4,169.70428917355412,215.54053309240095,29.251776329119096,22.403288293353512,0.7873428108336491
20260613,4,342.72015941543987,493.207455763034,90.36309159910901,90.36309159910901,0.6948803295871158
20260614,4,384.6926714114114,487.1178590406116,87.99861535005003,87.99861535005003,0.7897322265479474
20260615,4,591.6522932004144,597.1578589797375,39.70058349301934,39.70058349301934,0.9907803846227035
20260616,4,398.16942342902,400.1449789845754,5.361756577026923,1.4881086483485282,0.9950629005502739
20260617,4,295.93871026261456,304.31731779276663,7.291770543770781,-0.9913981287503105,0.9724675296466114
20260618,4,857.8495614682244,1219.9360362999466,51.87169970492232,22.11148829897492,0.7031922461033885
20260619,4,561.9050190685281,606.0906736256186,74.08411217287436,74.08411217287436,0.9270972867924644
20260620,4,636.0747799471837,636.7395799771934,88.68776416006966,88.68776416006966,0.9989559310416458
20260621,4,552.8763004231532,552.8841367210177,96.58175380432203,96.58175380432203,0.9999858265098526
20260622,4,646.2003647466563,716.8548463916607,53.023095015466076,52.25528562257292,0.9014382311835532
20260623,4,1274.783149783644,1414.8592704978223,47.7648141807123,1.066862047437894,0.9009964286660876
20260624,4,1672.0820063464753,1857.4610754063392,65.29933036839599,-29.021752299761346,0.9001976022462219
20260625,4,245.7454919538884,721.8813832556789,43.549774914278515,-1.102850822688044,0.34042364528861835
20260626,4,1156.1584354817805,853.5507974018601,54.232747871793855,-31.374606285207026,1.3545279777150157
20260627,4,651.841261008226,730.6803254654914,49.60693858892224,4.658321364271171,0.8921018375483974
20260628,4,460.8368912002268,586.5464279141964,65.08671730882116,19.86484134525062,0.7856784548820759
20260629,4,620.3154798117927,662.6000606084876,59.459950436830326,-39.21209167425062,0.9361838561290446
20260630,4,1176.010144912986,1206.3715893574304,83.74404100504171,-83.74404100504171,0.9748324274939066
20260701,4,378.99744136625543,468.0567350819622,82.09245695849671,-47.00129818616859,0.8097254306144929
20260702,4,146.17219897641093,456.43244879169345,64.31048269251798,18.41619859581836,0.32024935861455583
20260703,4,451.0200105804133,523.3005857278526,24.33988034916912,3.056723881436945,0.8618756081709614
20260704,4,388.84663374837015,508.54965387962824,26.04764447422912,-0.491543214705664,0.7646188150595196
20260705,4,305.4533757895513,520.690685743258,29.076311156731467,-0.2836257032556861,0.5866311500339841
20260706,4,381.9791656971963,496.96973436001883,35.52162211079925,-34.45748350937165,0.7686165560747807
20260707,4,402.9893435690617,469.2061015765529,23.09252381916897,-9.293411573258096,0.8588748999959719
20260708,4,429.99130171682987,522.8817453624383,38.30550190341101,-37.458555565193585,0.8223490407353561
20260709,4,446.0789965770191,541.6415921679883,48.35742890396037,-39.38020134727682,0.8235685793469665
20260710,4,437.9751982868807,448.5529199534687,10.710147998097916,4.645911369566967,0.976418118808177
20260711,4,559.8922539031232,580.905855950301,35.56238056454945,35.145467859972605,0.963826148709068
20260712,4,553.0332642120609,575.8970606246139,53.96081951994565,53.96081951994565,0.9602988138405236
20260713,4,432.4605622996868,483.0838486546736,16.335500309925177,8.695984151716363,0.8952080751696291
20260714,4,387.24373161049573,404.6548733442636,13.929978210392699,3.604017521641621,0.9569728603788364
20260715,4,447.9127975601321,466.62554367703297,12.528973579981086,-8.965994421934674,0.9598977244806542
20260716,4,377.8977749105112,583.2584380691337,41.139532533667285,-16.503816822410602,0.6479079431092927
20260717,4,185.29766142697432,196.29566142697433,38.02134446952105,36.17115663948751,0.9439722716230716
20260718,4,552.6624737975071,562.3088090734111,93.79823299043535,93.79823299043535,0.9828451286548409
20260719,4,566.6829456730019,576.6690502223898,103.43347605484159,103.43347605484159,0.9826831272711153
20260720,4,647.4596164883834,665.8856371224915,71.35809356698195,71.35809356698195,0.9723285507197108
20260721,4,606.0422479781728,609.3500257559506,61.99771211474239,61.99771211474239,0.9945716293789039
20260722,4,571.5415080012035,581.026915889817,75.45961803858899,75.45961803858899,0.9836747530463592
20260723,4,636.7394428869808,700.3881473422275,43.09490202286062,40.397151672860495,0.9091236699296307
20260724,4,616.8648338887004,643.1135169475269,17.968832712401824,-17.968832712401824,0.9591849924358405
20260725,4,560.3353544781411,664.3805643839763,29.98424376832955,25.058994836900343,0.8433951631286692
20260726,4,463.75014040335327,563.2013336737463,32.28868909167098,29.978856411468872,0.8234180437363745
20260727,4,742.3096135441169,792.3949912764529,31.820373128660474,31.04492409474319,0.9367924099928314
20260728,4,753.2861396367696,798.2976334603404,17.56981701695272,-2.275050265128167,0.9436156491802916
20260729,4,815.4233819982594,897.5100393253783,20.921097739516792,-11.87027513705268,0.9085395664333514
20260730,4,551.0457248417476,662.5867943765352,21.444102420241993,-10.513463912673556,0.8316581759832042
20260731,4,345.3264867547788,347.0657960798824,36.02557908602283,-31.319278086697537,0.9949885314405823
20260801,4,554.3243023210298,645.2354705531965,18.8932249053075,-2.439966910965365,0.8591038893844081
20260802,4,628.1025818467156,681.6272289580232,23.507086923925527,14.066618595216477,0.9214751922496865
20260803,4,624.9278380293523,634.2586342350943,14.126101867457168,-11.8594126443684,0.9852886571784792
20260804,4,480.9661834074364,485.8980722963252,32.7977646363533,-32.7977646363533,0.9898499517283923
20260805,4,704.4973678083452,721.588293565337,19.41716369379864,6.162490252332266,0.9763148516828809
20260806,4,611.2211052912478,635.1799772689466,23.99191491774513,17.546758993950252,0.9622801838296074
20260807,4,605.4834994036761,608.1101660703428,23.80406664852427,-23.60402121666856,0.9956806072103014
20260808,4,691.0774103662336,705.075855427106,11.22907639042561,0.10506627481173843,0.9801461857570024
20260809,4,622.7565699885913,664.4025934736795,13.590753214449995,4.301934017181304,0.9373180901246165
20260810,4,622.5696985788351,643.7405819928131,20.958875335132657,-19.13531429294501,0.9671127096750064
20260811,4,722.328972702498,724.7365887937062,13.030832974316382,-12.737693867151114,0.9966779432300837
20260812,4,903.1335832456932,927.5544634804529,39.634189350508116,-39.634189350508116,0.9736717560032804
20260813,4,748.4264310977934,1071.1523662795032,46.21567048578205,-36.40113363507565,0.698711457546742
20260814,4,781.8683657361237,794.9977312615922,16.789321625809794,11.127515958952797,0.9834850276809805
20260815,4,624.2280913892031,661.6347580558697,32.14682559330775,31.832284147685968,0.9434632685009152
20260816,4,531.8918453412659,582.0370860198602,26.182801571426108,13.128674868765325,0.9138452825721087
20260817,4,204.99936487251586,253.03409956520574,53.51621140808751,-22.786535224499442,0.810164974700133
20260818,4,230.2878277529876,251.64934448168955,47.77686276773861,-11.587441063207388,0.9151139583824497
20260819,4,269.9030928372004,295.00305062810884,45.625025056800126,-13.684198298135428,0.9149162771792814
20260820,4,416.32582348252487,446.1118024712655,29.419713304913444,-1.5220154984957368,0.9332320310206114
20260821,4,216.48440070239928,238.79199637843124,16.684185757232417,-15.066009485846765,0.9065814767062818
20260822,4,530.3689053577816,606.5080854033786,54.944863343552356,53.66840369436303,0.8744630419972752
20260823,4,598.6002038426363,696.0207327539101,65.16507966815122,65.16507966815122,0.8600321451261733
20260824,4,631.3080853224269,644.4317769259702,19.64136876964732,10.13405198357256,0.9796352506604421
20260825,4,474.28293458963105,489.23093194946694,12.554197080641678,10.490720958044546,0.9694459275085658
20260826,4,375.6868880493631,399.59364414669625,9.843969662462664,0.40091644667699694,0.9401723314484035
20260827,4,644.3915801030528,652.7369792399786,23.9005642097838,22.038688235313256,0.9872147596928814
20260828,4,243.40350665898774,245.76711781471295,20.23092123964209,-9.601176206547732,0.9903827201265095
20260829,4,651.4419664368139,713.7789517480011,45.52549931475349,44.6462210678559,0.9126662601096212
20260830,4,585.6123829716539,717.8137583762051,59.52799938776937,50.2540405672232,0.8158277493822226
20260831,4,668.2475862022411,701.2461517179913,26.50144541607744,20.248195515789938,0.9529429638438562
20260901,4,717.0503240258774,743.0454439616719,16.213278091278948,-14.482750302887439,0.9650154372830858
20260902,4,511.1361947464238,514.6113618024431,33.79205605011115,-33.79205605011115,0.9932470067434046
20260903,4,627.9287791929883,638.7379205739014,14.730670476132133,3.922457097145004,0.9830773451320985
20260904,4,575.8649106218235,575.8805832175524,55.08492389967731,55.08492389967731,0.9999727849901774
20260905,4,445.02564536321245,519.0917153480395,88.84619797125748,88.84619797125748,0.8573160237489681
20260906,4,726.6512668440014,813.5256599383409,36.148925554442684,27.282514196572382,0.8932124733460479
20260907,4,705.3008548392462,737.164508293238,21.071232139851226,-20.67557719458274,0.956775383112562
20260908,4,892.255796444805,908.2892193345039,23.29409875810276,-7.583375276943738,0.9823476679581792
20260909,4,533.9274215553861,534.673421555386,10.328593914503745,-7.169960267542489,0.9986047557818944
20260910,4,536.8450038810299,1090.0263483544961,65.1149551340803,-33.51021770426709,0.49250644692346307
20260911,4,478.78225610131096,527.688240066064,35.58955235970843,14.159350617084373,0.9073203072355179
20260912,4,687.5270501980401,759.0303835313734,77.1990694636303,77.1990694636303,0.9057964807671262
20260913,4,429.674064708503,452.15339482993875,46.102316533248455,44.191911676954525,0.950283840885701
20260914,4,1256.082090481008,1417.702080751867,60.988815246201,-44.867057263494125,0.8859986223726601
20260915,4,779.4379193288703,873.4529891798818,39.61543510477376,34.6785797794284,0.8923639039357049
20260916,4,531.3532999609928,557.6447025450884,37.254316735752894,29.799529682563257,0.9528527708340063
20260917,4,789.199431008458,795.3522293635817,58.34917112446221,58.12398770548273,0.9922640584536401
20260918,4,853.3573508607375,856.2186957155734,41.68346516388707,41.68346516388707,0.9966581612044285
20260919,4,359.67030952774934,406.322728824341,115.65962622388356,115.65962622388356,0.8851838305192122
20260920,4,292.97963427573023,311.12079191899284,130.40742249080674,130.40742249080674,0.9416909505424952
20260921,4,1206.8806467500153,1217.5093134166818,51.56691790514197,45.755711712565954,0.9912701557601729
20260922,4,1281.1308718799796,1298.714026635952,72.53223392320557,-72.53223392320557,0.9864611035259873
20260923,4,842.8090844341488,865.9837506345431,35.712077179339325,-21.994603821675415,0.9732389133359451
20260924,4,914.9829377891938,933.0344776582991,28.383187116972525,10.266814807036866,0.9806528694262076
20260925,4,899.0558096411934,915.8019781774626,23.545208602610828,-22.928918324093512,0.9817142035775073
20260926,4,745.0983661375707,776.0202204578405,20.15282927496426,-0.8874083270844896,0.9601532878846554
20260927,4,584.1387384883357,698.1295221181223,54.34542718975044,42.52891266900192,0.8367197203121578
20260928,4,717.657308084024,723.7529116682138,47.758556721651246,-47.758556721651246,0.9915777836801516
20260929,4,516.607238508814,555.8821749396667,33.2085126058266,-9.436871192947189,0.929346652579541
20260930,4,897.8277673307524,899.7637673307523,13.239088397969843,5.219783038330022,0.9978483241154028
20261001,4,515.1993302754355,524.0695409477474,45.86429388628742,-45.86429388628742,0.9830743632681443
20261002,4,631.5796760468504,635.6407626590028,28.22265863938145,-28.22265863938145,0.9936110349576007
20261003,4,482.4056224054312,521.5581485711323,29.62506431707247,12.12009899519515,0.9249316183191387
20261004,4,503.8007048201695,568.4462189817561,29.838257866613286,12.146158995007633,0.8862768156372215
20261005,4,802.1818484113384,818.8181588354291,26.332885747166912,24.143552231867787,0.979682533607032
20260410,5,648.9451522696476,680.3441415551512,53.639069361703115,-45.88686820840533,0.9538483726577981
20260411,5,345.80121030722876,532.0875023560592,57.467125075619855,39.975389681355615,0.6498953814476693
20260412,5,458.41787510026165,505.01790670426936,62.23439611282445,-62.207085383174785,0.9077259816228735
20260413,5,175.42470560298628,265.72962390196744,32.29860249227594,-32.13257256935356,0.6601623975041024
20260414,5,373.85171825594216,381.9484882594316,22.39012667020833,-21.16019383503636,0.9788014084297413
20260415,5,396.57637531521567,423.7506312706433,15.306112656949542,6.264935930289961,0.9358720578800228
20260416,5,439.125321414335,454.44777702336876,10.390688150904126,-9.462038444993127,0.9662833522711988
20260417,5,439.52444321553946,445.35016663006195,9.142992306261943,-5.546690180579557,0.9869187802070326
20260418,5,476.0075911459478,519.567970618102,17.27129434783056,-14.757321047803108,0.9161603833655628
20260419,5,430.7695524975509,455.20568928371455,17.794795993534606,-15.754331256496416,0.9463184723709956
20260420,5,335.01138076978214,356.81487279276797,14.156137941918885,4.168280806764855,0.938894105359647
20260421,5,554.5179168996824,556.0777501802851,16.97574694988838,13.748817159682401,0.9971949367150601
20260422,5,592.0977628332406,609.1659126170983,15.403809106855462,7.922819494885922,0.9719811147827863
20260423,5,636.5690886437377,639.5423718517593,15.361351632282185,14.847917826450486,0.9953509206912865
20260424,5,609.761838868771,623.6066019050315,10.115516496721016,-1.6343587847300547,0.9777988831517069
20260425,5,892.1219587923903,919.2079587923904,42.18676765572264,42.16909061483949,0.9705333273706808
20260426,5,1898.6447182273205,1917.859389517037,61.70829059055966,28.78144483193617,0.9899811887176175
20260427,5,665.1080301844715,675.6917398875271,17.197146198220995,-16.47829623907879,0.9843364820401427
20260428,5,526.4853041501831,547.8407054121949,22.861876353752734,22.771674895648676,0.9610189585201705
20260429,5,687.9374105649813,731.9009040438675,17.245164880793556,10.337730315112024,0.9399324509151703
20260430,5,639.1059169198669,688.9151248913012,12.27093060493407,0.059865880942132854,0.9276990645556036
20260501,5,2055.2152780247707,2104.767611358104,79.30059863651894,69.50135624936509,0.976457100030459
20260502,5,947.0874618217467,952.7679115991166,47.34936953314235,-45.30714816607766,0.9940379501574147
20260503,5,544.2604494486508,553.0987820641528,38.58780972844877,-38.58780972844877,0.9840203361458914
20260504,5,539.8777760743769,569.7011094077105,33.25225731715573,-33.23475785281069,0.9476509123102473
20260505,5,221.9970707756,221.99707077559975,20.450875759368778,-17.666227455514207,1.000000000000001
20260506,5,205.5431879009431,209.98222045805437,12.43031944667617,-12.037937088125295,0.9788599599174255
20260507,5,346.13231533522395,353.70075052513045,25.552397059818873,-25.552397059818873,0.97860215117251
20260508,5,267.50977073744673,288.094239839015,12.999022198572957,6.829831156624466,0.9285495290948172
20260509,5,537.47213409714,537.47213409714,17.175358777575187,-0.10289200348310572,1.0
20260510,5,484.69480910993565,485.13408007862324,13.0262397418984,-7.728071388175654,0.9990945369811652
20260511,5,106.89102299435923,137.59939414879233,29.91665362622726,-19.358895631522902,0.7768277153805868
20260512,5,400.865508196,416.2113401098772,21.923425034335594,16.358031745920396,0.9631297121557861
20260513,5,318.34889063671653,323.35151077117837,20.31485183670092,-19.754576896944666,0.9845288487363772
20260514,5,471.1368975389596,513.1167700479166,15.99980498087569,-2.1404266849655915,0.9181865123896911
20260515,5,355.55097679866935,363.50535610454165,18.207500807857937,-18.207500807857937,0.9781175733113966
20260516,5,523.5263979242006,524.5221653038125,10.932988044788104,0.7811719444677546,0.998101572353887
20260517,5,571.8890454045428,574.4673457630312,19.28706293161543,-19.135327121574807,0.9955118417478303
20260518,5,387.32035406062136,414.23457745893757,24.58870447990043,-24.58870447990043,0.9350266132696656
20260519,5,286.63254319041573,315.38587652374883,12.526102004513781,-11.914400017815643,0.9088312588684739
20260520,5,401.57085398754555,429.2590159742663,10.039127930147767,-1.6200093876792263,0.9354977741728304
20260521,5,623.3108798855354,649.0407876485298,19.40200920590061,-9.481393100987633,0.9603570249318019
20260522,5,658.8621980270988,687.8370618047659,19.05006809007799,-4.529628905679886,0.9578753960979625
20260523,5,687.433376353222,689.2912289945477,16.96551083372439,1.2710324296327509,0.9973046913072784
20260524,5,744.2152813990523,757.8595159133123,15.154137486399096,-2.686127729203117,0.9819963539049621
20260525,5,656.7854447280417,700.5292206727684,27.32042786914182,23.65395834761289,0.9375561009393494
20260526,5,707.5060612085224,732.788128739865,16.391405910557918,-14.212692105322569,0.9654988030785668
20260527,5,569.711010795341,575.1599855623716,13.819820322087367,6.964406742081027,0.9905261581059003
20260528,5,1152.287055814723,1157.241293828857,39.78594531455034,-39.08270331431721,0.9957189239266236
20260529,5,719.1223134694928,743.252313469493,13.500144048703412,9.461927095329912,0.9675345780124631
20260530,5,601.1734181689296,607.701583144504,11.387383974389783,-6.6398900787518125,0.9892576140055538
20260531,5,577.4674168184907,577.4744694865686,18.047594851212384,-17.958361966890667,0.9999877870478254
20260601,5,702.276213790763,766.2249423719293,38.72728479360003,-36.07091742536872,0.9165405287079192
20260602,5,200.05077304098933,244.23779660307727,23.83524335964574,10.89530603626786,0.8190819595629647
20260603,5,279.5047062031813,355.7395793325714,16.8557235052466,6.634219564443128,0.7857003337317151
20260604,5,431.1822129635191,449.2192304910837,38.250227574862656,38.250227574862656,0.9598480734944347
20260605,5,497.42292489301,555.1116269799429,25.806328667078343,-25.558943952503174,0.8960772945780556
20260606,5,488.3305971886414,542.9993570453098,17.716452277362603,-14.860500392477752,0.8993207650297335
20260607,5,606.4994010954625,673.9426517261347,35.21732621888892,25.963695046210788,0.8999273150943433
20260608,5,401.7785073442461,474.0006698825158,23.581411612481926,-14.668685756230403,0.8476327838182793
20260609,5,454.92244215302344,544.4914357899412,21.50071496790061,13.830662426025151,0.8354997200149307
20260610,5,414.652306940396,435.77979984738806,28.735242295602188,-28.580822950107798,0.9515179617908149
20260611,5,378.02522062834123,390.2572206283409,12.893150757035945,-2.9453072503851883,0.9686565696842064
20260612,5,175.49138006012072,215.54053309240095,26.221111933493432,5.56847647845034,0.8141920108589905
20260613,5,416.95907612454454,493.207455763034,46.54471318113932,46.54471318113932,0.8454030271693141
20260614,5,485.9703330533133,487.1178590406116,19.916501208593584,3.0546212980343,0.9976442539192499
20260615,5,580.1937424911137,597.1578589797375,34.06935284385894,25.143891678315825,0.9715919061709954
20260616,5,399.9459183881024,400.1449789845754,34.036136723379535,-34.036136723379535,0.9995025288159853
20260617,5,297.4242658181701,304.31731779276663,11.205626383748566,-10.8123083123336,0.9773491300968599
20260618,5,1212.4139964024603,1219.9360362999466,41.471295898416706,-35.00715769027365,0.9938340702515022
20260619,5,596.5710182452356,606.0906736256186,10.192140652385234,1.2394947619896122,0.9842933478526625
20260620,5,636.536619862505,636.7395799771934,16.07605937396976,-15.50331080542386,0.9996812509838076
20260621,5,552.8763004231532,552.8841367210177,16.248445523652173,-15.885676364497494,0.9999858265098526
20260622,5,647.6084727471657,716.8548463916607,20.23837550208664,-8.828413216173535,0.9034025172696377
20260623,5,1409.9268971737163,1414.8592704978223,68.17908307477146,-68.17908307477146,0.9965138770851955
20260624,5,1853.0352504839866,1857.4610754063392,73.01761106541638,-73.01761106541638,0.9976172717797683
20260625,5,710.3438364761071,721.8813832556789,19.173882789702855,-0.7214847355296546,0.9840173925423349
20260626,5,849.1955875730785,853.5507974018601,32.946411233596876,-31.43316432311201,0.9948975387967084
20260627,5,729.6796302282047,730.6803254654914,12.552323207211607,-10.676454941227016,0.9986304609520598
20260628,5,576.5355667077563,586.5464279141964,7.906969710790974,-6.249984889333711,0.9829325340160376
20260629,5,597.5167272751543,662.6000606084876,24.906893004730225,-23.210526274182,0.901775841563363
20260630,5,1190.985843431108,1206.3715893574304,62.387734428815214,-62.387734428815214,0.9872462630402978
20260701,5,347.7742392105191,468.0567350819622,40.12798486071219,4.101834798160382,0.7430172736423071
20260702,5,437.9914367389329,456.43244879169345,52.88806366505213,52.82045215231494,0.9595974999113689
20260703,5,503.7087935532427,523.3005857278526,20.818869472898637,16.468129823474175,0.9625611117034009
20260704,5,486.0296235246026,508.54965387962824,9.817406555807157,0.8861283411971882,0.9557171454483852
20260705,5,509.2301760061342,520.690685743258,10.331041428081571,0.9460970636573739,0.9779897930750104
20260706,5,346.91773436001915,496.96973436001883,25.261481127402053,9.988845491182106,0.6980661202774618
20260707,5,457.1976524318444,469.2061015765529,31.108755367761784,31.108755367761784,0.9744068776932789
20260708,5,522.5947453624383,522.8817453624383,14.1872525852885,-13.444409759901161,0.999451118723219
20260709,5,525.9664308220453,541.6415921679883,29.385072264396495,-29.385072264396495,0.9710599009149182
20260710,5,437.95313635209004,448.5529199534687,14.949532119048127,-14.650194592163588,0.9763689341215788
20260711,5,577.2659779300157,580.905855950301,18.240327194871277,-4.556620721639233,0.9937341343988849
20260712,5,574.3702525729223,575.8970606246139,10.837303221529547,3.0428931459748743,0.997348817773031
20260713,5,443.8816734107979,483.0838486546736,15.269136963985241,-4.295118674798669,0.9188501636868035
20260714,5,402.6514693001559,404.6548733442636,13.9538341392213,-13.9538341392213,0.9950491043699768
20260715,5,466.62554367703297,466.62554367703297,22.584999299946674,-22.584999299946674,1.0
20260716,5,522.8118095358925,583.2584380691337,35.31577517025168,-35.31577517025168,0.8963639021951424
20260717,5,179.9025036376679,196.29566142697433,13.60680928631186,-8.606423755472088,0.9164874166339891
20260718,5,552.6624737975071,562.3088090734111,41.39035461305985,34.53348281331265,0.9828451286548409
20260719,5,568.114227700871,576.6690502223898,9.493332061890316,-0.6379717131680058,0.9851651089680992
20260720,5,526.023521375995,665.8856371224915,23.75868262741651,6.679333730153632,0.7899607560978695
20260721,5,519.2566522046887,609.3500257559506,17.74181319133511,-9.644872370657037,0.8521484044585157
20260722,5,571.5226191123145,581.026915889817,12.927231938833913,12.523284462601906,0.9836422435560543
20260723,5,651.4138993842392,700.3881473422275,19.09968701418649,-14.249991753667373,0.9300755614671214
20260724,5,630.526341618428,643.1135169475269,17.684941409648243,-17.39173659191075,0.9804277549804229
20260725,5,663.6365492206673,664.3805643839763,23.064908401089358,3.830237216195856,0.9988801370732469
20260726,5,561.0188568871181,563.2013336737463,20.630290616109374,-10.612625739604871,0.9961248728365184
20260727,5,589.5575181438057,792.3949912764529,50.23733030388538,44.63407480030409,0.7440197434793216
20260728,5,744.6003363341482,798.2976334603404,24.048807544811314,-19.90662829339747,0.9327352420006142
20260729,5,888.5620461749709,897.5100393253783,17.3488860639371,-13.872530799353664,0.9900302027182523
20260730,5,628.7345285014426,662.5867943765352,13.020518988595976,-7.473113294789074,0.9489089336485402
20260731,5,333.17142882682407,347.0657960798824,28.651611554901574,-28.1805369280829,0.9599661867864954
20260801,5,599.1879119559762,645.2354705531965,23.453705641202234,-12.722591622588785,0.9286344897348233
20260802,5,679.7266106241466,681.6272289580232,17.33571021516641,-6.205477075917794,0.9972116455253965
20260803,5,550.6061466730421,634.2586342350943,26.248385611110432,1.7890839837062984,0.8681098166476902
20260804,5,476.4838210289872,485.8980722963252,21.482571685761783,-21.14299105139685,0.980625049153114
20260805,5,697.7307011416785,721.588293565337,33.94669781158067,22.480278837466596,0.9669373898711977
20260806,5,621.2334886607184,635.1799772689466,15.618608236587368,10.312542269629896,0.9780432489887462
20260807,5,588.4704003210294,608.1101660703428,21.660921387560162,-18.6876568362684,0.9677036056209566
20260808,5,694.2115822644491,705.075855427106,12.49995809721654,2.0024110135689113,0.9845913413726587
20260809,5,663.8113793339594,664.4025934736795,10.56090883113312,-8.82474523289011,0.9991101567851668
20260810,5,596.6733700876983,643.7405819928131,19.65322869664082,3.27449346264952,0.9268848147503613
20260811,5,711.8941164965267,724.7365887937062,13.52430664015729,12.214788947444612,0.9822798069039742
20260812,5,905.1105907158253,927.5544634804529,22.942597807739634,-21.866882459587043,0.9758031752869674
20260813,5,1037.9465905049028,1071.1523662795032,32.06667478243472,-21.123771798942972,0.9689999510621108
20260814,5,786.2396990694572,794.9977312615922,13.529479876428809,-8.433844363828179,0.9889835758672709
20260815,5,656.7609423758804,661.6347580558697,11.988107224626193,-10.346058384443747,0.9926336764798899
20260816,5,573.2476499620738,582.0370860198602,34.045142211646926,-34.045142211646926,0.9848988384608081
20260817,5,140.29701535383327,253.03409956520574,33.38485682211945,-27.47568681427826,0.5544589270572972
20260818,5,240.63014188782185,251.64934448168955,7.549331970187038,-6.13175038441216,0.956212075113633
20260819,5,288.4357469157368,295.00305062810884,14.135196602933336,-14.135196602933336,0.9777381837293234
20260820,5,421.59233057553286,446.1118024712655,14.081201990394637,3.5127832262998075,0.9450373835439784
20260821,5,197.80106736906538,238.79199637843124,28.495810395574967,-28.017956829431526,0.8283404400857535
20260822,5,536.2895423791376,606.5080854033786,52.943892881312735,51.06628566067862,0.8842248855140328
20260823,5,693.9768787256211,696.0207327539101,27.129770865830963,19.156146984692022,0.9970635155935625
20260824,5,531.0369453931421,644.4317769259702,31.501318762126527,10.24542065699738,0.8240390440183796
20260825,5,480.5096769876187,489.23093194946694,24.330228699136395,17.01040760562307,0.9821735413844417
20260826,5,285.6475570681109,399.59364414669625,26.74686507549214,10.243701747997767,0.7148450963930894
20260827,5,652.3038662755248,652.7369792399786,26.901283136295348,26.901283136295348,0.9993364663283546
20260828,5,244.55915878689018,245.76711781471295,19.607917736419434,-5.261674212579116,0.9950849444849922
20260829,5,700.6525497438623,713.7789517480011,38.757941578395936,27.722373316128103,0.9816099900788711
20260830,5,717.7806003719711,717.8137583762051,12.040753796441981,0.31529495892033726,0.9999538069536185
20260831,5,693.6661517179914,701.2461517179913,29.190939924884617,13.017863876157284,0.9891906715189387
20260901,5,720.2898884061161,743.0454439616719,28.291984735195143,-27.871882143570875,0.969375284189577
20260902,5,513.0218954180392,514.6113618024431,25.98888420356629,-23.71196360304174,0.9969113266779872
20260903,5,604.5637673672766,638.7379205739014,17.41418804241525,12.250257598588133,0.9464973784930139
20260904,5,575.8649106218235,575.8805832175524,45.61019052927974,45.61019052927974,0.9999727849901774
20260905,5,465.87865189246975,519.0917153480395,39.85250929422199,31.470266461565533,0.8974881280470993
20260906,5,797.1291740796895,813.5256599383409,54.50455174557623,-52.69104719803878,0.9798451521985254
20260907,5,540.356695938671,737.164508293238,32.65260831442655,-30.9247172154834,0.7330204993045074
20260908,5,903.6610604665019,908.2892193345039,19.683503901358275,10.663713100449206,0.9949045317620383
20260909,5,526.4770046230502,534.673421555386,15.89341033850688,-2.6214432294086243,0.9846702368176595
20260910,5,969.5757683080449,1090.0263483544961,58.30554353445411,-58.30554353445411,0.8894975518451609
20260911,5,511.6982082389587,527.688240066064,49.3961694663949,-47.43623038680588,0.9696979568369698
20260912,5,733.8601947908512,759.0303835313734,49.17493873981228,-13.41388107223935,0.9668390234611973
20260913,5,445.99406470850334,452.15339482993875,45.25842028379375,-43.59259681655322,0.9863777864064207
20260914,5,1255.7575768746547,1417.702080751867,83.93350436574435,-83.1974440507786,0.8857697212440244
20260915,5,831.3185977847783,873.4529891798818,31.769996487867303,20.160708512737408,0.9517611229029451
20260916,5,539.6277918581186,557.6447025450884,34.518298501888616,-34.518298501888616,0.9676910573977647
20260917,5,766.615562696915,795.3522293635817,27.99692195628424,20.017122059732973,0.9638692574110707
20260918,5,817.2367272751541,856.2186957155734,36.52455008569205,35.53470423535016,0.9544719490061582
20260919,5,374.03051337876957,406.322728824341,77.35465331488727,77.35465331488727,0.920525697543413
20260920,5,309.9783667135768,311.12079191899284,57.5305867148922,57.5305867148922,0.9963280332427493
20260921,5,1129.274644649333,1217.5093134166818,64.56963599811223,19.778515237379583,0.9275285471782249
20260922,5,1298.7140266359515,1298.714026635952,81.92824885266488,-81.3762144128663,0.9999999999999997
20260923,5,817.5392300774615,865.9837506345431,43.47974305369135,28.70393435487054,0.9440583954126343
20260924,5,920.8818109916324,933.0344776582991,46.19407154887565,21.56627606164128,0.986975115113466
20260925,5,908.272644844129,915.8019781774626,43.77380649549409,-43.77380649549409,0.9917784264363375
20260926,5,723.6252482822216,776.0202204578405,28.70580819412868,-27.17295901111361,0.9324824652833058
20260927,5,614.3749869776358,698.1295221181223,25.747882689468984,20.186423128017903,0.8800300911407162
20260928,5,619.2990791622046,723.7529116682138,47.6236442728702,-39.43030062497034,0.8556774959768406
20260929,5,482.87869917491844,555.8821749396667,70.9462162169762,68.62683545205861,0.8686709539253138
20260930,5,874.231013346277,899.7637673307523,34.78142550594449,6.13456964919893,0.9716228248885582
20261001,5,500.0369544814516,524.0695409477474,57.931354432636844,-57.9125868429466,0.9541423712150215
20261002,5,631.5796760468503,635.6407626590028,25.00041866598688,-25.00041866598688,0.9936110349576005
20261003,5,514.5070374600214,521.5581485711323,30.605724116953187,-27.468100971572095,0.9864806807631551
20261004,5,557.7212189817558,568.4462189817561,36.629001282848314,-36.629001282848314,0.981132779774291
20261005,5,793.6781588354294,818.8181588354291,47.55159463315215,47.55159463315215,0.9692972124167895
20260410,6,647.4157782013849,680.3441415551512,55.34188703695933,-51.39107910950978,0.9516004308077121
20260411,6,385.39848260200574,532.0875023560592,55.1342902692159,39.02959704717001,0.7243141041567014
20260412,6,451.91897908597855,505.01790670426936,49.396803400913875,-49.396803400913875,0.8948573369114519
20260413,6,170.24606986719067,265.72962390196744,34.09224065780639,-34.09224065780639,0.6406740331292441
20260414,6,364.29927115921225,381.9484882594316,23.537098922729495,-23.537098922729495,0.9537916299115408
20260415,6,390.9111837035292,423.7506312706433,13.311595395406089,2.100314903259276,0.9225028940519973
20260416,6,448.39985743071105,454.44777702336876,16.712430947621662,-16.712430947621662,0.9866917170719338
20260417,6,439.52444321553946,445.35016663006195,13.038855571746828,-8.623731848398844,0.9869187802070326
20260418,6,475.21870225705885,519.567970618102,18.13331893046697,-17.331343025366465,0.9146420278596404
20260419,6,424.6854508356139,455.20568928371455,22.13624464273453,-19.433934048811594,0.9329528624826163
20260420,6,337.70904590354854,356.81487279276797,14.939213581085204,8.375569553375245,0.9464545108793271
20260421,6,528.0233392744099,556.0777501802851,20.784120216369626,20.128349113464356,0.9495494813508008
20260422,6,596.5993775496606,609.1659126170983,14.96617580016454,9.298064914544424,0.9793709155303038
20260423,6,638.8090886437378,639.5423718517593,18.544916769862176,17.32892169336478,0.9988534251360105
20260424,6,612.3707362741286,623.6066019050315,7.446742558479308,-3.6986285734176643,0.9819824459898614
20260425,6,889.81826512864,919.2079587923904,43.53632786333561,43.53632786333561,0.9680271549189357
20260426,6,1908.4616181468223,1917.859389517037,65.13019502321879,31.926793899536133,0.9950998642436548
20260427,6,665.4324529160588,675.6917398875271,21.253503540356956,-20.157295877138775,0.9848166162676844
20260428,6,513.4231564183623,547.8407054121949,18.893769607941312,16.61961807290713,0.9371759917548718
20260429,6,729.6920059126152,731.9009040438675,21.788461751143135,11.827083195845285,0.996981971030439
20260430,6,651.1318454547901,688.9151248913012,19.03705956111352,2.283959763546783,0.9451553927742948
20260501,6,1991.3912505205644,2104.767611358104,77.8205325293541,56.67698539495468,0.9461335492689459
20260502,6,947.0874618217468,952.7679115991166,21.60529122451941,-18.0706765216589,0.9940379501574148
20260503,6,548.7907820641528,553.0987820641528,40.985318940480546,-39.489118531545,0.992211156235198
20260504,6,539.172509266579,569.7011094077105,40.782728794415796,-40.782728794415796,0.9464129529730589
20260505,6,221.99707077560006,221.99707077559975,24.75326334635417,-20.898638000488283,1.0000000000000013
20260506,6,205.54318790094322,209.98222045805437,15.063938420613608,-14.311400426228841,0.978859959917426
20260507,6,344.28565411901195,353.70075052513045,29.934014670054115,-29.934014670054115,0.9733811805823421
20260508,6,263.56101434001613,288.094239839015,11.661750844319661,1.6461191813151048,0.9148430544369514
20260509,6,509.8224615014111,537.47213409714,27.73271022041639,-16.02610102057457,0.9485560816242584
20260510,6,484.6948091099356,485.13408007862324,25.016003866593042,-23.32230653484662,0.9990945369811651
20260511,6,64.69705429837647,137.59939414879233,43.09227641801039,-39.447392384807266,0.470184150872181
20260512,6,400.9057857507072,416.2113401098772,11.881336860656738,-7.813259544372557,0.9632264840378222
20260513,6,301.01489063671664,323.35151077117837,30.178636585871377,-29.055627756118778,0.9309215532001384
20260514,6,441.76174026473177,513.1167700479166,38.59389312028885,-38.59389312028885,0.8609380282454587
20260515,6,354.1743101320026,363.50535610454165,21.33497497240702,-21.33497497240702,0.9743303755616313
20260516,6,523.5263979242006,524.5221653038125,14.89753759543101,-9.705441778500875,0.998101572353887
20260517,6,558.7144272207152,574.4673457630312,31.714073974291484,-31.714073974291484,0.9725782176158466
20260518,6,401.2500474607983,414.23457745893757,32.41124807993571,-32.41124807993571,0.9686541619055778
20260519,6,291.7535852940461,315.38587652374883,18.334533742268878,-16.859118830362956,0.9250686445119771
20260520,6,401.57085398754566,429.2590159742663,10.621239236195883,-1.11550994237264,0.9354977741728306
20260521,6,647.29778764853,649.0407876485298,19.197455415725706,-13.942893699010211,0.9973144985135454
20260522,6,665.5210532720641,687.8370618047659,18.8817121664683,-5.082988875706988,0.9675562574744833
20260523,6,687.7389919699344,689.2912289945477,20.583888624509175,-8.153421440124513,0.997748067929317
20260524,6,755.5575276659753,757.8595159133123,15.748006143569945,-6.461505206425984,0.9969625132376113
20260525,6,698.4234804524635,700.5292206727684,13.886224352518717,0.009219163258869104,0.9969940722554264
20260526,6,715.2462339989676,732.788128739865,12.043801371852554,-0.3730973809957489,0.9760614370608551
20260527,6,571.9904902788421,575.1599855623716,15.873792177240054,14.310572786927224,0.9944893675445268
20260528,6,1104.8230330921604,1157.241293828857,29.47330419023832,-25.324582995971042,0.9547041217624848
20260529,6,734.732313469493,743.252313469493,12.436762456893923,6.654828964869183,0.9885368671639531
20260530,6,600.8774181689296,607.701583144504,19.352533046801884,5.994940943320592,0.9887705328324746
20260531,6,574.3043787135266,577.4744694865686,22.207480654915173,-7.820193260709442,0.99451042264109
20260601,6,702.276213790763,766.2249423719293,42.618645381927486,-40.81916575749715,0.9165405287079192
20260602,6,200.36693521006424,244.23779660307727,22.272681484222414,2.4477650642395026,0.8203764445831875
20260603,6,279.5047062031813,355.7395793325714,19.38070801417033,7.576750863393147,0.7857003337317151
20260604,6,433.48141900850857,449.2192304910837,36.78181748072306,36.78181748072306,0.9649663006070095
20260605,6,507.83249586727766,555.1116269799429,31.603975500861807,-31.256941046516104,0.9148295066887988
20260606,6,518.4546893809526,542.9993570453098,17.612734902302424,-12.577761646509172,0.9547979802445528
20260607,6,616.1701042774309,673.9426517261347,32.79642027457555,24.587850175698595,0.91427676034343
20260608,6,343.86050734424623,474.0006698825158,23.167123533884688,-12.819252770741782,0.7254430830856723
20260609,6,461.5774421530233,544.4914357899412,18.98616334915161,11.087111466725666,0.847722134478337
20260610,6,414.1740352782268,435.77979984738806,29.789524223009746,-29.789524223009746,0.9504204541451263
20260611,6,355.848410029772,390.2572206283409,13.102231731414797,-5.522464771270754,0.9118304318798551
20260612,6,169.70428917355412,215.54053309240095,25.50869644165039,0.6230633036295563,0.7873428108336491
20260613,6,435.9749072072266,493.207455763034,39.89152089416981,39.89152089416981,0.8839584684151545
20260614,6,486.8903330533134,487.1178590406116,12.204921195904413,2.2398729828993478,0.9995329138871107
20260615,6,585.0599085940294,597.1578589797375,30.897622858683267,24.684064966837568,0.9797407834397794
20260616,6,395.8927495396145,400.1449789845754,32.29079214255015,-32.29079214255015,0.9893732780160043
20260617,6,297.07933399023705,304.31731779276663,13.656216665903733,-13.014714539845789,0.9762156690423432
20260618,6,1142.7639578231606,1219.9360362999466,44.4933385848999,-40.32449989318848,0.93674088134092
20260619,6,563.591019068528,606.0906736256186,10.839575055440264,-5.1477827707926425,0.9298790487851285
20260620,6,633.0929247387427,636.7395799771934,17.591540964444476,-15.647597734133404,0.9942729251437749
20260621,6,550.1845193807201,552.8841367210177,18.185715381503105,-18.150737303296726,0.9951172096267615
20260622,6,672.7144335716223,716.8548463916607,19.204064381917316,-14.320491523742675,0.9384248944647271
20260623,6,1409.9268971737163,1414.8592704978223,68.09185940742492,-68.09185940742492,0.9965138770851955
20260624,6,1809.863242117246,1857.4610754063392,83.02804896990459,-83.02804896990459,0.974374788296072
20260625,6,685.6226267079857,721.8813832556789,27.460536495844522,-14.166369981765746,0.9497718636486142
20260626,6,849.1955875730785,853.5507974018601,33.50020403544108,-32.28793841044108,0.9948975387967084
20260627,6,706.6661196273128,730.6803254654914,20.085502826770146,-13.818883564074833,0.9671344567504538
20260628,6,576.5355667077563,586.5464279141964,12.205084152668716,-2.4724757834772295,0.9829325340160376
20260629,6,622.6111717195987,662.6000606084876,28.35875301996867,-27.38516105016073,0.9396485281752528
20260630,6,1193.5913267672845,1206.3715893574304,52.75367461522419,-52.75367461522419,0.9894060315222167
20260701,6,416.187099175773,468.0567350819622,38.92688672383627,4.328504918416342,0.8891808791147804
20260702,6,399.088817005918,456.43244879169345,49.78615835825602,49.78615835825602,0.8743655672650348
20260703,6,503.675950863995,523.3005857278526,15.08021387398243,10.125382254719733,0.9624983510451035
20260704,6,505.0814605443564,508.54965387962824,10.011726454794408,2.067019377450148,0.993180226731424
20260705,6,510.3122172784091,520.690685743258,11.039195053180059,-1.6419513785839082,0.9800678814716377
20260706,6,467.94233897831714,496.96973436001883,23.18614139556885,19.64074754079183,0.9415912210044698
20260707,6,448.15987465406664,469.2061015765529,34.098836981455484,33.906222616831464,0.9551450272028219
20260708,6,520.4284120291051,522.8817453624383,10.405863790512086,-6.075396140416465,0.9953080531973195
20260709,6,516.0605540548006,541.6415921679883,29.87297122955322,-29.87297122955322,0.9527712818160874
20260710,6,415.3351982868811,448.5529199534687,16.33057139078776,-16.324646161397297,0.9259446986321402
20260711,6,574.1089744260833,580.905855950301,19.709855767240125,-6.559901338269313,0.9882995128133134
20260712,6,575.3517517010108,575.8970606246139,13.022454389333724,0.6535311257839206,0.9990531138967584
20260713,6,419.6583400774646,483.0838486546736,15.480232346852622,-8.95328161239624,0.8687070396705646
20260714,6,402.6514693001559,404.6548733442636,18.163949050903323,-18.163949050903323,0.9950491043699768
20260715,6,466.62554367703297,466.62554367703297,23.759519844055173,-23.759519844055173,1.0
20260716,6,525.4969638861453,583.2584380691337,34.84027926127116,-34.84027926127116,0.900967615017784
20260717,6,176.71805919322344,196.29566142697433,23.4328968556722,-9.472575352986658,0.9002647226564703
20260718,6,559.1534731040255,562.3088090734111,32.57038373947143,24.799625072479248,0.9943886065477346
20260719,6,568.114227700871,576.6690502223898,9.7750778534015,1.374461556871733,0.9851651089680992
20260720,6,633.7737482336026,665.8856371224915,21.213272196451825,15.934319483439127,0.9517756697266293
20260721,6,565.5589626125998,609.3500257559506,18.24445603052775,-0.5997091420491533,0.9281347972554457
20260722,6,570.7535814737297,581.026915889817,21.11483020146688,20.739688701629643,0.9823186600566445
20260723,6,673.6738414723571,700.3881473422275,14.36176393508911,-5.707180411020914,0.9618578555744504
20260724,6,624.8030082850946,643.1135169475269,15.270883671442666,-13.744797862370808,0.9715283411405481
20260725,6,651.7716253738334,664.3805643839763,21.314233392477032,3.557845829725266,0.9810215113353985
20260726,6,559.822971238535,563.2013336737463,21.990353932380675,-12.9233424170812,0.9940015013580059
20260727,6,643.0865181438057,792.3949912764529,41.97189757664999,37.436825046539305,0.8115731740149832
20260728,6,758.2023363341483,798.2976334603404,23.738659092585248,-14.271205015182495,0.9497739997644825
20260729,6,884.5182900613511,897.5100393253783,19.787124635378518,-13.253056766192117,0.9855246752740586
20260730,6,627.6779837536166,662.5867943765352,11.81890742142995,-2.049709989229841,0.947314358029477
20260731,6,332.4704175810696,347.0657960798824,27.75278742790222,-26.448353427251178,0.9579463644540374
20260801,6,599.1879119559762,645.2354705531965,21.89591265360514,-10.55176695505778,0.9286344897348233
20260802,6,679.7266106241466,681.6272289580232,22.780979773402212,-11.934729404250781,0.9972116455253965
20260803,6,590.0086342350942,634.2586342350943,20.312209256490075,-6.085958671569826,0.9302335078916744
20260804,6,468.3662580763481,485.8980722963252,31.232209901809693,-31.232209901809693,0.9639187409467941
20260805,6,642.9168870069244,721.588293565337,31.438507404327392,16.596283410390217,0.8909746634473509
20260806,6,595.2506394421598,635.1799772689466,18.341051990588507,6.642917653322221,0.937136970219891
20260807,6,592.7174003210293,608.1101660703428,27.529001909891765,6.580742791493731,0.9746875375414578
20260808,6,663.8690486123289,705.075855427106,14.180257765625916,10.838488380288085,0.9415569168939762
20260809,6,651.5745934736797,664.4025934736795,13.854003264904023,-1.486204386552175,0.9806924293703738
20260810,6,625.5751478654756,643.7405819928131,34.97353745778401,24.773546663920087,0.9717814370641306
20260811,6,703.9231164965267,724.7365887937062,20.673395512898765,19.344667383829755,0.9712813281142288
20260812,6,927.2410115658759,927.5544634804529,22.778845073382058,-21.235628914833068,0.9996620662970012
20260813,6,924.8653153228889,1071.1523662795032,29.501185337702434,-23.13061244010925,0.8634302125805671
20260814,6,779.3488923316802,794.9977312615922,13.212603581746416,2.233390426635742,0.9803158697005604
20260815,6,661.6347580558697,661.6347580558697,13.36144671758016,-9.45244858423869,1.0
20260816,6,569.4358453412659,582.0370860198602,38.52422526876132,-38.52422526876132,0.9783497633032884
20260817,6,228.15636487251615,253.03409956520574,38.088099555969244,-26.87355899810791,0.9016822841844733
20260818,6,240.63014188782157,251.64934448168955,19.758636449178056,-7.129133478800454,0.9562120751136319
20260819,6,291.6320506281088,295.00305062810884,12.922363141377765,-6.8459704717000305,0.9885729995238265
20260820,6,443.70699190115766,446.1118024712655,12.314874051411948,-6.548999265034994,0.9946093993550804
20260821,6,219.97771563206416,238.79199637843124,47.921855487823485,-47.921855487823485,0.9212105889991777
20260822,6,535.1960926382923,606.5080854033786,36.0774060122172,32.82457082748413,0.8824220245676397
20260823,6,695.7947555455164,696.0207327539101,23.183621271451315,13.831356689135234,0.999675329774302
20260824,6,422.3124232221022,644.4317769259702,38.9960792795817,25.220504252115884,0.655325262259089
20260825,6,481.04450376331374,489.23093194946694,25.57609436035156,24.269133351643884,0.9832667404051247
20260826,6,380.65317294444515,399.59364414669625,22.772994956970212,15.478076871236164,0.9526006695058998
20260827,6,651.5675329421915,652.7369792399786,28.062641944885254,26.785154151916505,0.9982083958240748
20260828,6,242.64149212022352,245.76711781471295,19.36676507949829,-5.029338423411051,0.987282164830342
20260829,6,693.3696834031912,713.7789517480011,41.96231755574544,31.536475906372072,0.9714067383258796
20260830,6,717.7488459251745,717.8137583762051,20.18729857524236,10.304527553717298,0.9999095692297992
20260831,6,672.6038856401993,701.2461517179913,34.78056160608927,16.442962067921954,0.959155189646858
20260901,6,733.7271106283381,743.0454439616719,39.44223200584451,-39.44223200584451,0.9874592685964784
20260902,6,509.1361947464238,514.6113618024431,42.62288393656413,-42.62288393656413,0.9893605787543394
20260903,6,548.4349747182778,638.7379205739014,19.603014030456546,-10.798197644551598,0.8586228514905032
20260904,6,573.4913293790939,575.8805832175524,35.2385791015625,34.1041633605957,0.9958511297166693
20260905,6,472.70627830479054,519.0917153480395,31.37572730183602,21.092899161577225,0.9106411532456291
20260906,6,783.3547530432797,813.5256599383409,57.93261411348979,-57.93261411348979,0.9629133924339303
20260907,6,674.7435581915008,737.164508293238,41.59364326477051,-41.59364326477051,0.915322903640246
20260908,6,899.8923618753317,908.2892193345039,18.547835318247476,7.333167807261152,0.9907553042792643
20260909,6,525.2526900015457,534.673421555386,18.902517833709716,0.5560139147440605,0.982380400494876
20260910,6,993.0146359705333,1090.0263483544961,66.02274057388306,-66.02274057388306,0.9110005803709132
20260911,6,518.856732372861,527.688240066064,56.0136624844869,-56.0136624844869,0.9832637776955245
20260912,6,685.5222544993668,759.0303835313734,52.80273363113403,-25.67870412826538,0.9031552219424847
20260913,6,452.15339482993875,452.15339482993875,56.72023881365856,-56.72023881365856,1.0
20260914,6,1346.4401448399376,1417.702080751867,88.32734331766765,-86.90339881896972,0.9497341953013596
20260915,6,840.6699645470537,873.4529891798818,25.67262744903564,9.016561317443847,0.9624673279055244
20260916,6,531.1417060490211,557.6447025450884,37.88563342412313,-37.88563342412313,0.9524733286712709
20260917,6,743.9588155985566,795.3522293635817,26.239842001597083,-6.275790576934813,0.9353828255361166
20260918,6,808.4760900670649,856.2186957155734,27.181289564768473,20.93622847874959,0.944240173816097
20260919,6,372.6605133787697,406.322728824341,68.430905204614,68.430905204614,0.9171539934697476
20260920,6,309.9783667135768,311.12079191899284,69.0328604666392,69.0328604666392,0.9963280332427493
20260921,6,994.8079870303397,1217.5093134166818,70.2101879119873,20.985596160888672,0.8170844987120649
20260922,6,1179.3096552950524,1298.714026635952,91.08234791119894,-91.08234791119894,0.9080595351309235
20260923,6,829.7232966151716,865.9837506345431,32.30639096577962,20.700817693074548,0.958128020308924
20260924,6,863.1750964869094,933.0344776582991,53.95155406316121,31.790879497528078,0.9251266884084277
20260925,6,891.5264763078603,915.8019781774626,37.77199309666951,-37.21424806594849,0.9734926300138453
20260926,6,697.8757571353391,776.0202204578405,24.770081418156625,-24.770081418156625,0.8993009959503409
20260927,6,668.1825786469924,698.1295221181223,34.529317925771075,34.149135990142824,0.957104029378
20260928,6,708.2067458288714,723.7529116682138,37.88623383839925,-18.674020398457845,0.9785200645293305
20260929,6,535.0145781928948,555.8821749396667,52.36918905893962,52.035328737894694,0.9624603959480499
20260930,6,867.8944269895543,899.7637673307523,40.52914070129395,17.55718849182129,0.9645803248604443
20261001,6,500.0369544814516,524.0695409477474,61.516497265497854,-60.39769121487936,0.9541423712150215
20261002,6,630.0516760468503,635.6407626590028,35.35652763366699,-35.161896845499676,0.9912071614338068
20261003,6,495.847273633041,521.5581485711323,56.66657456715902,-56.66657456715902,0.9507037230488506
20261004,6,552.1956268703696,568.4462189817561,61.110309302012126,-61.110309302012126,0.9714122610569987
20261005,6,771.0298484113388,818.8181588354291,51.01118158976237,51.01118158976237,0.9416374564872161
20260410,7,648.9451522696476,680.3441415551512,53.745054960250854,-51.36409795443217,0.9538483726577981
20260411,7,388.05848260200565,532.0875023560592,53.468863795598345,36.432007792790735,0.7293132819013798
20260412,7,406.22508668098277,505.01790670426936,51.94173070738713,-51.94173070738713,0.8043775899591257
20260413,7,169.45426115854164,265.72962390196744,32.77640311559041,-32.77640311559041,0.6376942798859958
20260414,7,381.00295042618404,381.9484882594316,25.040500043233237,-25.040500043233237,0.997524436246478
20260415,7,390.9111837035293,423.7506312706433,13.841488176981612,-1.8051492691040056,0.9225028940519975
20260416,7,444.63843445578874,454.44777702336876,16.873013807932534,-16.873013807932534,0.9784148078975516
20260417,7,439.5244432155396,445.35016663006195,13.3943478902181,-9.751035448710123,0.9869187802070328
20260418,7,483.4759801240382,519.567970618102,18.646437308241925,-18.307149893691143,0.9305346123412359
20260419,7,448.8337863346155,455.20568928371455,19.822742034594217,-18.513265665372213,0.9860021456253645
20260420,7,337.70904590354854,356.81487279276797,12.369309190114336,8.134177099863688,0.9464545108793271
20260421,7,541.6927501802852,556.0777501802851,19.001103680928548,18.20923531850179,0.9741313152785989
20260422,7,596.5993775496606,609.1659126170983,14.614240432182948,9.58439075668653,0.9793709155303038
20260423,7,638.8090886437378,639.5423718517593,18.036187572081882,17.005114955504737,0.9988534251360105
20260424,7,623.1367362741286,623.6066019050315,7.642202011744181,-4.063004601796469,0.999246535188262
20260425,7,890.54526512864,919.2079587923904,43.325823139523465,43.1910974671195,0.9688180532059296
20260426,7,1750.8720641645896,1917.859389517037,67.91370721737543,30.669822480678558,0.9129303606587661
20260427,7,654.8101261445556,675.6917398875271,21.901608686447144,-21.072061592737835,0.9690959464053129
20260428,7,524.2779445374904,547.8407054121949,20.139884476463,18.33361558099588,0.9569897588077616
20260429,7,729.6920059126153,731.9009040438675,19.687373343805472,11.3128234526515,0.9969819710304391
20260430,7,651.1318454547901,688.9151248913012,16.850830826361975,1.34818497776985,0.9451553927742948
20260501,7,2052.406611358104,2104.767611358104,78.45155681212744,62.048293364048,0.9751226692593324
20260502,7,947.2144618217469,952.7679115991166,21.491980003913245,-16.668776374260585,0.9941712459983577
20260503,7,548.7907820641528,553.0987820641528,32.86673605998357,-32.56502697388331,0.992211156235198
20260504,7,556.6958425999123,569.7011094077105,37.77620184739431,-37.77620184739431,0.9771717720168754
20260505,7,221.99707077560006,221.99707077559975,25.304746818542483,-22.624188652038573,1.0000000000000013
20260506,7,205.54318790094322,209.98222045805437,15.693846193949383,-14.426765454610189,0.978859959917426
20260507,7,353.70075052513045,353.70075052513045,31.328326098124183,-31.328326098124183,1.0
20260508,7,262.7626082519878,288.094239839015,14.449206403096516,4.673218472798666,0.9120717179170873
20260509,7,537.4564615014112,537.47213409714,27.136120979065698,-16.52048460714519,0.9999708401706162
20260510,7,484.5068091099357,485.13408007862324,28.64736207008362,-27.251102736790973,0.9987070152470305
20260511,7,64.69705429837626,137.59939414879233,45.69117732067903,-41.96235178967317,0.47018415087217946
20260512,7,398.55384152933334,416.2113401098772,15.904881076812742,-13.480198802947996,0.9575756427590791
20260513,7,318.34889063671653,323.35151077117837,32.90906414667766,-32.90906414667766,0.9845288487363772
20260514,7,441.76174026473154,513.1167700479166,45.46920793215434,-45.46920793215434,0.8609380282454583
20260515,7,358.4220879097802,363.50535610454165,24.88571374416351,-24.88571374416351,0.98601597442955
20260516,7,523.52874881356,524.5221653038125,17.05335084994634,-14.348742609818776,0.9981060543176912
20260517,7,558.714427220715,574.4673457630312,33.72687931696574,-33.72687931696574,0.9725782176158464
20260518,7,392.7893807941315,414.23457745893757,33.130347124735515,-33.130347124735515,0.9482293419434984
20260519,7,312.10587652374915,315.38587652374883,17.967704728444417,-15.990317236582436,0.9896000415866666
20260520,7,424.4096882901888,429.2590159742663,10.514568061828614,-0.865534896850586,0.9887030266025485
20260521,7,641.031706263895,649.0407876485298,18.75863823254903,-13.464389835993446,0.9876601262400602
20260522,7,666.8717088673745,687.8370618047659,18.186751095453896,-6.932690280278521,0.969519884720399
20260523,7,687.7389919699344,689.2912289945477,20.62451704422633,-7.3706820193926506,0.997748067929317
20260524,7,751.043638549984,757.8595159133123,13.569946931203205,-5.903669230143229,0.991006410528323
20260525,7,698.4234804524635,700.5292206727684,16.662431891759237,-0.01614928881327445,0.9969940722554264
20260526,7,708.8172775787359,732.788128739865,12.334249980449675,-2.1815020402272527,0.9672881557151446
20260527,7,571.9904902788421,575.1599855623716,16.979914436340334,14.639045108159385,0.9944893675445268
20260528,7,1104.1794775366047,1157.241293828857,31.040052598218125,-24.87651199052731,0.9541480099481315
20260529,7,733.1412023583819,743.252313469493,13.162037341594699,9.35798521757126,0.98639612561189
20260530,7,582.6084181689298,607.701583144504,20.038141762415567,5.004623489379882,0.9587080802953786
20260531,7,574.3114313816044,577.4744694865686,20.86397077222665,-9.681841611663499,0.9945226355932644
20260601,7,702.276213790763,766.2249423719293,44.759620081583655,-44.759620081583655,0.9165405287079192
20260602,7,206.01177242450768,244.23779660307727,20.106057662963867,-1.3878791809082027,0.8434884988718901
20260603,7,305.21870620318117,355.7395793325714,19.442686475118006,1.9453413772582995,0.8579835473348901
20260604,7,434.46986345295295,449.2192304910837,32.79808581352234,32.79808581352234,0.9671666615384946
20260605,7,502.5329403117221,555.1116269799429,29.569860168993475,-29.569860168993475,0.9052826780907607
20260606,7,524.7953810738311,542.9993570453098,17.409702121615407,-13.47991515338421,0.9664751426769006
20260607,7,611.4260502954384,673.9426517261347,31.366078072190287,23.838093198736505,0.907237505638535
20260608,7,368.46984121690076,474.0006698825158,22.085937477747603,-14.419789673487346,0.777361435603516
20260609,7,479.0644828127679,544.4914357899412,20.710823809305825,13.323617451985676,0.8798384167746317
20260610,7,415.8564797226712,435.77979984738806,28.458674416542053,-28.458674416542053,0.9542812215442431
20260611,7,355.848410029772,390.2572206283409,13.760274041493737,-7.682357171376548,0.9118304318798551
20260612,7,169.70428917355412,215.54053309240095,24.531256561279296,-0.29649681091308694,0.7873428108336491
20260613,7,435.9749072072266,493.207455763034,42.86875039249659,42.86875039249659,0.8839584684151545
20260614,7,478.3534515290955,487.1178590406116,12.213145466049511,6.9497912186384205,0.982007624338024
20260615,7,530.6500752892375,597.1578589797375,34.431376953125,26.80435953776042,0.88862612675963
20260616,7,395.96430509517006,400.1449789845754,32.39092524369558,-32.39092524369558,0.9895521020905613
20260617,7,282.06626581817017,304.31731779276663,13.416682701110844,-13.416682701110844,0.9268820712012553
20260618,7,1143.738402267605,1219.9360362999466,45.85278002421061,-41.391716448465985,0.9375396481741384
20260619,7,574.251019068528,606.0906736256186,12.716535771687825,-7.906303850809732,0.9474671762120564
20260620,7,611.6610966491332,636.7395799771934,25.327999454339345,-24.275874976317088,0.9606142226482003
20260621,7,552.8206690996991,552.8841367210177,17.0862322974205,-17.0862322974205,0.9998852062898838
20260622,7,679.9844727471657,716.8548463916607,18.87048256556193,-15.624012521107991,0.948566472236207
20260623,7,1401.205786062605,1414.8592704978223,66.87858214696247,-66.87858214696247,0.990349934640204
20260624,7,1807.6694213598412,1857.4610754063392,82.36665977795919,-82.36665977795919,0.9731937025729567
20260625,7,560.8969494119392,721.8813832556789,26.731146710713706,-12.863915112813311,0.7769932324370228
20260626,7,849.1955875730785,853.5507974018601,32.47954926172892,-31.852650458017987,0.9948975387967084
20260627,7,730.6803254654914,730.6803254654914,17.623961290816464,-9.220725639164447,1.0
20260628,7,580.4898652088973,586.5464279141964,10.34847539742788,-6.548679108619692,0.9896741972722658
20260629,7,619.5907272751542,662.6000606084876,34.22225885391236,-34.22225885391236,0.9350900552380926
20260630,7,1167.5168694384033,1206.3715893574304,59.617127256393424,-59.23587674776712,0.9677920797689518
20260701,7,416.1870991757727,468.0567350819622,42.691859092712406,4.975491879781088,0.8891808791147797
20260702,7,384.52436197272976,456.43244879169345,49.95956718444824,49.95956718444824,0.8424562341934171
20260703,7,504.12100145162816,523.3005857278526,16.212508906126022,8.34941419482231,0.9633488193988015
20260704,7,505.13703781276945,508.54965387962824,11.42563264429569,4.717501671910285,0.9932895125562969
20260705,7,510.31221727840904,520.690685743258,12.015309991836547,-2.4405690495173142,0.9800678814716376
20260706,7,432.75985736983716,496.96973436001883,23.1616228612264,20.207616640726723,0.8707972084600504
20260707,7,448.1598746540667,469.2061015765529,34.37114885965983,34.37114885965983,0.955145027202822
20260708,7,520.428412029105,522.8817453624383,10.562007932662965,-5.70972243944804,0.9953080531973193
20260709,7,516.0605540548004,541.6415921679883,30.13347189903259,-30.13347189903259,0.952771281816087
20260710,7,431.7460929993705,448.5529199534687,17.354573307037352,-17.306932455698647,0.9625310053586504
20260711,7,578.6889744260832,580.905855950301,20.858740998705226,-6.380534768303235,0.9961837507721605
20260712,7,575.3517517010108,575.8970606246139,12.261593993107477,0.979829978545507,0.9990531138967584
20260713,7,419.6583400774646,483.0838486546736,15.402190577189131,-7.215802879333496,0.8687070396705646
20260714,7,391.5171359668226,404.6548733442636,18.39056018829346,-18.39056018829346,0.967533475455604
20260715,7,466.62554367703297,466.62554367703297,23.05874914805094,-23.05874914805094,1.0
20260716,7,518.0839638861455,583.2584380691337,33.16790660222371,-33.16790660222371,0.8882579832042429
20260717,7,182.99305919322316,196.29566142697433,19.594320697784426,-5.3597567939758335,0.9322318071777659
20260718,7,553.1481781433412,562.3088090734111,32.34546269734701,25.72895128885905,0.9837088966378366
20260719,7,564.2666054494399,576.6690502223898,11.370804557402927,3.005328417221706,0.9784929592316998
20260720,7,647.6067482336027,665.8856371224915,17.94790887196859,11.591110852559408,0.9725495071978458
20260721,7,562.0870118700319,609.3500257559506,15.895254669189454,-2.4660647201538084,0.9224370035476984
20260722,7,567.1055814737297,581.026915889817,21.712203858693442,21.26577487309774,0.9760401213173275
20260723,7,675.3830103573695,700.3881473422275,14.028233909606934,-6.08154987335205,0.9642981722638434
20260724,7,624.8030082850946,643.1135169475269,13.727967174847919,-12.409594890276589,0.9715283411405481
20260725,7,662.015736221318,664.3805643839763,20.896751022338865,3.5041367499033615,0.9964405518622432
20260726,7,560.4224480251632,563.2013336737463,22.856423467795054,-13.563118388652804,0.9950659107455296
20260727,7,650.127854226716,792.3949912764529,44.25021995544433,39.17286786397298,0.8204593181229456
20260728,7,751.5370030008149,798.2976334603404,24.842175572713217,-17.48959269841512,0.941424565851668
20260729,7,884.5182900613511,897.5100393253783,21.717193048795064,-15.018135231335956,0.9855246752740586
20260730,7,627.6779837536166,662.5867943765352,12.904254283110298,-0.2656162714958222,0.947314358029477
20260731,7,333.19742882682414,347.0657960798824,29.69128983179728,-24.734736181894935,0.9600411005356857
20260801,7,600.3482224165912,645.2354705531965,21.19670582771301,-7.85543791770935,0.9304327641843357
20260802,7,660.6053300197651,681.6272289580232,20.59895237882932,-9.645059388875962,0.9691592441657686
20260803,7,590.0086342350942,634.2586342350943,20.403826662699384,-3.0102159500122085,0.9302335078916744
20260804,7,481.4157099178763,485.8980722963252,25.879154637654622,-23.86209088643392,0.9907750974247221
20260805,7,687.207367808345,721.588293565337,32.16652035395304,24.643164132436112,0.9523538199502692
20260806,7,616.2726875073183,635.1799772689466,17.030157495141033,7.766200597484907,0.9702331773068115
20260807,7,600.7304003210294,608.1101660703428,22.127249893546104,-12.099795212149623,0.9878644262815042
20260808,7,680.3882489311159,705.075855427106,13.230735935767493,6.491268446842831,0.9649858858363042
20260809,7,663.8113793339594,664.4025934736795,10.680338263909022,-3.5711139349142713,0.9991101567851668
20260810,7,625.5751478654761,643.7405819928131,21.87853411356608,9.72844772338867,0.9717814370641312
20260811,7,710.7918337386518,724.7365887937062,16.346766812006635,15.114355592727664,0.9807588642954196
20260812,7,904.7971388012485,927.5544634804529,20.96681279818217,-18.01773082415263,0.9754652415839687
20260813,7,1067.6368107239477,1071.1523662795032,26.009926137924197,-19.80379826545715,0.9967179687351425
20260814,7,786.2396990694572,794.9977312615922,16.165598560969034,-1.1978974183400475,0.9889835758672709
20260815,7,644.4278677800173,661.6347580558697,14.416033629576367,-13.39692914247513,0.9739933701088911
20260816,7,575.8442696463893,582.0370860198602,38.66103233670195,-38.66103233670195,0.9893601000310492
20260817,7,170.8049137812315,253.03409956520574,39.23869436264038,-23.66769552230835,0.6750272555150847
20260818,7,248.50101366677274,251.64934448168955,19.086184539794917,-18.988080596923826,0.9874892151163704
20260819,7,288.5035813764915,295.00305062810884,21.281942507425942,-20.116174379984535,0.9779681286760293
20260820,7,418.83181700191307,446.1118024712655,17.761407636006673,-16.00083680470785,0.9388494424083085
20260821,7,216.58260263108647,238.79199637843124,45.84424539248149,-45.84424539248149,0.9069927213467075
20260822,7,508.61842044411713,606.5080854033786,39.03110569000244,33.351387672424316,0.838601220140113
20260823,7,695.7947555455164,696.0207327539101,25.287598554293314,19.622078026135764,0.999675329774302
20260824,7,457.4396454443244,644.4317769259702,36.74361325581868,26.79699020385742,0.70983409233228
20260825,7,471.20639265220257,489.23093194946694,21.09803540547689,18.25970723470052,0.9631574004827517
20260826,7,378.60417294444545,399.59364414669625,19.911647974650066,9.033403650919597,0.9474729603192956
20260827,7,652.0006459066452,652.7369792399786,23.095604743957523,22.781877326965333,0.9988719294957201
20260828,7,244.55915878689018,245.76711781471295,19.889176902770995,-4.1361796696980795,0.9950849444849922
20260829,7,698.9823267428816,713.7789517480011,40.5372856648763,30.910075912475588,0.9792700177430513
20260830,7,717.7880274144966,717.8137583762051,18.97420789718628,7.988574199676516,0.9999641537078271
20260831,7,672.5255226615551,701.2461517179913,34.007577419281006,15.971941051483151,0.9590434414704834
20260901,7,696.6743328505603,743.0454439616719,37.97594003930688,-37.97594003930688,0.937593169451553
20260902,7,503.1157192737104,514.6113618024431,37.26372875849406,-37.26372875849406,0.9776615065620222
20260903,7,611.6615623158661,638.7379205739014,19.000892041524253,-9.780705350240074,0.9576095963839013
20260904,7,573.4913293790939,575.8805832175524,38.042808519999184,37.53560276031494,0.9958511297166693
20260905,7,471.253191692638,519.0917153480395,31.730970954895025,22.81123023033142,0.9078418663967178
20260906,7,787.4563085988349,813.5256599383409,55.385641507456704,-55.32317048246662,0.9679550964114864
20260907,7,630.1706959386711,737.164508293238,40.14248255411784,-39.96233693440755,0.8548576184137101
20260908,7,899.8923618753316,908.2892193345039,22.285751444498697,5.254043833414716,0.9907553042792642
20260909,7,525.2526900015455,534.673421555386,18.814936587015787,-8.214066174825032,0.9823804004948755
20260910,7,952.1735215743686,1090.0263483544961,70.6308117421468,-70.6308117421468,0.8735325737875693
20260911,7,526.9882802514729,527.688240066064,53.153460648854576,-53.153460648854576,0.9986735353160353
20260912,7,718.5976909949643,759.0303835313734,45.66938159306844,-16.12816415786743,0.9467311277470911
20260913,7,445.99406470850334,452.15339482993875,58.47282820334038,-58.47282820334038,0.9863777864064207
20260914,7,1394.5995262426482,1417.702080751867,87.33823266347248,-87.33823266347248,0.9837042247289596
20260915,7,736.5630998934433,873.4529891798818,29.441130561828615,4.5983185450235995,0.8432773246159824
20260916,7,535.8701251914522,557.6447025450884,45.28886798540751,-45.28886798540751,0.9609525971389002
20260917,7,596.0226210589433,795.3522293635817,29.834123992919917,-12.441452865600583,0.7493819707224102
20260918,7,825.0204652486789,856.2186957155734,27.74575207392375,20.54884406407674,0.9635627782679739
20260919,7,359.6703095277494,406.322728824341,74.0666937332352,73.64400253107151,0.8851838305192125
20260920,7,291.016300942397,311.12079191899284,73.70764949798584,73.70764949798584,0.9353804326204258
20260921,7,1137.5926515963238,1217.5093134166818,69.03162325541179,24.29740061442057,0.9343605334762582
20260922,7,1281.1308718799798,1298.714026635952,89.8059612528483,-89.8059612528483,0.9864611035259875
20260923,7,829.7232966151719,865.9837506345431,29.01008035024007,15.489737459818526,0.9581280203089243
20260924,7,906.5095239632949,933.0344776582991,50.40036543528239,30.749975293477377,0.9715713038155077
20260925,7,891.5264763078603,915.8019781774626,32.40084835688273,-31.20389243443807,0.9734926300138453
20260926,7,740.378664902285,776.0202204578405,21.603162724177043,-20.65938157081604,0.9540713571425657
20260927,7,668.1825786469923,698.1295221181223,38.044910990397135,38.044910990397135,0.9571040293779998
20260928,7,639.4589680510934,723.7529116682138,34.803339398701986,-9.657961794535318,0.8835321526751069
20260929,7,514.097116115478,555.8821749396667,50.05814592997233,47.449293009440105,0.92483108703976
20260930,7,874.231013346277,899.7637673307523,31.08904439926147,10.163902899424235,0.9716228248885582
20261001,7,505.34310146302846,524.0695409477474,56.278026625315356,-56.032980645497645,0.9642672622208622
20261002,7,619.4419879309528,635.6407626590028,40.25260144551595,-40.25260144551595,0.9745158339747005
20261003,7,486.64282458567715,521.5581485711323,64.94709913889567,-64.94709913889567,0.9330557406089626
20261004,7,541.0105901523686,568.4462189817561,57.923237342834476,-57.923237342834476,0.951735752806075
20261005,7,756.6345217331223,818.8181588354291,69.37292678833008,69.37292678833008,0.9240568416426572
20260410,8,652.9498551961058,680.3441415551512,43.79526100486726,-26.535768693559362,0.959734662671708
20260411,8,203.13087697389543,532.0875023560592,74.30313337411606,56.27435261606367,0.38176216519734285
20260412,8,427.9279512006171,505.01790670426936,45.56603424286134,-38.73305263528568,0.8473520354817934
20260413,8,128.14405637882112,265.72962390196744,48.05901595799131,-48.004058204836944,0.4822347410768768
20260414,8,369.27673433171844,381.9484882594316,38.393668747523435,-14.464214923409346,0.9668233955173922
20260415,8,299.2071837035291,423.7506312706433,17.216923798344325,-9.950004777829262,0.7060925969746341
20260416,8,409.91903050085574,454.44777702336876,27.401951644431247,-1.1639870211612495,0.9020157017508675
20260417,8,387.29627830083905,445.35016663006195,23.0595221136256,-15.559707176297877,0.8696443996675398
20260418,8,493.46879013864543,519.567970618102,23.40717848430698,-3.4146593058738826,0.9497675338831842
20260419,8,409.60035050387796,455.20568928371455,18.592151524839007,-11.551972185643,0.8998137768190057
20260420,8,331.4379454339385,356.81487279276797,18.023332853321282,-15.509908812058333,0.9288792892510175
20260421,8,516.7225619061959,556.0777501802851,17.084125926064363,-4.831035841506589,0.9292271840379697
20260422,8,595.9367628332407,609.1659126170983,21.433858699128763,-0.838521695356112,0.9782831745672987
20260423,8,634.0115152361168,639.5423718517593,22.52159906687606,17.59813619498188,0.9913518527324027
20260424,8,623.0471041760811,623.6066019050315,11.268063341751441,1.4604579646803055,0.9991028033904047
20260425,8,773.4997088349619,919.2079587923904,60.826918119919846,58.52098472257622,0.8414849995980749
20260426,8,1872.693607116209,1917.859389517037,58.89536669291925,44.49959106594147,0.9764498989614657
20260427,8,582.0505630335372,675.6917398875271,39.863651856221416,-33.278094958880494,0.8614143531344973
20260428,8,521.8578234581216,547.8407054121949,15.418697586359022,-4.1947469081267,0.952572195352801
20260429,8,673.1415894223626,731.9009040438675,15.851112214814918,-8.399615587092383,0.9197168437737261
20260430,8,616.0923417927728,688.9151248913012,20.37991795842889,9.266650794300345,0.8942935341853344
20260501,8,2004.0176113581037,2104.767611358104,89.92789464569597,87.25119464215375,0.952132482723358
20260502,8,916.0763842248549,952.7679115991166,53.49658318376034,-20.519509088560394,0.9614895433320387
20260503,8,499.33044111469644,553.0987820641528,24.18059307708869,-6.225961960693076,0.9027870921197945
20260504,8,421.80685028897744,569.7011094077105,82.79542516012351,-82.79542516012351,0.7404002613361745
20260505,8,142.38679729655868,221.99707077559975,36.608886799475094,-34.61365292619285,0.6413904327615514
20260506,8,181.96043872213983,209.98222045805437,19.107422481137053,-0.34048842280229624,0.8665516457784476
20260507,8,311.9564811258673,353.70075052513045,30.677084711152663,-25.391165271402016,0.8819785670873288
20260508,8,197.28669971851173,288.094239839015,25.782618441734616,24.638287640132617,0.6847991817842457
20260509,8,512.9607121320832,537.47213409714,16.894564665186024,-0.15937620298872002,0.954394990158454
20260510,8,481.0022768813029,485.13408007862324,24.517764500733254,3.606371214372169,0.991483172658885
20260511,8,125.81041465314316,137.59939414879233,34.04463991104028,-31.07084640050508,0.914323899690276
20260512,8,371.8877073182945,416.2113401098772,18.28794883249514,4.545077691474487,0.8935069073805592
20260513,8,323.3515107711786,323.35151077117837,25.862414802047514,-25.862414802047514,1.0000000000000007
20260514,8,455.38632027054666,513.1167700479166,18.967012518854297,12.752860579418815,0.887490619782357
20260515,8,286.5971158315061,363.50535610454165,18.1293770518814,-2.9994485234207375,0.7884261153749897
20260516,8,506.4929675643159,524.5221653038125,20.27109258985317,18.05910342004431,0.9656273863487661
20260517,8,569.0892061461789,574.4673457630312,25.10344799951986,-16.090812189032018,0.9906380412106648
20260518,8,407.1916931283805,414.23457745893757,44.89234217717016,-44.89234217717016,0.9829978357341373
20260519,8,307.63219609291156,315.38587652374883,11.87997514950319,-8.746147510830548,0.9754152579173804
20260520,8,371.7186803982645,429.2590159742663,19.296473801576244,-15.888580351556863,0.8659542760088439
20260521,8,578.2921599060084,649.0407876485298,29.601330659857155,-22.711702958490616,0.8909950975518146
20260522,8,651.0668192242903,687.8370618047659,32.21091011154773,-28.927315494933755,0.9465422196297524
20260523,8,678.4423093288411,689.2912289945477,24.36101461071246,-18.703052806410078,0.9842607606054532
20260524,8,681.5441422362976,757.8595159133123,21.213077385898043,-5.1529149733990876,0.8993014245060373
20260525,8,698.4234804524635,700.5292206727684,18.440413706013548,2.500221950574778,0.9969940722554264
20260526,8,728.7653977011031,732.788128739865,19.05635407538775,-11.371283135445987,0.9945103763543774
20260527,8,559.2149738624123,575.1599855623716,18.111447546431936,-1.0091630272945438,0.9722772583277524
20260528,8,1089.151293828857,1157.241293828857,51.88452605084137,-51.125103034499375,0.9411617954154429
20260529,8,709.7345648138846,743.252313469493,22.182960478324976,-9.306020814037545,0.9549039430511183
20260530,8,514.9666345391431,607.701583144504,23.33987855845466,-5.315872630346298,0.847400515026617
20260531,8,566.2453274324116,577.4744694865686,26.673884977405923,-26.220550318072267,0.9805547385252532
20260601,8,695.1759423719292,766.2249423719293,61.204117493672015,-60.957496082376394,0.9072739660757316
20260602,8,180.1791278518542,244.23779660307727,28.726709805901276,-12.324807984804734,0.7377200841058685
20260603,8,290.9301101742407,355.7395793325714,21.007219013410587,14.753062946277078,0.8178176595364385
20260604,8,439.41357398741764,449.2192304910837,42.47144677594931,42.47144677594931,0.9781717793048472
20260605,8,453.6523048963153,555.1116269799429,19.993786535465926,-16.91622966594345,0.8172271717030825
20260606,8,477.10739197484713,542.9993570453098,19.084099209449075,7.686764075978592,0.8786518543428691
20260607,8,613.3122064462764,673.9426517261347,47.80552503943134,43.5465723857113,0.9100361950314783
20260608,8,435.80465781346896,474.0006698825158,35.52061459772909,-34.54068468592029,0.919417809939986
20260609,8,449.5396965512012,544.4914357899412,24.227969549818663,4.24099963436655,0.8256138976713467
20260610,8,334.63263379306426,435.77979984738806,27.330027086359433,-27.210802913270935,0.7678938627037187
20260611,8,349.1750768303612,390.2572206283409,11.656569229983342,-2.0651917686656613,0.894730599137065
20260612,8,214.8086013171719,215.54053309240095,29.327418062138495,15.848083057326255,0.9966042035587095
20260613,8,484.75197545223534,493.207455763034,46.99956065472359,46.99956065472359,0.9828561385031837
20260614,8,472.4350759177337,487.1178590406116,48.250799675465665,18.63947779066848,0.969857842716348
20260615,8,545.1663241515765,597.1578589797375,38.27641862460827,33.579122852432945,0.9129350237188704
20260616,8,396.1424632778071,400.1449789845754,22.179189127951858,-20.064871918943627,0.989997336173191
20260617,8,275.9694070287966,304.31731779276663,33.193029551683495,-33.193029551683495,0.9068475268854914
20260618,8,1150.771651705736,1219.9360362999466,43.78653363888907,-22.41863779287095,0.9433049089983558
20260619,8,532.1014266896173,606.0906736256186,32.263399690031825,24.66429622795752,0.8779237989368825
20260620,8,632.9166080367933,636.7395799771934,21.94930218525704,20.709448677474814,0.9939960196277776
20260621,8,549.0727196508078,552.8841367210177,11.514846997040777,-6.074983494731586,0.9931063005482229
20260622,8,641.0412696503942,716.8548463916607,15.83658170262319,-8.531217522094247,0.8942413835619868
20260623,8,1401.0223386293067,1414.8592704978223,70.7829597102732,-70.7829597102732,0.9902202769158468
20260624,8,1848.4952546489346,1857.4610754063392,70.42495826637436,-70.42495826637436,0.9951730774463506
20260625,8,702.3329375946112,721.8813832556789,40.46910368585405,-19.78203407091291,0.9729201415710371
20260626,8,828.2849273423824,853.5507974018601,45.679044502645326,-45.370858855603984,0.9703991020377639
20260627,8,715.1503254654914,730.6803254654914,22.965973593873073,9.768950592059667,0.9787458352733032
20260628,8,534.6807654205942,586.5464279141964,26.28428946986145,15.08479301882368,0.9115744977289514
20260629,8,584.9478644951779,662.6000606084876,35.993230909096695,-30.536501750684593,0.8828068381973899
20260630,8,1114.120947538252,1206.3715893574304,39.1993537918047,-33.90661210560858,0.9235304920697649
20260701,8,406.97129648140987,468.0567350819622,63.10245136561798,19.89478162548843,0.8694913799502201
20260702,8,347.5919908993551,456.43244879169345,44.626319381297975,41.67142771972383,0.7615409286073547
20260703,8,490.17651170377667,523.3005857278526,32.28382347690245,27.059022632905823,0.9367016301386246
20260704,8,416.08323631874293,508.54965387962824,35.57033950194494,28.108409452389665,0.8181762255554071
20260705,8,449.3898691305099,520.690685743258,27.55780452850253,14.308969918755674,0.8630649278640927
20260706,8,350.42638915227496,496.96973436001883,25.504319876597773,-5.549118743530452,0.7051262178038719
20260707,8,445.9871017266019,469.2061015765529,23.58393544695242,11.740666707225072,0.9505142840812723
20260708,8,503.6817646501124,522.8817453624383,9.40062890658622,1.4630629739239183,0.9632804532141062
20260709,8,490.3435887451674,541.6415921679883,34.39312745653438,-34.39312745653438,0.9052916094986461
20260710,8,340.96089768900856,448.5529199534687,22.999601916833115,-18.05407561762748,0.7601352761773987
20260711,8,554.9945251477191,580.905855950301,20.71881755652536,0.9962820021516245,0.9553949567952045
20260712,8,566.6902049092644,575.8970606246139,22.977807452080068,21.17110248197545,0.9840130183936625
20260713,8,453.5741819880072,483.0838486546736,30.940526639865492,-29.851812853999665,0.9389139861561362
20260714,8,402.3117680648701,404.6548733442636,18.114285482531706,-5.20819528017173,0.9942096205093764
20260715,8,458.74586955240864,466.62554367703297,27.715902230195308,-18.207313893030413,0.9831134959682402
20260716,8,581.4012354752659,583.2584380691337,38.94426747480517,-38.94426747480517,0.9968158153013337
20260717,8,183.3119649446567,196.29566142697433,35.743569522066174,4.415675147752133,0.9338564266375912
20260718,8,495.1924737975071,562.3088090734111,44.90674901501925,44.90674901501925,0.8806415012660032
20260719,8,574.0342277008709,576.6690502223898,27.054015254114187,24.914355826529498,0.9954309624896588
20260720,8,636.3683867554462,665.8856371224915,19.30025958132802,13.965295347689931,0.9556721924584544
20260721,8,557.523555648575,609.3500257559506,16.211112969825244,-7.656545640356317,0.9149479479498168
20260722,8,567.3381109689117,581.026915889817,17.64081354540299,12.321409055465304,0.9764403256604015
20260723,8,673.5836127451739,700.3881473422275,21.213159376141117,-1.9321335416297787,0.9617290288267025
20260724,8,612.3433194147882,643.1135169475269,26.187196387630852,-21.71340541493133,0.9521543293339777
20260725,8,653.6775868754852,664.3805643839763,21.70247625471463,8.497743586413527,0.9838902910737386
20260726,8,560.5084480251631,563.2013336737463,20.958112917439056,-4.521202601917157,0.9952186092475713
20260727,8,698.6153491371526,792.3949912764529,34.64435632486464,28.942942346001654,0.8816503850078198
20260728,8,783.2482392467232,798.2976334603404,21.5399893588552,-6.681144295220959,0.9811481412660797
20260729,8,821.5234193856057,897.5100393253783,22.977240767971807,-17.347662515823654,0.9153361894459825
20260730,8,631.0710440865165,662.5867943765352,12.720376989582405,-3.9936065579843096,0.9524352876370354
20260731,8,326.023678147533,347.0657960798824,41.58951020038821,-41.09401998864714,0.9393713867225735
20260801,8,518.9419014969899,645.2354705531965,31.63090639165134,-6.957484291288888,0.8042674731630485
20260802,8,632.3111916886867,681.6272289580232,22.34895316302392,-6.743547283164183,0.9276495492342287
20260803,8,582.8402890599231,634.2586342350943,26.209076948717392,-24.94450684876914,0.918931580273746
20260804,8,472.4180691898889,485.8980722963252,28.993605163771623,-28.993605163771623,0.9722575497310977
20260805,8,696.9890912513822,721.588293565337,30.743108418228758,14.885663680027358,0.9659096433058646
20260806,8,628.2733106022799,635.1799772689466,21.10302734436025,19.702296565782266,0.9891264414593752
20260807,8,576.2531789301094,608.1101660703428,14.518292471548392,-13.388681847054409,0.9476131317683836
20260808,8,667.837048612329,705.075855427106,23.16144168492002,16.445624193217714,0.9471846801615136
20260809,8,654.9588122609598,664.4025934736795,13.059028187505419,-3.8870749798911377,0.9857860560667817
20260810,8,570.6308559261117,643.7405819928131,22.399648122896423,-6.066224607746565,0.8864298319668192
20260811,8,681.4809361913083,724.7365887937062,18.895761567188824,11.854752129559971,0.9403153459184458
20260812,8,888.4171388012487,927.5544634804529,39.59037086177705,-39.399470955178224,0.9578059011949017
20260813,8,1071.1523662795032,1071.1523662795032,24.730740998093086,-18.991608867983047,1.0
20260814,8,775.013563293159,794.9977312615922,20.867327163196332,-20.257424040864215,0.9748626100646601
20260815,8,649.6501815174628,661.6347580558697,23.449793410063887,-18.2835789857903,0.9818864163460486
20260816,8,539.9512439105697,582.0370860198602,37.378897878613884,-35.64705453653673,0.9276921640902888
20260817,8,117.78950561275829,253.03409956520574,57.87436161778802,-56.722535705860906,0.4655084267897437
20260818,8,184.01706565765548,251.64934448168955,23.76996803651662,-20.868113455898524,0.7312439698051544
20260819,8,261.66309283720034,295.00305062810884,28.309278978529065,-27.937905163904407,0.8869843626365138
20260820,8,397.52241496525494,446.1118024712655,12.538024032361726,-10.691483420137525,0.891082488208457
20260821,8,115.32372301307555,238.79199637843124,36.31764089145786,-36.08275666004658,0.48294634980275286
20260822,8,585.8360926382923,606.5080854033786,55.84058996232978,55.84058996232978,0.9659163772708196
20260823,8,695.7947555455164,696.0207327539101,39.75308142021405,24.814668125066262,0.999675329774302
20260824,8,573.5471132237546,644.4317769259702,28.24122879887715,-21.20564211878754,0.8900043941961625
20260825,8,433.0275037633137,489.23093194946694,38.54378004734691,-38.29207034068124,0.8851188170743902
20260826,8,335.65085661964685,399.59364414669625,41.23858640416088,-38.11067684074552,0.8399804689997142
20260827,8,583.8776699067051,652.7369792399786,21.868648152012284,11.672353991639094,0.8945068051553468
20260828,8,205.33538331665937,245.76711781471295,21.816959207981863,-11.078896970645253,0.8354876158472282
20260829,8,697.9012795456028,713.7789517480011,38.55009318376606,22.939831495186922,0.9777554771494525
20260830,8,717.118807576875,717.8137583762051,28.528965338153935,-8.482308095978956,0.9990318508231131
20260831,8,688.948818384658,701.2461517179913,24.773282154893348,4.771064570890902,0.9824635995460282
20260901,8,652.2878197108007,743.0454439616719,39.942298745792016,-39.942298745792016,0.8778572360702709
20260902,8,490.73931623946805,514.6113618024431,26.46537350289428,-21.651853560179713,0.9536115069839065
20260903,8,554.2410198593009,638.7379205739014,18.797942949911185,9.531779491677101,0.8677127222403194
20260904,8,489.4054267341509,575.8805832175524,47.06397655976267,43.83185816619501,0.8498383883682123
20260905,8,457.9197570218148,519.0917153480395,53.51224879439976,47.13379861956751,0.8821557799565144
20260906,8,705.5772941573625,813.5256599383409,64.24779211789496,-64.09363724695912,0.8673079767524972
20260907,8,619.4184533420158,737.164508293238,64.20849763172885,-64.20849763172885,0.840271671212386
20260908,8,830.8190922451216,908.2892193345039,37.62279279557254,-27.85160033027479,0.9147076443931108
20260909,8,480.0890271834967,534.673421555386,29.841063858570433,-27.59294631347233,0.8979107766136922
20260910,8,1070.2295445367427,1090.0263483544961,84.44209685263343,-84.44209685263343,0.981838233683398
20260911,8,471.87102269831973,527.688240066064,83.6940692780119,-83.6940692780119,0.8942231167388603
20260912,8,589.3887845503169,759.0303835313734,46.00371728950702,-12.380029892242868,0.7765022288148699
20260913,8,383.58990052781377,452.15339482993875,69.11515391200932,-69.11515391200932,0.8483623144576573
20260914,8,1389.379192909315,1417.702080751867,121.96627063274026,-121.96627063274026,0.9800219748372442
20260915,8,799.0952821331698,873.4529891798818,52.04834849925888,-3.5522749151133346,0.9148692511585206
20260916,8,503.45915473546654,557.6447025450884,44.74316436308512,-43.542189634009084,0.9028314129725984
20260917,8,591.267438523285,795.3522293635817,30.455959024941478,-11.954623660216662,0.7434032579457286
20260918,8,730.3677659477406,856.2186957155734,29.87286947067,23.984976293962756,0.8530154382314036
20260919,8,374.0305133787697,406.322728824341,94.05176297757215,87.26403287944801,0.9205256975434133
20260920,8,287.4543667135768,311.12079191899284,64.07267302151668,64.07267302151668,0.9239317145619181
20260921,8,1158.8851319071218,1217.5093134166818,42.12324612265342,-28.757004976741243,0.9518490898890591
20260922,8,1285.2008203191656,1298.714026635952,126.28434036816725,-126.28434036816725,0.9895949331110333
20260923,8,842.8090844341489,865.9837506345431,75.36771633808179,-15.555339720811945,0.9732389133359453
20260924,8,913.8657915010988,933.0344776582991,64.21053385598522,-30.855236412879535,0.9794555435879397
20260925,8,867.6336641561529,915.8019781774626,83.86268938328176,-83.86268938328176,0.947403133898914
20260926,8,675.6366659039275,776.0202204578405,31.78487912461975,-20.081871877026245,0.8706431199760643
20260927,8,584.8372061096544,698.1295221181223,36.67831262330008,-27.029947492522908,0.8377202046051004
20260928,8,642.1601023594233,723.7529116682138,69.78443939099469,-69.78443939099469,0.8872642748742479
20260929,8,553.3624854002817,555.8821749396667,59.8178309436257,28.144355297939597,0.9954672237157839
20260930,8,870.644967539966,899.7637673307523,27.311438324880452,7.721964984385797,0.9676372834203244
20261001,8,522.3875909919476,524.0695409477474,54.58260760685072,-54.58260760685072,0.996790597765407
20261002,8,588.8087471062613,635.6407626590028,33.972409395175184,-22.96072899754556,0.9263231398866956
20261003,8,458.60294773331543,521.5581485711323,22.85056568246789,-17.744132803685442,0.87929399433162
20261004,8,539.4449769690095,568.4462189817561,22.8072645452518,9.083458653925943,0.948981555256545
20261005,8,802.1818484113387,818.8181588354291,26.86646235040142,13.571861031285456,0.9796825336070324
20260410,9,641.0011578092771,680.3441415551512,43.63873678485467,-43.63873678485467,0.9421719371964566
20260411,9,351.43257545549267,532.0875023560592,54.485063530754296,39.01366544951249,0.6604789135233683
20260412,9,490.2270741373863,505.01790670426936,27.813113601003636,-0.012967509330821988,0.9707122611485055
20260413,9,148.21611556392833,265.72962390196744,46.04308405185168,-46.04308405185168,0.557770388515689
20260414,9,309.1800299574228,381.9484882594316,54.67281750566784,-54.67281750566784,0.8094809626459835
20260415,9,334.01435227626905,423.7506312706433,27.06723598804996,-23.90689241334118,0.7882332853987868
20260416,9,412.78485806331884,454.44777702336876,24.423362795793754,-15.9179619538999,0.9083218775258581
20260417,9,262.4010296005631,445.35016663006195,27.641196155204426,-13.302166516219044,0.589201597444402
20260418,9,478.1900387941736,519.567970618102,31.665210000347006,8.69850876150228,0.9203608879610048
20260419,9,424.92093678755185,455.20568928371455,23.878345769263728,17.367724941139517,0.9334701801644504
20260420,9,336.42774442167,356.81487279276797,20.06352902081979,-4.071323443159655,0.9428635689663686
20260421,9,457.1004101067721,556.0777501802851,35.3359107405197,3.620353030878622,0.8220080914199072
20260422,9,577.2146230379317,609.1659126170983,40.76916609553964,8.748270376357821,0.9475491177076906
20260423,9,575.8647578085829,639.5423718517593,40.70712839127609,23.10630192409629,0.9004325329394495
20260424,9,585.6951881319433,623.6066019050315,38.507430765101525,15.358699042526888,0.9392062020234003
20260425,9,866.1552695896271,919.2079587923904,77.8723752001156,76.87149409822908,0.9422843452395024
20260426,9,1833.6522241238897,1917.859389517037,101.7755902128651,83.58757058046375,0.9560931495533921
20260427,9,561.440862621544,675.6917398875271,34.89252701800466,-9.749063186406973,0.8309127217020579
20260428,9,511.5480894872682,547.8407054121949,38.33125031657853,8.43027239857428,0.9337533418630874
20260429,9,721.6395478134659,731.9009040438675,47.03822717188934,9.725461266212976,0.9859798557786909
20260430,9,645.1340478946047,688.9151248913012,47.568632016995885,1.2500834983294726,0.9364492440144867
20260501,9,1801.4318223102755,2104.767611358104,111.09287920085387,65.46132664617443,0.8558815769442115
20260502,9,840.1103664741929,952.7679115991166,47.302281749651115,10.269644605640556,0.8817576203465539
20260503,9,454.33630334712853,553.0987820641528,30.561775035100112,-14.955801332404478,0.8214379023789479
20260504,9,529.410229566388,569.7011094077105,68.95141448593374,-68.95141448593374,0.9292771609955071
20260505,9,140.82265321476825,221.99707077559975,58.739066899565636,-58.739066899565636,0.6343446457323545
20260506,9,200.80223221071742,209.98222045805437,52.355505579437505,-52.355505579437505,0.9562820688946342
20260507,9,186.66583907179051,353.70075052513045,55.88599525442422,-55.88599525442422,0.5277507576522033
20260508,9,256.349726954819,288.094239839015,23.814130564273963,-23.814130564273963,0.8898120528132232
20260509,9,537.0028218561778,537.47213409714,32.64736109382995,16.461436165510463,0.9991268156780805
20260510,9,484.79241749173445,485.13408007862324,38.45460359493071,33.94234793623567,0.9992957357544673
20260511,9,90.86964956078695,137.59939414879233,14.83134135845899,-10.781185050729663,0.6603928027657271
20260512,9,324.6091111111111,416.2113401098772,23.87445881109438,12.85185530160534,0.7799141441591099
20260513,9,251.0939744384183,323.35151077117837,20.36270072718806,-9.20076358908969,0.7765356464225907
20260514,9,381.42015291443016,513.1167700479166,33.67901718726756,3.3057491058758863,0.7433398695560308
20260515,9,355.6300879097804,363.50535610454165,26.903021687382935,-10.154352718103764,0.9783352072740948
20260516,9,523.5263979242006,524.5221653038125,37.0923313268081,18.833424159824247,0.998101572353887
20260517,9,563.9618912245767,574.4673457630312,38.36689950968438,14.77991065481968,0.9817127037490692
20260518,9,376.9075774589374,414.23457745893757,43.89088234424336,-43.89088234424336,0.9098892221190773
20260519,9,195.03340363838885,315.38587652374883,31.292764989624203,-30.128595567916793,0.618396124100702
20260520,9,414.5731270853771,429.2590159742663,27.3682322664269,-11.002061278706364,0.9657878149500078
20260521,9,629.4457876485301,649.0407876485298,39.787204885113816,-12.23676033285556,0.9698092933866418
20260522,9,658.3390414465127,687.8370618047659,46.51271335681364,-11.520962091892601,0.9571148139635637
20260523,9,688.1425169068914,689.2912289945477,50.77914941988188,10.280259232318853,0.9983334880246018
20260524,9,739.4415322202489,757.8595159133123,53.62474573037692,20.502955431738382,0.9756973643448054
20260525,9,691.7108594177091,700.5292206727684,53.61036540199813,0.4525572600394234,0.9874118580712589
20260526,9,647.5042629425734,732.788128739865,53.22187206993339,-18.32976569780038,0.8836172933860849
20260527,9,458.5580199890584,575.1599855623716,47.894684093176714,-6.9197244385340655,0.7972703795461294
20260528,9,839.2279312599366,1157.241293828857,72.50329513033859,-46.41366301754359,0.7251970144301202
20260529,9,599.1404948452907,743.252313469493,42.02551231053704,-7.983596403857635,0.8061064647730595
20260530,9,607.7007995147176,607.701583144504,40.778869189633255,3.4860300562932136,0.9999987105023121
20260531,9,577.4744694865686,577.4744694865686,37.33014724033289,-1.4120452254307765,1.0
20260601,9,702.276213790763,766.2249423719293,62.975310316173,-62.975310316173,0.9165405287079192
20260602,9,123.90991378123158,244.23779660307727,26.695794476815724,-25.83642654665117,0.5073330807295302
20260603,9,316.3741101742407,355.7395793325714,19.428085147968698,-6.548938743234776,0.8893418909636451
20260604,9,417.5522413434543,449.2192304910837,31.5277652489037,29.81052030413522,0.929506603906936
20260605,9,516.7436699027538,555.1116269799429,27.3686225091334,-21.613408560116852,0.9308824473990429
20260606,9,478.66836328664454,542.9993570453098,36.06581435701114,-0.4365417565802572,0.8815265747114002
20260607,9,613.3122064462764,673.9426517261347,57.84383987344628,36.703931304307524,0.9100361950314783
20260608,9,289.133970727675,474.0006698825158,47.34386150465678,-45.37159554156449,0.6099864179502926
20260609,9,520.5199212836696,544.4914357899412,40.14625420675151,-16.314881885535954,0.9559744875114629
20260610,9,396.9828188796589,435.77979984738806,45.93522222506076,-45.93522222506076,0.9109711350059915
20260611,9,304.58729483087336,390.2572206283409,31.28139518969624,-27.727593984813765,0.780478306949624
20260612,9,168.34698461359363,215.54053309240095,11.342588418376446,5.274028068477325,0.7810455982375448
20260613,9,488.30443282137855,493.207455763034,75.50805607893626,75.50805607893626,0.990058903440399
20260614,9,484.07407348042904,487.1178590406116,68.97319026948567,68.97319026948567,0.9937514391975335
20260615,9,547.5485440824849,597.1578589797375,37.9566778223059,21.903945283215563,0.9169242870184918
20260616,9,380.37436954020717,400.1449789845754,22.367003272278016,-18.514348899361273,0.9505913844163709
20260617,9,289.8117953296386,304.31731779276663,26.60209060718532,-22.756349483278957,0.952334219530004
20260618,9,1212.2306630691269,1219.9360362999466,67.3832278879621,-46.834869384825616,0.993683789148331
20260619,9,406.3312699505985,606.0906736256186,33.90842483800927,-2.0827307307385,0.6704133352191932
20260620,9,617.7569436493193,636.7395799771934,39.51011851521229,9.144521675252436,0.9701877550496326
20260621,9,540.108464125289,552.8841367210177,38.16420458616336,14.351615360136037,0.9768926765171863
20260622,9,638.9303255711129,716.8548463916607,37.579361787768455,-26.681121097616025,0.8912966534120732
20260623,9,1183.8273661938522,1414.8592704978223,80.305414721329,-75.08972928453333,0.8367103293441468
20260624,9,1189.756333442746,1857.4610754063392,101.59783757166083,-98.84243691605262,0.640528272272125
20260625,9,488.063329237162,721.8813832556789,40.992054812024314,-28.48514395007226,0.6760990663535338
20260626,9,637.1422278022205,853.5507974018601,47.41114837740066,-43.62083408143386,0.7464608196039769
20260627,9,593.5853433217752,730.6803254654914,35.19052601665723,-6.4697185788443035,0.8123735136068189
20260628,9,548.60678954646,586.5464279141964,33.04585388461124,8.370390798390451,0.9353169049163719
20260629,9,536.1568507309,662.6000606084876,54.384450403718866,-54.384450403718866,0.8091711465262007
20260630,9,493.11983599776676,1206.3715893574304,104.57325108958895,-104.57325108958895,0.4087628060442184
20260701,9,324.03185216661575,468.0567350819622,61.59145424129744,-60.592573874513846,0.6922918267800889
20260702,9,324.1419488768368,456.43244879169345,41.15219512153819,30.99734414336642,0.7101641211858025
20260703,9,504.45637528264285,523.3005857278526,50.120477673081155,50.120477673081155,0.9639897012173231
20260704,9,499.75698634508154,508.54965387962824,46.31411851959467,46.31411851959467,0.9827103067174088
20260705,9,509.2396993695547,520.690685743258,46.31026425512505,43.58332254425101,0.9780080829420684
20260706,9,478.21719589005204,496.96973436001883,23.06130718652931,6.4774331066257815,0.9622662364054911
20260707,9,447.9169494202696,469.2061015765529,26.38307832618102,21.808393329612883,0.9546272904705398
20260708,9,469.54954987378005,522.8817453624383,28.705190375183417,-3.5875096458736664,0.898003332566734
20260709,9,509.21309748871215,541.6415921679883,37.41417882646684,-31.299353586987266,0.9401292383225649
20260710,9,406.5988004880587,448.5529199534687,37.09596499835892,-31.68160691266389,0.9064678489446415
20260711,9,574.7994218229107,580.905855950301,41.74771427531617,-1.0361156994710292,0.98948808302612
20260712,9,575.4642642120609,575.8970606246139,39.64025390928625,19.928933432141804,0.9992484830325691
20260713,9,438.225813944069,483.0838486546736,27.908307903357983,-20.920846659495364,0.9071423421927095
20260714,9,377.05862086024916,404.6548733442636,28.39222881727612,-24.10713454415286,0.9318029899011332
20260715,9,424.89081048483087,466.62554367703297,37.153611733472836,-34.904610998042834,0.9105605474073917
20260716,9,354.21354507211277,583.2584380691337,51.524747503999826,-51.524747503999826,0.6073011926663764
20260717,9,182.65966112687684,196.29566142697433,14.434494319219676,-14.206031626389779,0.9305333587050759
20260718,9,555.8306975892074,562.3088090734111,46.93620199270598,42.18717583057975,0.9884794415814354
20260719,9,568.6313525112741,576.6690502223898,57.41919837551827,57.41919837551827,0.9860618534876876
20260720,9,595.7397715646907,665.8856371224915,37.82471296655536,28.647021239388163,0.8946577885942639
20260721,9,602.0199257081326,609.3500257559506,30.74357715246597,20.485299974671772,0.9879706248658572
20260722,9,572.6899893623433,581.026915889817,36.284078741955554,30.51067284173402,0.9856513935938647
20260723,9,608.9525797338581,700.3881473422275,40.09054092954268,-2.9893541310963623,0.8694501499556478
20260724,9,605.4188634976473,643.1135169475269,56.62387297175218,-36.98911553110482,0.9413872474197191
20260725,9,659.2168772251335,664.3805643839763,53.62733101329738,-3.897128670709685,0.9922278172546625
20260726,9,557.9790522095481,563.2013336737463,39.684432372857536,-0.6970594158709137,0.9907275051532044
20260727,9,693.2918542267159,792.3949912764529,40.97576771169439,0.7662200333572363,0.8749321510852893
20260728,9,645.1168920437573,798.2976334603404,57.80329533355439,-30.15035492481979,0.8081157515742614
20260729,9,799.1569445821845,897.5100393253783,58.44750481278711,-39.81241138374934,0.8904156049138772
20260730,9,573.1118028848878,662.5867943765352,45.50085225415267,-33.40926341848973,0.8649611005666972
20260731,9,323.7727360754874,347.0657960798824,50.100173658278656,-50.100173658278656,0.9328857517292377
20260801,9,622.6669327036623,645.2354705531965,46.69838198106993,-24.78550724896394,0.9650227879905844
20260802,9,679.0385533450326,681.6272289580232,47.37590381841934,-3.20759585864089,0.9962022121432152
20260803,9,560.6993521667495,634.2586342350943,38.18283654949231,-28.01352660667816,0.8840232074143443
20260804,9,462.6549218675782,485.8980722963252,48.044303422191945,-48.044303422191945,0.9521645551732665
20260805,9,686.1947666777465,721.588293565337,46.24278923493313,-9.623645923641877,0.950950525108005
20260806,9,628.9087089119619,635.1799772689466,37.57942228870774,12.293580591178442,0.990126785192523
20260807,9,575.2775575587331,608.1101660703428,30.44991545983238,-4.945150640538686,0.9460087820537902
20260808,9,662.5077436995668,705.075855427106,45.74534572751856,14.436104159966215,0.9396261956782604
20260809,9,654.9431396652309,664.4025934736795,37.00324906402599,16.618850420235873,0.9857624670623394
20260810,9,553.3226924915009,643.7405819928131,29.838666335800227,-4.221757836166376,0.8595429711431155
20260811,9,636.2007241807321,724.7365887937062,41.80857472197838,2.980198431713648,0.8778371811469621
20260812,9,779.0198265890149,927.5544634804529,48.458936035614066,-29.429712062875762,0.8398642422202433
20260813,9,1022.9711313879853,1071.1523662795032,58.00290948730453,-37.44800487539199,0.9550192517812675
20260814,9,706.1435632931591,794.9977312615922,47.095555899695505,-31.309999868575726,0.8882334320282533
20260815,9,645.8987566689066,661.6347580558697,43.597440588590025,-17.053759179145377,0.9762164831950465
20260816,9,573.2476499620738,582.0370860198602,45.83445118387666,-40.21723253638158,0.9848988384608081
20260817,9,203.86770997068695,253.03409956520574,74.88683033664248,-74.88683033664248,0.8056926332102965
20260818,9,186.09413404053814,251.64934448168955,63.89720009128869,-63.89720009128869,0.7394977897670569
20260819,9,247.66119127506462,295.00305062810884,63.94698054571921,-63.94698054571921,0.8395207803707596
20260820,9,409.1548533387585,446.1118024712655,40.6366852863784,-40.6366852863784,0.9171576521226708
20260821,9,180.3187527799203,238.79199637843124,54.02516846352362,-54.02516846352362,0.7551289637620681
20260822,9,585.8360926382923,606.5080854033786,42.54696499138891,17.773991957368736,0.9659163772708196
20260823,9,678.3331810145055,696.0207327539101,48.64516127794581,32.934809334831264,0.9745876079446353
20260824,9,486.9931934892718,644.4317769259702,39.205349933603436,-17.857024218568387,0.7556939476391085
20260825,9,381.7821809172676,489.23093194946694,33.44200950981101,-19.305115621789472,0.7803721228254272
20260826,9,304.23712009374555,399.59364414669625,36.105889483572106,-34.7231884774769,0.7613662643294096
20260827,9,573.3379287416808,652.7369792399786,38.33643277333682,-9.31927378131551,0.8783598095043628
20260828,9,193.8482289258243,245.76711781471295,21.9119186096635,-21.70288579767517,0.7887476186784638
20260829,9,621.106677535003,713.7789517480011,51.151334153055664,24.916289603332114,0.8701667035907275
20260830,9,717.2084675398861,717.8137583762051,56.41198069644642,29.7897693553753,0.9991567578229648
20260831,9,653.942372395192,701.2461517179913,46.06669027563714,3.726628648544399,0.9325432600137495
20260901,9,635.9681314693112,743.0454439616719,41.669604320453516,-28.886300985102427,0.8558939922685481
20260902,9,439.5409892245226,514.6113618024431,46.77861448667063,-46.77861448667063,0.8541222014318066
20260903,9,480.3341414051024,638.7379205739014,32.963598939252186,-12.47433537504258,0.7520050492282119
20260904,9,420.77887710765776,575.8805832175524,59.899564250941005,55.21687176212632,0.7306703670345813
20260905,9,470.4051319396952,519.0917153480395,83.41082113479577,83.41082113479577,0.9062081286045933
20260906,9,749.4776133452622,813.5256599383409,47.70683039429694,14.093313344115908,0.9212710185466884
20260907,9,616.854786054756,737.164508293238,40.51890167382069,-34.81356717897779,0.8367939301404569
20260908,9,850.5077734625139,908.2892193345039,52.093875193452135,-20.754567266202628,0.9363843094886385
20260909,9,501.75190173637344,534.673421555386,26.147123931795175,-17.628659049377877,0.9384268630311892
20260910,9,1017.0993287951856,1090.0263483544961,79.08930602895747,-75.93261792181447,0.933096094723397
20260911,9,386.106709163681,527.688240066064,82.18712180999167,-82.18712180999167,0.7316947391424571
20260912,9,681.4985994553919,759.0303835313734,63.72666135087644,-24.745616795523805,0.89785417585622
20260913,9,433.6676343486186,452.15339482993875,53.444483684077376,-53.444483684077376,0.9591161745268486
20260914,9,1119.2081886706765,1417.702080751867,142.4706010494709,-142.4706010494709,0.7894523143234108
20260915,9,667.0916208279436,873.4529891798818,62.197309225805014,-48.71903243670628,0.7637407268527426
20260916,9,441.9903077069263,557.6447025450884,67.75250146620762,-67.75250146620762,0.7926020021165522
20260917,9,744.8550827430297,795.3522293635817,50.574491363145135,-31.300019448922495,0.9365097063209864
20260918,9,769.890217079661,856.2186957155734,43.61174604000407,-1.623862811144285,0.8991747329649646
20260919,9,348.60809281685573,406.322728824341,75.78972780152465,75.78972780152465,0.8579586326010422
20260920,9,284.91449264737014,311.12079191899284,80.4572808606223,80.4572808606223,0.9157680876614441
20260921,9,1030.6292392304365,1217.5093134166818,54.01957338222585,-15.001124708147302,0.846506246706396
20260922,9,785.5823220469425,1298.714026635952,119.95081308807183,-119.95081308807183,0.604892459721737
20260923,9,347.58562242978076,865.9837506345431,68.16911765202748,-65.5708998072732,0.4013766103291084
20260924,9,910.311102776943,933.0344776582991,54.85649830808409,-47.57251590705039,0.975645728614031
20260925,9,834.303197658064,915.8019781774626,83.59461382094929,-82.19054307130031,0.9110082938654607
20260926,9,556.5804224108774,776.0202204578405,66.1041943412886,-49.22336738589009,0.7172241234674313
20260927,9,482.6629829344358,698.1295221181223,56.09156211473671,-4.556668191672582,0.6913659537990001
20260928,9,563.8344905180659,723.7529116682138,89.80507577596035,-89.80507577596035,0.7790427940641454
20260929,9,401.73257477434584,555.8821749396667,48.30904961930076,-48.30904961930076,0.7226937521749971
20260930,9,830.5598235027626,899.7637673307523,42.68843330071303,-23.147736214511934,0.9230865407780413
20261001,9,412.1260786916598,524.0695409477474,71.50936690631649,-71.50936690631649,0.7863957862278262
20261002,9,521.0354531431074,635.6407626590028,72.75587475331024,-72.75587475331024,0.8197011327019365
20261003,9,448.0914706060071,521.5581485711323,41.97830743168708,-37.077859574110725,0.8591400054502158
20261004,9,557.114182263755,568.4462189817561,42.63557201164778,-38.824422382170866,0.9800648920872409
20261005,9,709.8277777127387,818.8181588354291,44.317490848590786,-27.219027970421326,0.8668930580659046
20260410,10,653.294755926886,680.3441415551512,48.04400300580921,-41.420595059072,0.9602416130659479
20260411,10,395.5784898734436,532.0875023560592,75.6579170909898,68.61630196916265,0.743446309341678
20260412,10,467.97759073232595,505.01790670426936,23.962271673788,-14.87209083246745,0.9266554403710805
20260413,10,166.98329719518264,265.72962390196744,33.52537169565275,-33.52537169565275,0.6283954899088927
20260414,10,359.58371825594213,381.9484882594316,31.984336559434766,-31.984336559434766,0.9414455857505617
20260415,10,385.2357325757205,423.7506312706433,18.60092302450112,9.273467675661092,0.9091095190125537
20260416,10,437.73786778834784,454.44777702336876,9.91257923222341,-3.687080774416142,0.9632302982215674
20260417,10,434.3445403029649,445.35016663006195,11.93553878100421,-3.897933900077193,0.9752877013376329
20260418,10,464.65820234626045,519.567970618102,15.993295527524753,6.931678723332497,0.8943164872027843
20260419,10,451.3398343916575,455.20568928371455,9.192038133191948,2.9130159015783526,0.9915074547988623
20260420,10,287.9169294716868,356.81487279276797,19.74109826360029,-15.48773341778256,0.8069084318660228
20260421,10,542.1634101067721,556.0777501802851,13.873230754209255,8.148721065556112,0.9749777075795573
20260422,10,582.483821994105,609.1659126170983,14.310599655518205,4.037318387367086,0.9561989762224847
20260423,10,625.7146349122893,639.5423718517593,16.76357363498212,15.740969650251591,0.9783787008522475
20260424,10,618.8797362741285,623.6066019050315,12.308738137757913,1.4605457942113185,0.9924201161173356
20260425,10,751.9950492085725,919.2079587923904,66.83192959940196,66.83192959940196,0.8180902286752457
20260426,10,1699.375655302635,1917.859389517037,71.3385487038906,55.1538032810253,0.8860793781814101
20260427,10,535.9576989194085,675.6917398875271,36.435925326633175,-30.197250297600842,0.7931985360789253
20260428,10,509.200193039072,547.8407054121949,21.79128386968493,20.728192784435844,0.9294676135026334
20260429,10,727.2622443809539,731.9009040438675,19.257406524424123,12.098619105497955,0.9936621752517529
20260430,10,641.8925209786062,688.9151248913012,14.029275701345995,5.767415265199332,0.9317439809147544
20260501,10,1967.8626582550712,2104.767611358104,84.6329203476318,77.41575764895451,0.9349548366459826
20260502,10,835.8905078022417,952.7679115991166,23.095250047336034,-6.69399170545131,0.8773285682966495
20260503,10,545.1903903891895,553.0987820641528,14.967895755721216,-0.48346604176530467,0.9857016649983401
20260504,10,494.99180159121096,569.7011094077105,58.02477864704999,-58.02477864704999,0.8688622742999903
20260505,10,221.53273744226664,221.99707077559975,25.511270711020817,-19.077994715604024,0.9979083808101122
20260506,10,201.40743872213966,209.98222045805437,10.548172436969688,-9.72963152632869,0.9591642486815802
20260507,10,332.7023207856785,353.70075052513045,20.979050233665216,-20.52952321230248,0.9406322160519137
20260508,10,246.73978687810154,288.094239839015,17.108539532515994,16.44265005290216,0.8564551204355143
20260509,10,461.4021894459114,537.47213409714,30.837839598023535,22.58197381054087,0.8584671840168738
20260510,10,470.57536611733315,485.13408007862324,19.47457156954497,17.597533904866655,0.9699903293561016
20260511,10,20.912714524960762,137.59939414879233,40.02726947422369,-36.13920493962475,0.15198260613231274
20260512,10,391.525946974902,416.2113401098772,18.396645905955385,15.617777310553416,0.940690243739014
20260513,10,308.81177952560535,323.35151077117837,18.980586757159355,-18.980586757159355,0.955034286956333
20260514,10,410.00128040547315,513.1167700479166,18.348281639435786,9.703463717690392,0.7990408895955318
20260515,10,362.67208790978043,363.50535610454165,21.687641316229037,-21.62153523761862,0.9977076866110287
20260516,10,495.4533690250754,524.5221653038125,20.444262575713854,15.382435403085145,0.9445804234757174
20260517,10,572.7636312583084,574.4673457630312,16.474012901438538,-6.021736113048906,0.9970342709341297
20260518,10,356.19758488437554,414.23457745893757,57.88328350142975,-57.88328350142975,0.8598934137015273
20260519,10,275.7280413897505,315.38587652374883,16.744537180165324,-9.966879674677244,0.8742561475132763
20260520,10,396.47602375266604,429.2590159742663,16.466408634754654,6.787758335915111,0.9236288790645564
20260521,10,582.3728175087151,649.0407876485298,19.984515553072704,-8.572600779907559,0.8972823104363714
20260522,10,665.9650422007079,687.8370618047659,20.8128029486226,-15.31228324022976,0.9682017430891706
20260523,10,645.1723175573339,689.2912289945477,27.008319929825248,9.1889784623769,0.9359938011955136
20260524,10,684.366521635403,757.8595159133123,25.02362653026827,13.542236136134541,0.9030255703930282
20260525,10,689.5168937754056,700.5292206727684,18.445870375003963,-5.603506931292874,0.9842799892247367
20260526,10,708.7062339989676,732.788128739865,20.331624593676185,-15.831526372318335,0.967136619990952
20260527,10,541.261010795341,575.1599855623716,16.930460670803654,1.825112716284006,0.9410616600285826
20260528,10,1142.2513893549208,1157.241293828857,43.67963292050479,-41.119209208296674,0.9870468634727504
20260529,10,727.2214171550592,743.252313469493,15.488808441332816,-0.7554379447346449,0.9784314208998534
20260530,10,574.3126345391431,607.701583144504,16.08378414124589,5.9619101454319114,0.9450569991399523
20260531,10,574.3114313816045,577.4744694865686,10.513925331600026,-4.7984290733215635,0.9945226355932646
20260601,10,692.9013279556068,766.2249423719293,63.16058100996738,-63.16058100996738,0.904305367312448
20260602,10,164.31682790303643,244.23779660307727,23.960314148805793,4.294287451560966,0.6727739530424757
20260603,10,310.8959425382641,355.7395793325714,20.261034434587827,13.225794724762125,0.8739425146944805
20260604,10,398.0019101149153,449.2192304910837,37.389054722710576,37.389054722710576,0.8859859131137865
20260605,10,489.1808766575115,555.1116269799429,36.12275390061179,-36.12275390061179,0.8812297435001958
20260606,10,428.4741119260196,542.9993570453098,20.649979633400545,1.9865369242487059,0.7890876966365656
20260607,10,574.7784010954625,673.9426517261347,44.115181429546254,37.39696978022564,0.8528595120420293
20260608,10,390.7090030212131,474.0006698825158,53.31947608745036,-51.890453745976835,0.8242794321747539
20260609,10,483.6883717016569,544.4914357899412,16.581364616715586,5.164063720405404,0.8883305409568618
20260610,10,380.00905482135767,435.77979984738806,39.85028511193494,-39.85028511193494,0.8720208117825526
20260611,10,367.11485447421643,390.2572206283409,14.330831230265053,-9.179984009069996,0.9406997105220406
20260612,10,160.65415783789865,215.54053309240095,22.155934040344146,0.158701756313356,0.7453547392361101
20260613,10,305.9315738738933,493.207455763034,63.21184404488818,63.21184404488818,0.6202898401050955
20260614,10,468.64769789341665,487.1178590406116,39.267457225231844,38.73674185084516,0.962082767436258
20260615,10,581.8527360875556,597.1578589797375,30.244612084455287,3.332193337520452,0.9743700553178164
20260616,10,379.6911195422497,400.1449789845754,36.57927163961508,-36.57927163961508,0.9488838783027335
20260617,10,264.55179532963837,304.31731779276663,19.77040055018707,-19.54067611600524,0.8693287560775371
20260618,10,1145.9233310539803,1219.9360362999466,46.12070038599069,-40.62452451115586,0.9393306673106845
20260619,10,557.4050190685281,606.0906736256186,14.680194092457972,-0.6857064578088057,0.9196726551394461
20260620,10,570.9121635923489,636.7395799771934,20.705472851775728,5.312455610938367,0.8966179919470337
20260621,10,549.1802933017641,552.8841367210177,13.349647073669095,3.6808380578487685,0.9933008687114447
20260622,10,613.5987668238439,716.8548463916607,40.15313532111631,-40.15313532111631,0.8559595710518475
20260623,10,1375.504674951494,1414.8592704978223,75.27489971233383,-75.27489971233383,0.9721847986107613
20260624,10,1675.6236048816575,1857.4610754063392,81.09544396992402,-81.09544396992402,0.9021042901343691
20260625,10,600.377960041319,721.8813832556789,24.367818816812825,11.375453188119858,0.831685057915775
20260626,10,823.0133389133316,853.5507974018601,30.609255164653188,-25.44789947812662,0.9642230332611931
20260627,10,709.3210731275207,730.6803254654914,15.917503207210528,7.222479183933705,0.9707679930695227
20260628,10,580.4992687663346,586.5464279141964,12.181428070863626,2.4284948353676303,0.9896902293491651
20260629,10,588.8756374794048,662.6000606084876,60.96272007342859,-60.96272007342859,0.8887346568284655
20260630,10,938.7430918395097,1206.3715893574304,72.68159407983654,-72.68159407983654,0.7781541774699187
20260701,10,435.2007542804611,468.0567350819622,32.432711171062316,-2.363962162210053,0.9298034226646742
20260702,10,380.0093230201236,456.43244879169345,59.7210021618018,59.7210021618018,0.8325642141046641
20260703,10,508.56090419391614,523.3005857278526,19.293749394066015,15.88288202995168,0.9718332409021954
20260704,10,350.0440409597885,508.54965387962824,21.90511598802482,14.097583461186082,0.6883183152114436
20260705,10,509.30853898477847,520.690685743258,16.848219852296655,12.658735142703959,0.9781402912129452
20260706,10,346.5872417694113,496.96973436001883,23.786213248262168,-18.192384544889823,0.6974011047488332
20260707,10,455.0995543549517,469.2061015765529,20.18699946244603,19.509334945227764,0.9699352860625584
20260708,10,494.8009868723347,522.8817453624383,22.153447416932405,-22.153447416932405,0.9462961582821383
20260709,10,517.2230974887121,541.6415921679883,31.609837398708834,-31.609837398708834,0.9549176152046632
20260710,10,403.0891637019753,448.5529199534687,15.61131237481053,-14.47986673425949,0.8986434950502392
20260711,10,579.6422539031232,580.905855950301,20.354691292045718,13.414473083082669,0.9978247730949267
20260712,10,563.7594295079707,575.8970606246139,18.660614325278953,17.511959264511773,0.9789239571678334
20260713,10,410.4025846775645,483.0838486546736,36.422738929391386,-36.26786739652204,0.8495473111354953
20260714,10,384.50176806487,404.6548733442636,20.29189525721065,-19.96565169375656,0.950196805705468
20260715,10,420.3947133689977,466.62554367703297,27.251875198300784,-27.251875198300784,0.9009252045146651
20260716,10,549.4011846199479,583.2584380691337,42.35350039380291,-42.35350039380291,0.9419515411362592
20260717,10,183.57472585989012,196.29566142697433,19.615342144108748,-7.802297166184384,0.9351950243086924
20260718,10,437.17545431108505,562.3088090734111,48.000071291626575,41.45025681779903,0.7774650641370452
20260719,10,559.4054421406884,576.6690502223898,25.112397838637133,21.986439532433565,0.9700632311114255
20260720,10,575.783938458326,665.8856371224915,26.602007261572595,-18.113708620180297,0.864688929087697
20260721,10,600.1747725217456,609.3500257559506,14.79853978425563,-12.862158843592686,0.9849425570749385
20260722,10,567.3381109689117,581.026915889817,11.35751751218907,4.904780469847519,0.9764403256604015
20260723,10,663.0672607487111,700.3881473422275,24.586873161551868,-22.254177085929864,0.9467139946112187
20260724,10,590.1498576861677,643.1135169475269,23.030147914349318,-22.642417343628225,0.9176449291367007
20260725,10,558.8360151184007,664.3805643839763,31.460772462316623,25.816417760773675,0.8411384153547025
20260726,10,552.704468736325,563.2013336737463,13.510000939584529,8.097117641056577,0.9813621447432475
20260727,10,637.7441061347782,792.3949912764529,30.40321928637093,8.187906489553301,0.8048310667732128
20260728,10,746.4526592165582,798.2976334603404,41.07564819932757,-34.63950024367236,0.935055583192634
20260729,10,866.9900625954851,897.5100393253783,23.423533110307336,-22.61078950488003,0.9659948352746741
20260730,10,621.0089900153489,662.5867943765352,17.190108541882484,-13.349970513041015,0.9372492710176799
20260731,10,325.0692049945412,347.0657960798824,40.868217389458266,-40.868217389458266,0.9366212650921144
20260801,10,578.6051648739575,645.2354705531965,28.06631769706634,3.321746546289552,0.8967348995520765
20260802,10,677.6275522014048,681.6272289580232,22.563372752862985,5.133914891257489,0.994132164052876
20260803,10,583.0578380293522,634.2586342350943,32.61953563955628,-31.19967233104235,0.9192745775270534
20260804,10,469.0733978350791,485.8980722963252,37.868345169273454,-37.868345169273454,0.96537406624864
20260805,10,635.3665767003099,721.588293565337,37.22157187043846,12.452086339814736,0.8805112033636115
20260806,10,608.4995420425156,635.1799772689466,15.420678121882892,3.861250110456062,0.9579954718642933
20260807,10,568.0470937049201,608.1101660703428,28.159921697168716,-27.96394720222152,0.9341187261770125
20260808,10,668.9993332073135,705.075855427106,24.322200193597922,8.212461172373231,0.9488331334251421
20260809,10,664.2011337807562,664.4025934736795,15.141195796320048,-0.8535280419065506,0.9996967806945635
20260810,10,505.0918292534752,643.7405819928131,27.71746739614319,-25.24849459527862,0.7846201457268298
20260811,10,681.4809361913083,724.7365887937062,19.962685371457813,-7.85208141053901,0.9403153459184458
20260812,10,909.1999004547649,927.5544634804529,39.32591634492746,-39.32591634492746,0.9802118756921115
20260813,10,1067.0108107239475,1071.1523662795032,30.550244790254087,-29.90533058526553,0.996133551410673
20260814,10,756.5709888149592,794.9977312615922,15.587228053621834,-14.829468887522092,0.9516643369715619
20260815,10,644.5407580558697,661.6347580558697,12.73168854827022,4.098464752637468,0.9741639933636065
20260816,10,569.4358453412659,582.0370860198602,24.319056621033052,-24.317966156997784,0.9783497633032884
20260817,10,142.30106138324132,253.03409956520574,50.668119400906185,-49.0015985610807,0.5623789901351655
20260818,10,180.13666699912332,251.64934448168955,22.198785369206945,-17.89372929634496,0.7158241058411753
20260819,10,271.3377199064785,295.00305062810884,30.782313295028203,-30.782313295028203,0.9197793694972204
20260820,10,394.7458345173567,446.1118024712655,25.279490914972772,-11.821725910084318,0.8848585317192603
20260821,10,205.84879245441573,238.79199637843124,41.61307710905084,-41.61307710905084,0.8620422609482774
20260822,10,293.90311234797207,606.5080854033786,49.56039501727509,41.67686768764269,0.4845823483993654
20260823,10,694.2511491508759,696.0207327539101,33.11020436250151,12.082639169846358,0.9974575705582324
20260824,10,533.384525484341,644.4317769259702,51.71272262882065,-51.71272262882065,0.8276819123176388
20260825,10,487.78121684454914,489.23093194946694,18.993636799956782,-18.129996332927757,0.9970367468403091
20260826,10,359.0514219244738,399.59364414669625,32.28419327161803,-32.11954735385921,0.8985413736777583
20260827,10,617.4110226941548,652.7369792399786,18.2233938619023,3.8444096126747085,0.9458802585584227
20260828,10,229.30489559249088,245.76711781471295,34.328908615486164,-27.894081859712074,0.9330169862893003
20260829,10,700.8850292800674,713.7789517480011,50.64882650531606,34.364418346779296,0.9819356925048613
20260830,10,655.5390761528455,717.8137583762051,24.44939866149748,3.179395729102199,0.9132439556964836
20260831,10,695.4637887393471,701.2461517179913,35.23114842819042,-27.333229915584557,0.9917541608399877
20260901,10,713.3643328505606,743.0454439616719,37.668135651623835,-37.668135651623835,0.9600547835232506
20260902,10,482.0743841073793,514.6113618024431,35.831121582055495,-35.7979373492267,0.9367736896031561
20260903,10,599.1648873598327,638.7379205739014,18.14318333680425,1.5869689471621233,0.9380449603203257
20260904,10,497.16858321755245,575.8805832175524,38.25584230045259,35.579513167216234,0.8633188853838043
20260905,10,448.4708436339672,519.0917153480395,47.31338125697875,40.16012662108317,0.8639529978498643
20260906,10,738.3713614169087,813.5256599383409,53.32818348604667,-40.08018444929492,0.9076190190151736
20260907,10,441.0496850700141,737.164508293238,54.191955771186876,-54.191955771186876,0.5983056429170464
20260908,10,815.1365641041165,908.2892193345039,31.017535077230804,-6.007451198893617,0.8974416372588463
20260909,10,528.2482157374454,534.673421555386,22.13412766438087,-20.448410994657984,0.9879829339576122
20260910,10,991.9583287951855,1090.0263483544961,70.81058531322272,-70.81058531322272,0.9100315146442522
20260911,10,463.3024392249367,527.688240066064,45.457280131882605,-43.22633109735661,0.8779851511698146
20260912,10,702.7863673988347,759.0303835313734,45.78804875012056,18.163174911970742,0.925900178236786
20260913,10,436.1124370553167,452.15339482993875,43.7739615568885,-43.75177753687739,0.9645231950969753
20260914,10,685.176297782722,1417.702080751867,117.2267248068028,-117.2267248068028,0.483300622243105
20260915,10,659.4857181503204,873.4529891798818,43.176377314225,4.672197552092981,0.7550328710530106
20260916,10,491.5110777387702,557.6447025450884,33.43494658319378,-33.43494658319378,0.8814054459685807
20260917,10,780.631170551568,795.3522293635817,28.903796859714173,10.402788023047336,0.9814911453460147
20260918,10,808.5203445909951,856.2186957155734,23.998150712574304,14.402552855304007,0.9442918598212633
20260919,10,371.0571800454363,406.322728824341,78.94300511987718,78.94300511987718,0.9132080332278175
20260920,10,310.9661719913419,311.12079191899284,45.93784547695185,45.93784547695185,0.9995030228397876
20260921,10,1197.291984929657,1217.5093134166818,62.51401424960437,-41.50651277879374,0.9833945184121105
20260922,10,1135.2823220469425,1298.714026635952,132.42599887446335,-132.42599887446335,0.8741588207741582
20260923,10,764.3276991342822,865.9837506345431,42.28005608908568,-4.194936968873244,0.8826120566052502
20260924,10,858.3900365273162,933.0344776582991,39.26038770938581,2.093364340915467,0.9199981962956789
20260925,10,861.9253115107961,915.8019781774626,64.0738293697073,-64.0738293697073,0.9411699603729984
20260926,10,622.6215335219885,776.0202204578405,25.04036326245092,-6.318191417764333,0.8023264305595683
20260927,10,695.2321249885927,698.1295221181223,24.709464964441207,18.348069243319635,0.9958497713708784
20260928,10,522.7956419038676,723.7529116682138,93.82660484067621,-93.66638910631208,0.7223399498301847
20260929,10,488.4907452125501,555.8821749396667,24.017500430680172,-3.045922608177603,0.8787667013527983
20260930,10,663.6858659266749,899.7637673307523,36.36789913272205,-12.07762423392362,0.7376223515818731
20261001,10,511.4925723775175,524.0695409477474,80.56954309883439,-80.56954309883439,0.9760013364877392
20261002,10,607.3376760468503,635.6407626590028,47.19456177013598,-47.19456177013598,0.9554731410022299
20261003,10,434.66908215906795,521.5581485711323,28.71507004688019,-12.836957223221871,0.8334048338615612
20261004,10,523.9492189817561,568.4462189817561,24.47171791462431,-21.977115147160948,0.9217217064444435
20261005,10,656.8503186362966,818.8181588354291,19.460276423040064,-11.75589075174979,0.8021931506386074
20260410,11,652.0419723903863,680.3441415551512,48.57852286285688,-44.94216679964128,0.958400216249278
20260411,11,395.5784898734436,532.0875023560592,71.53436937917071,62.94206177874696,0.743446309341678
20260412,11,493.55790670426944,505.01790670426936,15.375724785301117,-9.523804936784883,0.9773077353340053
20260413,11,150.4326712290034,265.72962390196744,40.04703972962587,-39.98570410395965,0.566111783172887
20260414,11,373.85171825594216,381.9484882594316,31.167039030076385,-31.167039030076385,0.9788014084297413
20260415,11,389.63237531521577,423.7506312706433,22.0909877963712,17.664577526659688,0.9194850616431609
20260416,11,432.84020175428884,454.44777702336876,14.289171169877259,-5.1155762707600045,0.9524531170322595
20260417,11,439.4642865617444,445.35016663006195,14.335105980039431,-1.5123725345435794,0.9867837030064328
20260418,11,401.6672225424505,519.567970618102,28.352798188174777,17.284490275452644,0.7730792605722185
20260419,11,408.55881619480044,455.20568928371455,14.992167209800726,10.451098170009013,0.8975257247722125
20260420,11,287.91692947168684,356.81487279276797,17.660338988100452,-13.681022223918937,0.8069084318660229
20260421,11,533.3354601874967,556.0777501802851,19.837218733349225,9.736505986943245,0.959102319800756
20260422,11,583.0052742087794,609.1659126170983,15.513511929709614,6.269721312198823,0.957054986389623
20260423,11,611.8158989826852,639.5423718517593,22.242506740439747,20.175470188653797,0.9566463864015865
20260424,11,611.0595297951191,623.6066019050315,11.916535448347831,-1.2702630766791583,0.979879827969135
20260425,11,621.6886685886786,919.2079587923904,70.0169847359886,69.77783393238701,0.6763308157225077
20260426,11,1705.689823542758,1917.859389517037,70.59922624922255,54.581783791856424,0.8893716780625359
20260427,11,572.2606989194085,675.6917398875271,40.65032391008065,-37.79640304442367,0.8469256987138316
20260428,11,511.7380858981659,547.8407054121949,25.58981750369145,23.78416737378086,0.9341001514539424
20260429,11,727.2622443809538,731.9009040438675,17.86994214792635,5.812577397265049,0.9936621752517528
20260430,11,681.9758211789292,688.9151248913012,16.704629550243766,9.095948002870665,0.9899272008094366
20260501,11,1967.8626582550712,2104.767611358104,87.10801813388264,82.43916035975622,0.9349548366459826
20260502,11,904.2913507106356,952.7679115991166,18.477199934421048,7.365710843995579,0.9491202838610314
20260503,11,552.9867230046916,553.0987820641528,13.415605807221326,-1.503895609516522,0.9997973977468491
20260504,11,487.5090574128762,569.7011094077105,50.86446665195305,-50.86446665195305,0.8557277655992539
20260505,11,221.53273744226672,221.99707077559975,20.34253684672311,-13.44000252725943,0.9979083808101126
20260506,11,201.3394387221398,209.98222045805437,7.877487798212506,-3.6892733425220943,0.9588404117402833
20260507,11,287.2499160480891,353.70075052513045,13.57432657902689,-12.465446691303404,0.8121269621894116
20260508,11,254.13643740411334,288.094239839015,21.873386758626154,21.082254501243654,0.8821295335377859
20260509,11,388.0104834292494,537.47213409714,31.958957098981884,25.067097836072048,0.7219173959242365
20260510,11,484.6744347354882,485.13408007862324,20.382438116091528,19.012005316309413,0.9990525395720281
20260511,11,22.669074879727365,137.59939414879233,36.37052499230084,-33.527753936301416,0.16474690909768316
20260512,11,359.7226593504809,416.2113401098772,20.312605134800595,13.586437905168836,0.864278852314587
20260513,11,273.18955092006314,323.35151077117837,16.848950563586726,-14.429959076725785,0.8448686392975827
20260514,11,415.27117390545123,513.1167700479166,20.719272101439017,11.529606128048497,0.8093112487176589
20260515,11,355.3764372053655,363.50535610454165,9.901151522720147,-9.468104294584297,0.9776374164433541
20260516,11,466.2857627400078,524.5221653038125,28.522133494777773,26.269975158410976,0.8889724659584727
20260517,11,570.7967204943384,574.4673457630312,21.86481893540477,5.899249469717937,0.9936103848273268
20260518,11,198.9511425043031,414.23457745893757,47.789990029305045,-47.789990029305045,0.48028617920971317
20260519,11,253.7258765237491,315.38587652374883,12.787208696483683,-4.4714447001228965,0.8044934647054283
20260520,11,389.33479150937563,429.2590159742663,13.814316388120787,6.485224671241471,0.9069926944358367
20260521,11,638.8436438870746,649.0407876485298,19.98309485689344,-3.4826516577685145,0.9842889014750531
20260522,11,626.7367456462491,687.8370618047659,20.386383036742785,-3.658102493401896,0.9111703635186507
20260523,11,624.3468241231955,689.2912289945477,23.05191443074602,6.122262600336647,0.9057808918211754
20260524,11,742.1122005983258,757.8595159133123,22.084471216692663,7.581345625549392,0.9792213266649966
20260525,11,698.852669720132,700.5292206727684,19.191914189751316,-13.335971124504491,0.9976067365883378
20260526,11,713.8233365044349,732.788128739865,23.424486636202165,-21.778197626732066,0.9741196786743219
20260527,11,569.768314949743,575.1599855623716,17.156882984834706,-1.9645175569315132,0.9906257897837645
20260528,11,1138.3879604955234,1157.241293828857,46.26308215618412,-46.097294164709275,0.9837083817922231
20260529,11,719.2658246138177,743.252313469493,19.183638144977575,-6.925537705711496,0.9677276633775863
20260530,11,601.1726345391431,607.701583144504,16.52633619674607,2.2835095263852563,0.9892563245078657
20260531,11,571.8974937219007,577.4744694865686,13.62293003319921,-10.107504600360896,0.99034247216223
20260601,11,644.0490786309464,766.2249423719293,67.76709230183376,-67.76709230183376,0.8405483077035123
20260602,11,164.2784611851876,244.23779660307727,21.254468458637906,6.358331932306224,0.6726168654893515
20260603,11,311.88141169659457,355.7395793325714,16.743487570642,14.472405305159143,0.8767127129394421
20260604,11,365.56524344824857,449.2192304910837,37.667486729908084,37.24082849186981,0.8137791497675086
20260605,11,492.3468766575114,555.1116269799429,35.701518810529386,-35.701518810529386,0.886933100890176
20260606,11,430.1496715937658,542.9993570453098,24.46217971308771,8.298740686361414,0.7921734455348031
20260607,11,499.0315028062589,673.9426517261347,44.09501853844706,33.50919195518476,0.7404658267704457
20260608,11,139.65799029926708,474.0006698825158,53.54543259153457,-53.54543259153457,0.2946366939394458
20260609,11,444.14538834943403,544.4914357899412,20.518201395243082,7.06037200451032,0.8157068397321504
20260610,11,376.3679437102466,435.77979984738806,39.851499151013584,-39.851499151013584,0.8636654196501359
20260611,11,329.2807948024923,390.2572206283409,17.26477768881239,-8.042353741565355,0.8437532411887925
20260612,11,185.85804672678736,215.54053309240095,21.222774122815295,4.562410883378541,0.8622881462722889
20260613,11,224.51528717000264,493.207455763034,65.10069982111355,65.10069982111355,0.45521470640109923
20260614,11,462.3421349082578,487.1178590406116,45.60306278544056,44.0814700180683,0.9491381322352866
20260615,11,597.1414027542223,597.1578589797375,26.215595000008154,3.3538984996608665,0.9999724424199268
20260616,11,395.00152387428045,400.1449789845754,41.52920107708087,-41.52920107708087,0.9871460211162784
20260617,11,275.50751133079063,304.31731779276663,24.323853321859215,-23.761741463885116,0.9053297174444905
20260618,11,1212.3104301932287,1219.9360362999466,46.0203675136543,-38.05607493291405,0.9937491754650954
20260619,11,562.2391617431178,606.0906736256186,14.38290570881624,0.8327663040039646,0.9276485948543274
20260620,11,612.145496925682,636.7395799771934,19.83743366740453,5.739937052087036,0.9613749736550187
20260621,11,550.3283556785846,552.8841367210177,12.923484221324875,2.8183523992214212,0.9953773659385659
20260622,11,648.5511326168903,716.8548463916607,42.613243610223414,-42.613243610223414,0.9047175113363857
20260623,11,1388.2183386293068,1414.8592704978223,73.47569732364953,-73.47569732364953,0.9811706136263701
20260624,11,1832.891699093379,1857.4610754063392,85.06733065689139,-85.06733065689139,0.9867726023235316
20260625,11,665.8489726134301,721.8813832556789,20.93303634879823,3.822614812630922,0.9223800309275977
20260626,11,832.7422278022204,853.5507974018601,35.099852524705916,-34.617440079232644,0.9756211702185983
20260627,11,707.9160086702553,730.6803254654914,16.713301975841677,2.4671786393353696,0.9688450393395585
20260628,11,577.7110113874196,586.5464279141964,15.282657386669042,1.964678654129515,0.9849365436284452
20260629,11,570.5837239982707,662.6000606084876,61.81461791436737,-61.81461791436737,0.8611283908943272
20260630,11,1152.6057938610827,1206.3715893574304,74.60115816926503,-74.60115816926503,0.9554318122453581
20260701,11,389.70463225210074,468.0567350819622,42.13846661359916,-14.350339817980561,0.8326012704076545
20260702,11,342.24231685183804,456.43244879169345,48.218699161808956,44.99745833216829,0.7498203025614214
20260703,11,500.50107814822724,523.3005857278526,20.396969763395717,16.822001637996465,0.9564313356387442
20260704,11,322.91702816078913,508.54965387962824,28.971058354732122,20.987403798877757,0.6349763994475599
20260705,11,490.07591502604885,520.690685743258,23.424794622580027,17.592335877521318,0.9412035368493136
20260706,11,178.8020990583505,496.96973436001883,31.69092169895832,-11.9731377541888,0.35978468445086687
20260707,11,456.95472719804735,469.2061015765529,19.525603992523845,19.159511067559635,0.9738891409609969
20260708,11,485.88061845135235,522.8817453624383,19.120884549482778,-19.016817675239114,0.929236147103513
20260709,11,527.4397641553788,541.6415921679883,28.33151173549376,-28.33151173549376,0.9737800268333071
20260710,11,392.21207334661324,448.5529199534687,14.243962425795772,-13.784270179339693,0.8743942038930433
20260711,11,573.1512199225244,580.905855950301,23.22082598051199,12.719121309154076,0.9866507869591179
20260712,11,563.7594295079707,575.8970606246139,17.69526457749506,15.791837716598904,0.9789239571678334
20260713,11,359.3683029700309,483.0838486546736,38.527910365893284,-38.527910365893284,0.7439046119443352
20260714,11,369.47624769847357,404.6548733442636,18.632441137413178,-16.634791869755773,0.913065113104763
20260715,11,431.31915781344185,466.62554367703297,28.43351543724206,-28.43351543724206,0.9243367913694244
20260716,11,544.5025179532812,583.2584380691337,44.19862740816993,-44.19862740816993,0.9335527485137578
20260717,11,177.4624135256413,196.29566142697433,29.61505643681534,-16.400487787601968,0.9040567286896488
20260718,11,415.31142158785224,562.3088090734111,43.67557926599101,30.609982019772136,0.7385824566259499
20260719,11,559.4013368045325,576.6690502223898,26.352430593224117,22.60265216538912,0.9700561120608119
20260720,11,469.9809292564921,665.8856371224915,33.7886861756615,-9.32448548549891,0.705798267833847
20260721,11,604.1970947917858,609.3500257559506,16.666259307771963,-11.834772182117979,0.9915435615879854
20260722,11,567.6581109689117,581.026915889817,13.171384836834385,-4.28700800327096,0.9769910746726225
20260723,11,650.617318660593,700.3881473422275,30.262230610263497,-28.61076642833105,0.9289382196564854
20260724,11,587.1554132417232,643.1135169475269,23.57756946933499,-22.53286517095182,0.9129887613443375
20260725,11,593.1364595628452,664.3805643839763,32.14517284126435,20.639872455117608,0.8927661213461449
20260726,11,552.704468736325,563.2013336737463,15.339890633791953,5.3334912134411026,0.9813621447432475
20260727,11,637.7441061347782,792.3949912764529,30.055286092571407,8.103950145330149,0.8048310667732128
20260728,11,746.4526592165582,798.2976334603404,39.22011010481229,-36.00051047178941,0.935055583192634
20260729,11,866.5224534108456,897.5100393253783,32.94301964230513,-32.94301964230513,0.9654738280835
20260730,11,620.2143233486825,662.5867943765352,24.90615837735886,-20.984699434966085,0.9360499312882875
20260731,11,326.22418051993213,347.0657960798824,40.32848590487985,-40.32848590487985,0.9399490938163402
20260801,11,595.788439346524,645.2354705531965,27.842103967777224,5.158953561784879,0.9233659129677437
20260802,11,677.6275522014048,681.6272289580232,21.22126349988182,2.9800806584084647,0.994132164052876
20260803,11,583.0578380293522,634.2586342350943,34.32097944265151,-32.995272283168454,0.9192745775270534
20260804,11,452.95295339063466,485.8980722963252,37.256066293237396,-37.256066293237396,0.9321974694198849
20260805,11,658.7817382450005,721.588293565337,36.913013225746695,13.39319783557915,0.9129606787133255
20260806,11,626.92031060228,635.1799772689466,13.98467880108069,4.683671642853433,0.9869963365309777
20260807,11,580.2544003210294,608.1101660703428,27.063637927502143,-25.943349900001383,0.9541928957884069
20260808,11,669.6110282945513,705.075855427106,23.26587015585868,15.635279251458323,0.949700692684943
20260809,11,664.2011337807562,664.4025934736795,13.498487977413866,3.394887892451559,0.9996967806945635
20260810,11,505.0918292534752,643.7405819928131,25.550311099463528,-21.93056621166552,0.7846201457268298
20260811,11,669.8486534334331,724.7365887937062,20.42464005715089,-2.8109659423753386,0.9242649864668323
20260812,11,896.7867413029516,927.5544634804529,33.31242353923677,-33.31242353923677,0.9668292015306013
20260813,11,1039.4026904638667,1071.1523662795032,28.780342840623607,-26.331120877036426,0.9703593281262921
20260814,11,770.0367665927367,794.9977312615922,13.259460915929465,-11.733239516362339,0.9686024705639794
20260815,11,629.216412150746,661.6347580558697,15.418900878600914,8.87841043376997,0.951002655905834
20260816,11,557.5571206169407,582.0370860198602,23.103177116484705,-23.103177116484705,0.9579408838527443
20260817,11,131.437709970687,253.03409956520574,48.450620580469774,-41.591287932509786,0.519446628721344
20260818,11,196.1335172356104,251.64934448168955,23.21075105306723,-20.657324628394235,0.7793921245436879
20260819,11,273.970138063554,295.00305062810884,22.40187608535346,-22.40187608535346,0.9287027285996792
20260820,11,390.25313297391017,446.1118024712655,20.1088191861427,-6.530620546612048,0.8747877344021777
20260821,11,199.27268271398177,238.79199637843124,39.135744361127365,-39.135744361127365,0.8345031899569184
20260822,11,357.0885567924162,606.5080854033786,48.36358476995489,38.81483085450156,0.5887614120674459
20260823,11,681.9732828630156,696.0207327539101,32.791336209678185,13.595256592848694,0.9798174835463396
20260824,11,459.5733050139514,644.4317769259702,44.30830294676394,-44.03843891544849,0.7131450084696016
20260825,11,480.25810781393636,489.23093194946694,15.250394613301419,-14.973509410931493,0.9816593278356787
20260826,11,380.88964414669596,399.59364414669625,30.64775951630843,-30.171252246759877,0.9531924486938691
20260827,11,627.0965782497103,652.7369792399786,20.067566197967718,2.762989794734347,0.9607186327636548
20260828,11,227.37835226815247,245.76711781471295,31.93645211131371,-23.152207841432396,0.9251780884681896
20260829,11,705.720855325703,713.7789517480011,53.137946385690924,39.19789641541883,0.9887106555852281
20260830,11,638.6700274144966,717.8137583762051,27.53102970329213,13.273841147959295,0.8897433630406547
20260831,11,654.0847749264772,701.2461517179913,38.91203043264316,-11.320549834120326,0.9327463306914798
20260901,11,637.601483859158,743.0454439616719,34.06349081839445,-33.94496220324535,0.8580921786690169
20260902,11,464.95471744071244,514.6113618024431,32.216045003290716,-31.197056303228493,0.9035065137547554
20260903,11,576.4751776527194,638.7379205739014,19.87855965247859,5.5785929490332045,0.9025222381266491
20260904,11,542.8739165508857,575.8805832175524,41.03048719103466,34.209665950028864,0.9426848766418686
20260905,11,448.12897869654597,519.0917153480395,52.59252198679218,45.077336399911694,0.8632944149302891
20260906,11,720.823111905675,813.5256599383409,48.362435063782726,-36.354842402298594,0.8860484031447857
20260907,11,529.9054665546907,737.164508293238,56.413058582316474,-56.413058582316474,0.7188428913670634
20260908,11,847.0118655129461,908.2892193345039,30.308038107244414,-11.919682484854455,0.9325354165642799
20260909,11,513.9731151137282,534.673421555386,28.437738820881297,-22.707745291655286,0.9612842052604004
20260910,11,941.3263287951859,1090.0263483544961,70.02806857956729,-70.02806857956729,0.8635812613302534
20260911,11,504.1134392249363,527.688240066064,49.4862430312707,-46.24196959060993,0.9553243770636687
20260912,11,701.1081738161698,759.0303835313734,45.537550246299865,8.998315270324536,0.9236892080054533
20260913,11,415.64805735611395,452.15339482993875,44.15079090870763,-44.15079090870763,0.9192633785541852
20260914,11,1146.3861929093146,1417.702080751867,110.11510451164246,-110.11510451164246,0.8086227765859931
20260915,11,697.2780284404885,873.4529891798818,47.77440659367982,-13.260339507908759,0.7983005806588278
20260916,11,532.990035878422,557.6447025450884,41.13187190456811,-41.13187190456811,0.9557878581933216
20260917,11,770.0300594404566,795.3522293635817,31.284267604050186,0.46414134977558713,0.9681623198021496
20260918,11,762.9212575408715,856.2186957155734,23.61015838037537,7.743724341523606,0.8910355045486015
20260919,11,373.13851337876963,406.322728824341,75.61542937270188,75.61542937270188,0.9183303982487344
20260920,11,308.0456850377083,311.12079191899284,63.19741337900805,63.19741337900805,0.9901160354397491
20260921,11,1161.6655940008256,1217.5093134166818,62.72303873372035,-27.773143238661458,0.9541328195189386
20260922,11,1155.9133841804278,1298.714026635952,131.57368917121298,-131.57368917121298,0.8900445829283761
20260923,11,725.089084434149,865.9837506345431,35.08195079276293,-18.588343520689115,0.8373010277650653
20260924,11,905.441429820243,933.0344776582991,37.67248362748842,-1.9339057288178667,0.9704265506808405
20260925,11,823.0473198894974,915.8019781774626,54.00218454794079,-53.293394785477595,0.8987175606755554
20260926,11,759.9460772926286,776.0202204578405,18.25301210680256,7.820240382485276,0.9792864377222948
20260927,11,698.0817207011494,698.1295221181223,35.60321387945749,27.756478162449636,0.9999315293001392
20260928,11,522.7956419038678,723.7529116682138,79.94877996084311,-77.34879166458073,0.722339949830185
20260929,11,473.84074521255013,555.8821749396667,22.945986958505042,-4.408802779996436,0.85241219555921
20260930,11,760.9134490025625,899.7637673307523,28.7762640617062,-12.662083629329755,0.8456813628536027
20261001,11,499.22045448564404,524.0695409477474,79.15061827667863,-79.15061827667863,0.9525843718809428
20261002,11,574.5710093801836,635.6407626590028,58.41681660942049,-58.41681660942049,0.9039241079767238
20261003,11,485.91428907209803,521.5581485711323,30.049933621611235,-17.98981296054086,0.9316588963345992
20261004,11,534.0867048201694,568.4462189817561,24.57788527002491,-23.595360699992312,0.9395553827006993
20261005,11,664.7521588354292,818.8181588354291,17.257641471779895,-9.051705028325244,0.8118434498092696
20260410,12,625.551755926886,680.3441415551512,47.90545550983,-42.911577007871905,0.9194637209588973
20260411,12,463.4945436405621,532.0875023560592,61.881724846297914,51.982975912740926,0.8710870704315162
20260412,12,456.0241840643405,505.01790670426936,38.22740783098563,-37.36658344726393,0.9029861674417441
20260413,12,151.96447993765221,265.72962390196744,61.279429194008806,-61.279429194008806,0.5718763219027274
20260414,12,336.4770515892754,381.9484882594316,42.11289861887908,-42.11289861887908,0.8809487717116697
20260415,12,343.1573522762692,423.7506312706433,18.960564009739382,8.456156882093403,0.8098096544358884
20260416,12,398.50885806331877,454.44777702336876,16.555195467118043,-15.957368960195879,0.8769079269647886
20260417,12,441.185738362797,445.35016663006195,17.458995760573014,-8.171964625033489,0.9906490923787523
20260418,12,453.87220797933685,519.567970618102,14.131809973590455,3.9666684830612944,0.8735569427795743
20260419,12,372.4604035330342,455.20568928371455,16.667463912870666,7.464849033221024,0.8182244033880957
20260420,12,336.8184866291332,356.81487279276797,14.453211775987036,4.501488734678142,0.9439586528242943
20260421,12,509.6018107767583,556.0777501802851,29.244447398834737,26.426254003016343,0.9164218683656038
20260422,12,576.5366132562476,609.1659126170983,26.24355339724669,22.40986286397739,0.9464361043764437
20260423,12,612.245898982685,639.5423718517593,34.16087582244571,32.96472419129117,0.9573187421655287
20260424,12,615.4701881319431,623.6066019050315,10.619157783465004,2.0068278420663765,0.9869526497182153
20260425,12,816.3942695896269,919.2079587923904,65.34617471806055,65.34617471806055,0.888149696464949
20260426,12,1913.3633895170374,1917.859389517037,62.947701243099495,57.06650421369908,0.9976557196921867
20260427,12,658.3653635178051,675.6917398875271,28.759582740728423,-28.759582740728423,0.9743575726223824
20260428,12,522.901304150183,547.8407054121949,24.305643416525953,19.495125871705053,0.9544769108691048
20260429,12,674.5200259505332,731.9009040438675,18.858893320756017,14.921111518998131,0.9216002087491681
20260430,12,646.832418923285,688.9151248913012,14.459817208130952,4.405563320245932,0.9389145274250495
20260501,12,1947.3890249606382,2104.767611358104,82.86461933299263,73.649624118809,0.925227571182589
20260502,12,904.5007933626113,952.7679115991166,25.009799420484796,-10.484855430149002,0.9493401093289401
20260503,12,502.91855197435575,553.0987820641528,19.22015628978497,-3.5551029452139975,0.909274379700267
20260504,12,515.6862944740136,569.7011094077105,47.67240243377176,-47.67240243377176,0.9051874499773164
20260505,12,206.2323214589224,221.99707077559975,30.017869327471605,-30.017869327471605,0.9289866786908519
20260506,12,202.1152322107175,209.98222045805437,18.614249998634236,-18.149947031242164,0.962534979246453
20260507,12,303.654953398751,353.70075052513045,36.71573111554383,-36.71573111554383,0.8585080833103188
20260508,12,252.52545611594232,288.094239839015,13.124987547065352,-5.872449910642753,0.8765376782855906
20260509,12,450.21850935164207,537.47213409714,22.675796703214555,-3.4707730901100935,0.8376592585733418
20260510,12,425.73195625774065,485.13408007862324,20.109428148630936,-7.203465138711224,0.8775552444980662
20260511,12,81.4778012101619,137.59939414879233,34.06641919700709,-30.43204807271358,0.5921377903892246
20260512,12,381.02010826408264,416.2113401098772,20.59340263103461,-14.221959258064212,0.9154486472269009
20260513,12,308.81177952560535,323.35151077117837,44.671656937031734,-44.671656937031734,0.955034286956333
20260514,12,401.02088305284593,513.1167700479166,25.210088235703083,17.741320233355108,0.781539225497146
20260515,12,342.8203392217058,363.50535610454165,15.063519502689886,-14.492295811574701,0.9430957026204396
20260516,12,485.6484151882456,524.5221653038125,21.716340741673097,21.61128250168208,0.9258873071778568
20260517,12,571.4996261403637,574.4673457630312,22.277908836131193,-8.156220482267523,0.994833962897011
20260518,12,373.8842441256041,414.23457745893757,27.04420956992426,-27.04420956992426,0.9025906200760526
20260519,12,285.79103660842793,315.38587652374883,17.35307829248625,-10.780269341989388,0.9061630779363946
20260520,12,389.5024653380141,429.2590159742663,13.350718765561282,-8.658269787593966,0.9073833066825192
20260521,12,640.483320384071,649.0407876485298,27.7032404695705,-11.737501556277941,0.9868152088014955
20260522,12,633.0483034971772,687.8370618047659,27.250227394162092,-16.642633730033676,0.9203463125935197
20260523,12,684.5015658074637,689.2912289945477,22.523258493071285,-10.656322004726055,0.9930513214362664
20260524,12,700.3251422362976,757.8595159133123,25.345961453562552,4.49626362646998,0.9240830622708763
20260525,12,623.1712998391379,700.5292206727684,40.8491969877332,3.3491162638560383,0.889572171223153
20260526,12,707.952986357363,732.788128739865,35.62398995336246,-17.42642504036691,0.9661086998977322
20260527,12,550.9315663508964,575.1599855623716,26.729913158211104,-7.236964747215306,0.9578753393496499
20260528,12,1072.4952552900863,1157.241293828857,47.43863215927748,-41.691137562012536,0.9267689124206938
20260529,12,725.675132637128,743.252313469493,23.083174066497445,-11.114262801196569,0.9763509907553265
20260530,12,596.6372789252234,607.701583144504,22.498274974762356,-13.299545932956237,0.9817931950053032
20260531,12,527.7714911345473,577.4744694865686,20.123915195442645,-13.991100170097965,0.9139304315977602
20260601,12,688.0200159377418,766.2249423719293,74.18206235055068,-74.0523450982893,0.8979347680955204
20260602,12,212.35783830926528,244.23779660307727,46.23697096686694,10.888431058530529,0.8694716430576809
20260603,12,303.66017536151196,355.7395793325714,19.024972974856116,-8.765863329177552,0.8536024468551704
20260604,12,434.1530558798156,449.2192304910837,28.500588660681903,28.379316232399376,0.966461421086542
20260605,12,467.7169403117221,555.1116269799429,33.27454944842601,-31.8551804304622,0.8425637611957666
20260606,12,486.703381073831,542.9993570453098,22.24605628869553,6.264116716992397,0.8963240467211432
20260607,12,574.7784010954625,673.9426517261347,40.13977190346048,35.351533017009196,0.8528595120420293
20260608,12,300.31027933900566,474.0006698825158,28.552762028803127,-27.353395268066468,0.633565094778114
20260609,12,450.06369655120113,544.4914357899412,27.050533472095726,8.997033531363249,0.8265762635885255
20260610,12,417.97586249595156,435.77979984738806,31.971550332845748,-31.971550332845748,0.9591446474626141
20260611,12,366.64485447421646,390.2572206283409,12.203091160560243,-4.173073060168246,0.9394953766233795
20260612,12,141.34414050085843,215.54053309240095,22.769978549858774,-3.228884598739727,0.6557659409715992
20260613,12,370.1930483043287,493.207455763034,52.98428188881419,52.98428188881419,0.7505828307717054
20260614,12,475.20561601394104,487.1178590406116,22.454759007643972,18.042491818263944,0.9755454602914129
20260615,12,583.4230443987888,597.1578589797375,17.27290598697738,12.298709412950409,0.9769996921678045
20260616,12,392.17042342902005,400.1449789845754,29.901703334737096,-29.901703334737096,0.9800708343865968
20260617,12,296.97735505420036,304.31731779276663,17.36543944250281,-15.301726787547338,0.9758805618037005
20260618,12,1206.8836630691271,1219.9360362999466,46.87339796455529,-35.897405642027984,0.9893007724647538
20260619,12,535.5050190685281,606.0906736256186,21.83835289449964,4.51431366696288,0.8835394477614233
20260620,12,632.1130413369397,636.7395799771934,26.703431952957388,10.173436079560354,0.9927340175077235
20260621,12,490.51001975789796,552.8841367210177,21.456779853886662,-11.830690520453416,0.8871841081694962
20260622,12,680.2867474063588,716.8548463916607,39.137519866163835,-39.137519866163835,0.9489881401104143
20260623,12,1374.2496068200098,1414.8592704978223,72.5615762916581,-72.5615762916581,0.9712977364430571
20260624,12,1635.8268952353642,1857.4610754063392,74.82753041957962,-74.82753041957962,0.8806789638256671
20260625,12,621.9552574193369,721.8813832556789,32.74791996012545,0.5191586542758037,0.861575422009533
20260626,12,754.2880234322772,853.5507974018601,29.630747239310363,-26.69642081330727,0.8837060731807284
20260627,12,687.5519245684561,730.6803254654914,15.437580136882339,-0.03989843358164465,0.9409750072720795
20260628,12,522.1986410603372,586.5464279141964,13.89316975451812,8.121022146794475,0.8902937878546378
20260629,12,588.0045767329898,662.6000606084876,45.45749186799653,-45.337724606588374,0.8874200467066147
20260630,12,949.9568340834971,1206.3715893574304,71.22876629030465,-71.22876629030465,0.7874496071227012
20260701,12,385.31599692181067,468.0567350819622,43.95961678226292,-14.380396929025418,0.8232249811645961
20260702,12,381.57224825392086,456.43244879169345,62.15091486065821,61.34411486348955,0.8359884343544179
20260703,12,504.04416738425743,523.3005857278526,31.848460579053963,29.465238449307293,0.9632019935219226
20260704,12,416.0832363187428,508.54965387962824,30.223468293715854,23.222091089453595,0.8181762255554069
20260705,12,509.23017600613423,520.690685743258,25.232675139140913,14.922406606028874,0.9779897930750105
20260706,12,340.30913527334087,496.96973436001883,43.31995509509765,20.762330180362753,0.6847683304327973
20260707,12,426.03747155900385,469.2061015765529,53.42834437141923,53.38674500573699,0.9079964436257317
20260708,12,520.4284120291052,522.8817453624383,12.135969178383926,1.4200318722184129,0.9953080531973197
20260709,12,500.18613217907887,541.6415921679883,27.249352189106602,-27.249352189106602,0.9234633001077729
20260710,12,437.97519828688087,448.5529199534687,16.058526891479072,-16.058526891479072,0.9764181188081774
20260711,12,576.0023758828379,580.905855950301,12.800635437039977,8.250932039785917,0.9915589074938116
20260712,12,575.197477808348,575.8970606246139,19.089406565976088,4.7272152172759725,0.998785229402791
20260713,12,407.3549716116811,483.0838486546736,40.35439040446571,-38.824578258419336,0.8432386484170653
20260714,12,400.26413596682255,404.6548733442636,15.859759230817419,-15.761713490832534,0.9891494266678321
20260715,12,438.261472499879,466.62554367703297,27.942775500895294,-27.942775500895294,0.9392144910164076
20260716,12,575.1360811250131,583.2584380691337,46.302235222394465,-46.302235222394465,0.9860741715610502
20260717,12,159.9329990468965,196.29566142697433,26.758727903185605,-18.60134297071348,0.814755649127755
20260718,12,535.3181216712333,562.3088090734111,26.31817540438746,21.09659547483376,0.9520002408522571
20260719,12,564.2666054494399,576.6690502223898,16.648270953223335,5.488047799334723,0.9784929592316998
20260720,12,660.950758506016,665.8856371224915,22.422718804732508,1.3658330982621942,0.9925889997600778
20260721,12,597.5877034859104,609.3500257559506,14.028063683225575,-4.792367891517668,0.980696936452168
20260722,12,573.123915889817,581.026915889817,15.57733054360184,10.078447120707034,0.98639822048881
20260723,12,660.9445852817109,700.3881473422275,19.34272763897224,-7.5666782341797,0.9436832816057873
20260724,12,608.0678807818232,643.1135169475269,14.582031179365819,-12.215103345048464,0.945506298278344
20260725,12,636.1758772251335,664.3805643839763,30.950307517297958,28.824721962666718,0.9575473927582535
20260726,12,560.9660301479473,563.2013336737463,28.926261819741516,5.943177668562833,0.9960310755814122
20260727,12,662.9567246552281,792.3949912764529,29.228245334534876,17.259789795760465,0.8366493124688795
20260728,12,751.6708120784448,798.2976334603404,26.305582756414694,-19.045956704860288,0.9415921838828649
20260729,12,887.2735645219569,897.5100393253783,22.614709357681004,-21.560612097852864,0.988594584623125
20260730,12,586.9899233601097,662.5867943765352,21.642908879663363,-1.5459618436517344,0.885906462884521
20260731,12,307.83270095937746,347.0657960798824,31.364944012241192,-30.444031275365507,0.8869577596996195
20260801,12,589.7428354622368,645.2354705531965,17.13777685521932,6.473779067566478,0.9139963042586876
20260802,12,638.3387973044619,681.6272289580232,20.743002975667544,-2.3770724187497123,0.9364925140685258
20260803,12,553.8774761011031,634.2586342350943,38.06285080926236,-36.698825096203834,0.8732675382008326
20260804,12,425.73352831502945,485.8980722963252,30.562799786345863,-30.296189178853552,0.8761786732411558
20260805,12,638.9194295282082,721.588293565337,28.23177744014504,12.521325414945801,0.8854348597748648
20260806,12,559.9770187723817,635.1799772689466,17.12177889348198,9.795715129244764,0.8816037010172905
20260807,12,476.20430080025096,608.1101660703428,15.424754415691055,-10.402125666260345,0.7830888667386072
20260808,12,662.9221864690719,705.075855427106,24.189290318090496,18.64353053447284,0.9402139945176549
20260809,12,645.9710589212666,664.4025934736795,16.656054391546768,3.5039262376620868,0.972258484940512
20260810,12,525.4843362245751,643.7405819928131,19.690643594871318,0.43882352551192927,0.816298289907163
20260811,12,700.9843060358314,724.7365887937062,19.337688845725875,14.542178927504926,0.9672263231563767
20260812,12,755.3597493367549,927.5544634804529,32.12381820668502,-30.937857707743216,0.8143562228167459
20260813,12,1049.3452606918954,1071.1523662795032,31.00160122472843,-27.97282432293751,0.9796414531918072
20260814,12,775.1707765001204,794.9977312615922,18.676229974799885,-12.353889811801418,0.9750603630905862
20260815,12,610.3924037396849,661.6347580558697,18.989816471571434,-1.8996974045517536,0.9225519008905246
20260816,12,542.5997287391176,582.0370860198602,34.217659919207165,-32.57610935487528,0.9322425353504074
20260817,12,167.35705229893654,253.03409956520574,46.435419622647174,-42.868894092281145,0.6614011810523166
20260818,12,213.18191181831594,251.64934448168955,18.16620553219023,-15.243693914079941,0.8471387527648713
20260819,12,252.1624261705338,295.00305062810884,30.882865948250622,-30.345939446652135,0.8547790459577944
20260820,12,414.42959477969123,446.1118024712655,18.674494474653873,-11.69851735065417,0.928981462682519
20260821,12,178.95653055769787,238.79199637843124,40.4056838659462,-37.71863253328548,0.7494243243985963
20260822,12,478.54609263829207,606.5080854033786,62.56570440914293,60.89998084569644,0.789018488220184
20260823,12,666.4248345658955,696.0207327539101,42.60182014144582,21.25322704503418,0.9574784244272235
20260824,12,589.3987804177281,644.4317769259702,34.11980395580841,-33.476007650537895,0.9146022923159419
20260825,12,487.78121684454914,489.23093194946694,24.234211642009797,-24.057061524100803,0.9970367468403091
20260826,12,395.71980760549644,399.59364414669625,37.40256854466944,-37.40256854466944,0.990305560166073
20260827,12,641.8014671385992,652.7369792399786,17.871450723846106,-5.021759165444087,0.9832466790618906
20260828,12,227.54350665898778,245.76711781471295,28.443494682023157,-23.151453218794,0.9258500839422132
20260829,12,694.951438632751,713.7789517480011,40.09988129655931,20.12509089137406,0.9736227678483056
20260830,12,697.7236710583961,717.8137583762051,21.510497147464108,-11.498461268196309,0.9720121172332283
20260831,12,683.9937887393469,701.2461517179913,25.476242403573806,2.8682527683462067,0.9753975648402808
20260901,12,707.0344386165178,743.0454439616719,32.7286367771087,-32.7286367771087,0.9515359314321943
20260902,12,502.21619474642387,514.6113618024431,34.6207278344576,-34.6207278344576,0.9759135379121737
20260903,12,569.7799126657442,638.7379205739014,17.80093202325972,-2.5957363322329674,0.8920402160463575
20260904,12,555.8349106218237,575.8805832175524,40.35338958993709,38.141444461092426,0.9651912685026994
20260905,12,450.2708436339673,519.0917153480395,46.56415159471701,39.50911964509452,0.8674205931644866
20260906,12,664.3306204464136,813.5256599383409,44.163084383545595,-35.496586997550395,0.8166068424894734
20260907,12,513.3989072922361,737.164508293238,47.62985323752719,-47.508570240849245,0.6964509299028953
20260908,12,903.6610604665018,908.2892193345039,29.227433039700177,-10.871502842967608,0.9949045317620382
20260909,12,526.3878154486683,534.673421555386,15.446284505210512,-12.901509655596849,0.9845034262548258
20260910,12,1001.2405979628069,1090.0263483544961,68.3336705121445,-68.3336705121445,0.9185471520704795
20260911,12,487.48024006606414,527.688240066064,58.35319533002141,-58.35319533002141,0.9238034942848715
20260912,12,670.8345127702441,759.0303835313734,40.50363287673315,10.770194290731373,0.883804558190675
20260913,12,434.2903532940909,452.15339482993875,40.93292305247646,-39.55273243106677,0.9604934039197772
20260914,12,892.5972062680867,1417.702080751867,101.23281997137137,-101.23281997137137,0.6296084476328798
20260915,12,742.1752264274322,873.4529891798818,44.552489811713876,-6.301456354934543,0.8497025433781946
20260916,12,549.9877102910225,557.6447025450884,35.57062167370382,-33.386867308513914,0.9862690486987155
20260917,12,712.8921489318898,795.3522293635817,35.43146753201524,21.546317103290622,0.8963225632778145
20260918,12,771.4397528486435,856.2186957155734,36.83660239351877,33.82609934132129,0.9009844759392026
20260919,12,370.4131968268689,406.322728824341,95.11762196353506,95.11762196353506,0.9116231275041561
20260920,12,306.8486703326623,311.12079191899284,79.2286494395678,79.2286494395678,0.9862686078934806
20260921,12,1151.3964103377723,1217.5093134166818,52.658073635727824,4.700931501447126,0.9456982362677968
20260922,12,1248.3508718799799,1298.714026635952,109.89637705102825,-109.89637705102825,0.9612207508943078
20260923,12,701.2552966151716,865.9837506345431,34.93585843669435,-19.739812511895696,0.8097788164054257
20260924,12,917.0603189605836,933.0344776582991,37.36607874099871,10.222739775073771,0.9828793478909729
20260925,12,908.2726448441292,915.8019781774626,62.7952393252253,-62.7952393252253,0.9917784264363377
20260926,12,759.3926649022851,776.0202204578405,30.467139394079897,-13.094777151043763,0.9785732960080017
20260927,12,609.8528297561652,698.1295221181223,23.23571967559489,6.1621578077346015,0.8735525578489706
20260928,12,568.7763975146903,723.7529116682138,84.75332515887952,-83.96212832051881,0.7858709627898969
20260929,12,483.36344783068705,555.8821749396667,38.29420772792812,35.095505358879244,0.8695429888233949
20260930,12,873.4282267803403,899.7637673307523,31.035050691524656,11.892363148877038,0.9707306056249194
20261001,12,517.7824544856435,524.0695409477474,63.10039725058542,-63.10039725058542,0.9880033354910607
20261002,12,586.1587471062613,635.6407626590028,48.901746526017355,-26.03503020191266,0.9221541183958231
20261003,12,465.985255079324,521.5581485711323,24.118402580684258,-8.36232028512495,0.8934483266265583
20261004,12,539.8858856484226,568.4462189817561,44.185203789456274,-44.185203789456274,0.9497571935925742
20261005,12,794.3856833748904,818.8181588354291,30.53843166085048,-22.359209339194155,0.9701612925935985
