timestamp,model_key,predicted,actual
2026-09-22 19:00:00,1,222.32,289.14
2026-09-22 20:00:00,1,199.46,246.68
2026-09-22 21:00:00,1,182.71,213.01
2026-09-22 22:00:00,1,176.55,188.96
2026-09-22 23:00:00,1,171.22,177.34
2026-09-23 00:00:00,1,168.7,176.48
2026-09-23 01:00:00,1,168.64,176.85
2026-09-23 02:00:00,1,169.67,175.95
2026-09-23 03:00:00,1,190.12,198.62
2026-09-23 04:00:00,1,223.77,300.0
2026-09-23 05:00:00,1,238.07,346.08
2026-09-23 06:00:00,1,224.99,232.06
2026-09-23 07:00:00,1,191.6,182.28
2026-09-23 08:00:00,1,172.91,141.35
2026-09-23 09:00:00,1,142.2,97.41
2026-09-23 10:00:00,1,113.52,73.06
2026-09-23 11:00:00,1,97.51,57.32
2026-09-23 12:00:00,1,102.44,75.09
2026-09-23 13:00:00,1,122.04,110.41
2026-09-23 14:00:00,1,158.53,156.81
2026-09-23 15:00:00,1,204.89,199.01
2026-09-23 16:00:00,1,231.08,243.72
2026-09-23 17:00:00,1,254.43,271.59
2026-09-23 18:00:00,1,246.91,236.63
2026-09-23 19:00:00,1,220.27,195.2
2026-09-23 20:00:00,1,200.79,170.12
2026-09-23 21:00:00,1,185.2,154.0
2026-09-23 22:00:00,1,183.52,130.37
2026-09-23 23:00:00,1,169.08,118.87
2026-09-24 00:00:00,1,165.49,114.51
2026-09-24 01:00:00,1,165.56,107.03
2026-09-24 02:00:00,1,165.64,107.32
2026-09-24 03:00:00,1,165.01,121.7
2026-09-24 04:00:00,1,199.1,147.81
2026-09-24 05:00:00,1,216.44,168.02
2026-09-24 06:00:00,1,198.45,173.77
2026-09-24 07:00:00,1,163.39,152.41
2026-09-24 08:00:00,1,111.34,111.73
2026-09-24 09:00:00,1,34.76,68.41
2026-09-24 10:00:00,1,10.67,16.0
2026-09-24 11:00:00,1,1.91,11.6
2026-09-24 12:00:00,1,12.23,19.69
2026-09-24 13:00:00,1,31.2,75.88
2026-09-24 14:00:00,1,74.36,117.68
2026-09-24 15:00:00,1,151.48,180.03
2026-09-24 16:00:00,1,198.49,226.04
2026-09-24 17:00:00,1,216.97,267.32
2026-09-24 18:00:00,1,215.72,260.0
2026-09-24 19:00:00,1,205.73,225.82
2026-09-24 20:00:00,1,193.38,204.87
2026-09-24 21:00:00,1,179.37,188.01
2026-09-24 22:00:00,1,139.24,181.94
2026-09-24 23:00:00,1,130.44,172.17
2026-09-25 00:00:00,1,129.51,165.64
2026-09-25 01:00:00,1,130.18,167.12
2026-09-25 02:00:00,1,131.11,169.71
2026-09-25 03:00:00,1,146.64,187.91
2026-09-25 04:00:00,1,186.01,235.27
2026-09-25 05:00:00,1,211.36,261.4
2026-09-25 06:00:00,1,205.0,249.74
2026-09-25 07:00:00,1,162.61,196.24
2026-09-25 08:00:00,1,95.97,158.54
2026-09-25 09:00:00,1,42.4,108.41
2026-09-25 10:00:00,1,6.26,60.19
2026-09-25 11:00:00,1,0.14,30.11
2026-09-25 12:00:00,1,0.0,39.89
2026-09-25 13:00:00,1,3.03,87.04
2026-09-25 14:00:00,1,30.76,154.52
2026-09-25 15:00:00,1,97.91,199.0
2026-09-25 16:00:00,1,180.1,241.43
2026-09-25 17:00:00,1,192.72,303.43
2026-09-25 18:00:00,1,194.99,252.17
2026-09-25 19:00:00,1,178.43,224.17
2026-09-25 20:00:00,1,163.18,206.35
2026-09-25 21:00:00,1,134.65,186.76
2026-09-25 22:00:00,1,103.39,196.3
2026-09-25 23:00:00,1,79.53,184.03
2026-09-26 00:00:00,1,59.23,175.09
2026-09-26 01:00:00,1,31.89,163.55
2026-09-26 02:00:00,1,35.79,160.76
2026-09-26 03:00:00,1,35.79,160.55
2026-09-26 04:00:00,1,42.74,178.74
2026-09-26 05:00:00,1,42.14,194.31
2026-09-26 06:00:00,1,31.0,191.92
2026-09-26 07:00:00,1,6.55,156.44
2026-09-26 08:00:00,1,0.0,111.99
2026-09-26 09:00:00,1,-0.31,53.1
2026-09-26 10:00:00,1,-0.75,11.0
2026-09-26 11:00:00,1,-1.26,3.3
2026-09-26 12:00:00,1,-1.3,18.45
2026-09-26 13:00:00,1,-1.68,51.53
2026-09-26 14:00:00,1,-0.05,127.39
2026-09-26 15:00:00,1,8.3,191.88
2026-09-26 16:00:00,1,65.46,214.37
2026-09-26 17:00:00,1,120.78,236.79
2026-09-26 18:00:00,1,114.8,226.36
2026-09-26 19:00:00,1,89.97,208.49
2026-09-26 20:00:00,1,83.6,199.31
2026-09-26 21:00:00,1,78.37,186.0
2026-09-26 22:00:00,1,15.79,183.22
2026-09-26 23:00:00,1,12.86,178.27
2026-09-27 00:00:00,1,10.0,171.34
2026-09-27 01:00:00,1,7.81,166.43
2026-09-27 02:00:00,1,9.0,161.57
2026-09-27 03:00:00,1,10.01,158.67
2026-09-27 04:00:00,1,10.0,159.34
2026-09-27 05:00:00,1,12.27,151.2
2026-09-27 06:00:00,1,9.84,127.7
2026-09-27 07:00:00,1,3.66,56.74
2026-09-27 08:00:00,1,-0.01,1.39
2026-09-27 09:00:00,1,-0.11,-0.07
2026-09-27 10:00:00,1,-1.16,-1.95
2026-09-27 11:00:00,1,-1.98,-2.49
2026-09-27 12:00:00,1,-1.94,-0.84
2026-09-27 13:00:00,1,-1.24,-0.01
2026-09-27 14:00:00,1,-0.09,13.1
2026-09-27 15:00:00,1,2.68,114.26
2026-09-27 16:00:00,1,50.41,186.21
2026-09-27 17:00:00,1,82.31,195.75
2026-09-27 18:00:00,1,86.65,183.85
2026-09-27 19:00:00,1,75.65,159.76
2026-09-27 20:00:00,1,71.32,155.42
2026-09-27 21:00:00,1,58.34,146.43
2026-09-27 22:00:00,1,46.77,150.71
2026-09-27 23:00:00,1,42.59,151.41
2026-09-28 00:00:00,1,39.35,151.49
2026-09-28 01:00:00,1,39.94,154.59
2026-09-28 02:00:00,1,41.93,160.96
2026-09-28 03:00:00,1,58.82,175.17
2026-09-28 04:00:00,1,123.86,211.13
2026-09-28 05:00:00,1,178.11,240.98
2026-09-28 06:00:00,1,178.68,242.15
2026-09-28 07:00:00,1,83.07,210.11
2026-09-28 08:00:00,1,33.84,179.31
2026-09-28 09:00:00,1,8.91,153.52
2026-09-28 10:00:00,1,0.2,126.14
2026-09-28 11:00:00,1,0.0,121.34
2026-09-28 12:00:00,1,0.01,138.29
2026-09-28 13:00:00,1,1.4,153.73
2026-09-28 14:00:00,1,28.58,188.08
2026-09-28 15:00:00,1,107.19,236.67
2026-09-28 16:00:00,1,212.43,310.58
2026-09-28 17:00:00,1,242.98,342.21
2026-09-28 18:00:00,1,241.03,277.31
2026-09-28 19:00:00,1,217.76,229.0
2026-09-28 20:00:00,1,205.72,203.35
2026-09-28 21:00:00,1,185.2,181.29
2026-09-28 22:00:00,1,181.37,183.86
2026-09-28 23:00:00,1,176.1,173.96
2026-09-29 00:00:00,1,173.55,169.04
2026-09-29 01:00:00,1,171.58,164.91
2026-09-29 02:00:00,1,174.88,160.4
2026-09-29 03:00:00,1,191.5,165.71
2026-09-29 04:00:00,1,238.63,216.1
2026-09-29 05:00:00,1,290.45,228.62
2026-09-29 06:00:00,1,249.02,215.94
2026-09-29 07:00:00,1,205.85,184.2
2026-09-29 08:00:00,1,172.27,161.82
2026-09-29 09:00:00,1,148.55,125.34
2026-09-29 10:00:00,1,125.76,88.44
2026-09-29 11:00:00,1,116.02,72.44
2026-09-29 12:00:00,1,119.14,81.55
2026-09-29 13:00:00,1,136.61,112.26
2026-09-29 14:00:00,1,176.87,155.01
2026-09-29 15:00:00,1,226.89,203.35
2026-09-29 16:00:00,1,374.8,230.8
2026-09-29 17:00:00,1,596.38,229.8
2026-09-29 18:00:00,1,433.16,201.89
2026-09-29 19:00:00,1,289.14,169.94
2026-09-29 20:00:00,1,246.68,154.15
2026-09-29 21:00:00,1,213.01,130.39
2026-09-29 22:00:00,1,188.96,109.6
2026-09-29 23:00:00,1,177.34,105.5
2026-09-30 00:00:00,1,176.48,101.71
2026-09-30 01:00:00,1,176.85,102.87
2026-09-30 02:00:00,1,175.95,104.3
2026-09-30 03:00:00,1,198.62,122.2
2026-09-30 04:00:00,1,300.0,160.37
2026-09-30 05:00:00,1,346.08,198.91
2026-09-30 06:00:00,1,232.06,193.75
2026-09-30 07:00:00,1,182.28,165.21
2026-09-30 08:00:00,1,141.35,122.31
2026-09-30 09:00:00,1,97.41,81.42
2026-09-30 10:00:00,1,73.06,42.91
2026-09-30 11:00:00,1,57.32,20.0
2026-09-30 12:00:00,1,75.09,37.51
2026-09-30 13:00:00,1,110.41,84.93
2026-09-30 14:00:00,1,156.81,148.47
2026-09-30 15:00:00,1,199.01,202.17
2026-09-30 16:00:00,1,243.72,230.33
2026-09-30 17:00:00,1,271.59,249.74
2026-09-30 18:00:00,1,236.63,233.04
2026-09-30 19:00:00,1,195.2,206.18
2026-09-30 20:00:00,1,170.12,186.89
2026-09-30 21:00:00,1,154.0,167.64
2026-09-30 22:00:00,1,130.37,158.0
2026-09-30 23:00:00,1,118.87,159.62
2026-10-01 00:00:00,1,114.51,158.43
2026-10-01 01:00:00,1,107.03,159.51
2026-10-01 02:00:00,1,107.32,158.05
2026-10-01 03:00:00,1,121.7,166.64
2026-10-01 04:00:00,1,147.81,208.17
2026-10-01 05:00:00,1,168.02,237.24
2026-10-01 06:00:00,1,173.77,233.36
2026-10-01 07:00:00,1,152.41,208.3
2026-10-01 08:00:00,1,111.73,183.4
2026-10-01 09:00:00,1,68.41,160.11
2026-10-01 10:00:00,1,16.0,162.19
2026-10-01 11:00:00,1,11.6,152.02
2026-10-01 12:00:00,1,19.69,150.34
2026-10-01 13:00:00,1,75.88,156.88
2026-10-01 14:00:00,1,117.68,189.18
2026-10-01 15:00:00,1,180.03,232.28
2026-10-01 16:00:00,1,226.04,274.69
2026-10-01 17:00:00,1,267.32,300.54
2026-10-01 18:00:00,1,260.0,257.51
2026-10-01 19:00:00,1,225.82,226.42
2026-10-01 20:00:00,1,204.87,205.0
2026-10-01 21:00:00,1,188.01,186.43
2026-10-01 22:00:00,1,181.94,175.03
2026-10-01 23:00:00,1,172.17,163.9
2026-10-02 00:00:00,1,165.64,160.96
2026-10-02 01:00:00,1,167.12,160.07
2026-10-02 02:00:00,1,169.71,163.14
2026-10-02 03:00:00,1,187.91,177.87
2026-10-02 04:00:00,1,235.27,221.67
2026-10-02 05:00:00,1,261.4,260.34
2026-10-02 06:00:00,1,249.74,264.29
2026-10-02 07:00:00,1,196.24,225.49
2026-10-02 08:00:00,1,158.54,186.85
2026-10-02 09:00:00,1,108.41,170.07
2026-10-02 10:00:00,1,60.19,152.61
2026-10-02 11:00:00,1,30.11,140.86
2026-10-02 12:00:00,1,39.89,142.31
2026-10-02 13:00:00,1,87.04,150.1
2026-10-02 14:00:00,1,154.52,181.03
2026-10-02 15:00:00,1,199.0,224.85
2026-10-02 16:00:00,1,241.43,266.56
2026-10-02 17:00:00,1,303.43,319.81
2026-10-02 18:00:00,1,252.17,268.11
2026-10-02 19:00:00,1,224.17,229.96
2026-10-02 20:00:00,1,206.35,211.5
2026-10-02 21:00:00,1,186.76,194.7
2026-10-02 22:00:00,1,196.3,194.14
2026-10-02 23:00:00,1,184.03,178.98
2026-10-03 00:00:00,1,175.09,173.51
2026-10-03 01:00:00,1,163.55,169.11
2026-10-03 02:00:00,1,160.76,166.07
2026-10-03 03:00:00,1,160.55,169.9
2026-10-03 04:00:00,1,178.74,182.93
2026-10-03 05:00:00,1,194.31,198.61
2026-10-03 06:00:00,1,191.92,189.13
2026-10-03 07:00:00,1,156.44,173.33
2026-10-03 08:00:00,1,111.99,151.96
2026-10-03 09:00:00,1,53.1,125.04
2026-10-03 10:00:00,1,11.0,84.15
2026-10-03 11:00:00,1,3.3,56.71
2026-10-03 12:00:00,1,18.45,70.21
2026-10-03 13:00:00,1,51.53,114.15
2026-10-03 14:00:00,1,127.39,157.32
2026-10-03 15:00:00,1,191.88,194.32
2026-10-03 16:00:00,1,214.37,227.68
2026-10-03 17:00:00,1,236.79,237.11
2026-10-03 18:00:00,1,226.36,223.22
2026-10-03 19:00:00,1,208.49,215.19
2026-10-03 20:00:00,1,199.31,208.44
2026-10-03 21:00:00,1,186.0,194.97
2026-10-03 22:00:00,1,183.22,194.08
2026-10-03 23:00:00,1,178.27,188.6
2026-10-04 00:00:00,1,171.34,182.69
2026-10-04 01:00:00,1,166.43,179.73
2026-10-04 02:00:00,1,161.57,176.73
2026-10-04 03:00:00,1,158.67,181.33
2026-10-04 04:00:00,1,159.34,189.63
2026-10-04 05:00:00,1,151.2,196.53
2026-10-04 06:00:00,1,127.7,186.69
2026-10-04 07:00:00,1,56.74,173.09
2026-10-04 08:00:00,1,1.39,143.73
2026-10-04 09:00:00,1,-0.07,110.55
2026-10-04 10:00:00,1,-1.95,76.91
2026-10-04 11:00:00,1,-2.49,50.19
2026-10-04 12:00:00,1,-0.84,55.83
2026-10-04 13:00:00,1,-0.01,90.0
2026-10-04 14:00:00,1,13.1,149.31
2026-10-04 15:00:00,1,114.26,198.9
2026-10-04 16:00:00,1,186.21,224.37
2026-10-04 17:00:00,1,195.75,238.71
2026-10-04 18:00:00,1,183.85,229.89
2026-10-04 19:00:00,1,159.76,216.65
2026-10-04 20:00:00,1,155.42,212.29
2026-10-04 21:00:00,1,146.43,192.42
2026-10-04 22:00:00,1,150.71,167.36
2026-10-04 23:00:00,1,151.41,161.95
2026-10-05 00:00:00,1,151.49,154.94
2026-10-05 01:00:00,1,154.59,149.96
2026-10-05 02:00:00,1,160.96,149.98
2026-10-05 03:00:00,1,175.17,155.14
2026-10-05 04:00:00,1,211.13,198.03
2026-10-05 05:00:00,1,240.98,221.8
2026-10-05 06:00:00,1,242.15,231.45
2026-10-05 07:00:00,1,210.11,188.01
2026-10-05 08:00:00,1,179.31,146.11
2026-10-05 09:00:00,1,153.52,92.45
2026-10-05 10:00:00,1,126.14,59.65
2026-10-05 11:00:00,1,121.34,6.71
2026-10-05 12:00:00,1,138.29,35.95
2026-10-05 13:00:00,1,153.73,70.64
2026-10-05 14:00:00,1,188.08,128.97
2026-10-05 15:00:00,1,236.67,184.31
2026-10-05 16:00:00,1,310.58,224.72
2026-10-05 17:00:00,1,342.21,252.05
2026-10-05 18:00:00,1,277.31,221.83
2026-10-05 19:00:00,1,229.0,200.2
2026-10-05 20:00:00,1,203.35,189.26
2026-10-05 21:00:00,1,181.29,167.52
2026-10-05 22:00:00,1,183.86,151.76
2026-10-05 23:00:00,1,173.96,149.89
2026-10-06 00:00:00,1,169.04,151.88
2026-10-06 01:00:00,1,164.91,151.53
2026-10-06 02:00:00,1,160.4,153.2
2026-10-06 03:00:00,1,165.71,166.94
2026-10-06 04:00:00,1,216.1,207.39
2026-10-06 05:00:00,1,228.62,241.01
2026-10-06 06:00:00,1,215.94,249.8
2026-10-06 07:00:00,1,184.2,210.35
2026-10-06 08:00:00,1,161.82,171.87
2026-10-06 09:00:00,1,125.34,142.07
2026-10-06 10:00:00,1,88.44,132.49
2026-10-06 11:00:00,1,72.44,127.02
2026-10-06 12:00:00,1,81.55,136.67
2026-10-06 13:00:00,1,112.26,154.55
2026-10-06 14:00:00,1,155.01,190.0
2026-10-06 15:00:00,1,203.35,250.01
2026-10-06 16:00:00,1,230.8,339.65
2026-10-06 17:00:00,1,229.8,382.32
2026-10-06 18:00:00,1,201.89,296.18
2026-09-22 19:00:00,2,199.66086688750354,289.14
2026-09-22 20:00:00,2,187.78666578768795,246.68
2026-09-22 21:00:00,2,170.78045547866162,213.01
2026-09-22 22:00:00,2,165.1410387342629,188.96
2026-09-22 23:00:00,2,159.27340566864484,177.34
2026-09-23 00:00:00,2,146.60805425328977,176.48
2026-09-23 01:00:00,2,143.78220177152457,176.85
2026-09-23 02:00:00,2,144.44889180734907,175.95
2026-09-23 03:00:00,2,157.94302552763466,198.62
2026-09-23 04:00:00,2,197.95226675867792,300.0
2026-09-23 05:00:00,2,235.47222080125678,346.08
2026-09-23 06:00:00,2,208.88849606920638,232.06
2026-09-23 07:00:00,2,165.49981124951267,182.28
2026-09-23 08:00:00,2,135.36364347545066,141.35
2026-09-23 09:00:00,2,111.99759407529888,97.41
2026-09-23 10:00:00,2,92.24104797388759,73.06
2026-09-23 11:00:00,2,83.39448213473341,57.32
2026-09-23 12:00:00,2,85.0366118201924,75.09
2026-09-23 13:00:00,2,97.52489574674132,110.41
2026-09-23 14:00:00,2,129.63542339258066,156.81
2026-09-23 15:00:00,2,175.8734499808352,199.01
2026-09-23 16:00:00,2,278.63938361015835,243.72
2026-09-23 17:00:00,2,412.6351031600232,271.59
2026-09-23 18:00:00,2,317.0452073915909,236.63
2026-09-23 19:00:00,2,227.19182511902358,195.2
2026-09-23 20:00:00,2,197.98028793880124,170.12
2026-09-23 21:00:00,2,173.45467176046628,154.0
2026-09-23 22:00:00,2,158.24390987042318,130.37
2026-09-23 23:00:00,2,148.3311730256152,118.87
2026-09-24 00:00:00,2,142.42699554726684,114.51
2026-09-24 01:00:00,2,141.68093285431178,107.03
2026-09-24 02:00:00,2,140.85902638266867,107.32
2026-09-24 03:00:00,2,155.44821086703604,121.7
2026-09-24 04:00:00,2,224.6383747589561,147.81
2026-09-24 05:00:00,2,259.4981897894072,168.02
2026-09-24 06:00:00,2,185.99253248153718,173.77
2026-09-24 07:00:00,2,146.0369091666753,152.41
2026-09-24 08:00:00,2,109.83431285506518,111.73
2026-09-24 09:00:00,2,69.90105686353868,68.41
2026-09-24 10:00:00,2,49.51322968722353,16.0
2026-09-24 11:00:00,2,38.361611247250735,11.6
2026-09-24 12:00:00,2,50.800725451658195,19.69
2026-09-24 13:00:00,2,76.92089940247715,75.88
2026-09-24 14:00:00,2,116.37336014926436,117.68
2026-09-24 15:00:00,2,160.32206684537908,180.03
2026-09-24 16:00:00,2,214.09204676624518,226.04
2026-09-24 17:00:00,2,264.1107910003729,267.32
2026-09-24 18:00:00,2,225.39324974922388,260.0
2026-09-24 19:00:00,2,181.20209298682687,225.82
2026-09-24 20:00:00,2,159.88084873561095,204.87
2026-09-24 21:00:00,2,144.5410562514005,188.01
2026-09-24 22:00:00,2,121.85730073185351,181.94
2026-09-24 23:00:00,2,112.19673129288235,172.17
2026-09-25 00:00:00,2,112.8815443140933,165.64
2026-09-25 01:00:00,2,108.55555243401278,167.12
2026-09-25 02:00:00,2,108.42972718573898,169.71
2026-09-25 03:00:00,2,121.71962590265852,187.91
2026-09-25 04:00:00,2,156.4203535760249,235.27
2026-09-25 05:00:00,2,178.09558979795855,261.4
2026-09-25 06:00:00,2,166.80225279836597,249.74
2026-09-25 07:00:00,2,141.9030666375371,196.24
2026-09-25 08:00:00,2,103.12785705279494,158.54
2026-09-25 09:00:00,2,64.69712273629816,108.41
2026-09-25 10:00:00,2,26.213867680938733,60.19
2026-09-25 11:00:00,2,21.416992642045564,30.11
2026-09-25 12:00:00,2,28.770048427805392,39.89
2026-09-25 13:00:00,2,66.78181593065955,87.04
2026-09-25 14:00:00,2,101.41546825420946,154.52
2026-09-25 15:00:00,2,154.19465110971137,199.0
2026-09-25 16:00:00,2,200.0669123880594,241.43
2026-09-25 17:00:00,2,230.5068937870568,303.43
2026-09-25 18:00:00,2,222.75836852448782,252.17
2026-09-25 19:00:00,2,195.5680274430346,224.17
2026-09-25 20:00:00,2,177.8788440463974,206.35
2026-09-25 21:00:00,2,161.24838504953223,186.76
2026-09-25 22:00:00,2,149.4047520823931,196.3
2026-09-25 23:00:00,2,137.91489344002923,184.03
2026-09-26 00:00:00,2,109.84882451252832,175.09
2026-09-26 01:00:00,2,104.43990361364673,163.55
2026-09-26 02:00:00,2,105.49566792289842,160.76
2026-09-26 03:00:00,2,116.89726801793466,160.55
2026-09-26 04:00:00,2,148.41952663276913,178.74
2026-09-26 05:00:00,2,164.99278605305452,194.31
2026-09-26 06:00:00,2,156.67300402216011,191.92
2026-09-26 07:00:00,2,118.40145343713593,156.44
2026-09-26 08:00:00,2,89.22207923499897,111.99
2026-09-26 09:00:00,2,53.99589711596991,53.1
2026-09-26 10:00:00,2,18.570757143951937,11.0
2026-09-26 11:00:00,2,0.382735741376635,3.3
2026-09-26 12:00:00,2,6.882662538648809,18.45
2026-09-26 13:00:00,2,41.11929735152001,51.53
2026-09-26 14:00:00,2,86.34325641496508,127.39
2026-09-26 15:00:00,2,122.35554527196216,191.88
2026-09-26 16:00:00,2,162.37275817832597,214.37
2026-09-26 17:00:00,2,212.5498058869932,236.79
2026-09-26 18:00:00,2,182.0357038336107,226.36
2026-09-26 19:00:00,2,158.1793236168547,208.49
2026-09-26 20:00:00,2,144.23224279007326,199.31
2026-09-26 21:00:00,2,129.79820538158816,186.0
2026-09-26 22:00:00,2,124.45074034211447,183.22
2026-09-26 23:00:00,2,115.05655414672786,178.27
2026-09-27 00:00:00,2,115.12301993960288,171.34
2026-09-27 01:00:00,2,107.5108027240661,166.43
2026-09-27 02:00:00,2,105.59008783869358,161.57
2026-09-27 03:00:00,2,107.07951662201131,158.67
2026-09-27 04:00:00,2,122.90814215757558,159.34
2026-09-27 05:00:00,2,135.11256164649734,151.2
2026-09-27 06:00:00,2,132.20561845530835,127.7
2026-09-27 07:00:00,2,104.1932552214596,56.74
2026-09-27 08:00:00,2,73.44381682194319,1.39
2026-09-27 09:00:00,2,33.08248284975809,-0.07
2026-09-27 10:00:00,2,2.997877658113172,-1.95
2026-09-27 11:00:00,2,-4.949101743356749,-2.49
2026-09-27 12:00:00,2,5.037438918376637,-0.84
2026-09-27 13:00:00,2,30.798312693546755,-0.01
2026-09-27 14:00:00,2,84.56201491891251,13.1
2026-09-27 15:00:00,2,129.43208235386615,114.26
2026-09-27 16:00:00,2,156.37022569024393,186.21
2026-09-27 17:00:00,2,183.0595656116456,195.75
2026-09-27 18:00:00,2,172.34782097818305,183.85
2026-09-27 19:00:00,2,157.59640568152807,159.76
2026-09-27 20:00:00,2,149.85730311712325,155.42
2026-09-27 21:00:00,2,137.73555262510138,146.43
2026-09-27 22:00:00,2,134.9868068731128,150.71
2026-09-27 23:00:00,2,129.524636114325,151.41
2026-09-28 00:00:00,2,151.9723016562246,151.49
2026-09-28 01:00:00,2,146.98933565823165,154.59
2026-09-28 02:00:00,2,143.20001697161143,160.96
2026-09-28 03:00:00,2,143.19229299983155,175.17
2026-09-28 04:00:00,2,154.9082011194183,211.13
2026-09-28 05:00:00,2,159.7419349721007,240.98
2026-09-28 06:00:00,2,145.77671560787803,242.15
2026-09-28 07:00:00,2,86.53786392943198,210.11
2026-09-28 08:00:00,2,42.55535124859923,179.31
2026-09-28 09:00:00,2,31.146215673225054,153.52
2026-09-28 10:00:00,2,23.396043105609305,126.14
2026-09-28 11:00:00,2,21.957125966963844,121.34
2026-09-28 12:00:00,2,24.841153617255248,138.29
2026-09-28 13:00:00,2,30.393419749950432,153.73
2026-09-28 14:00:00,2,53.04349852756212,188.08
2026-09-28 15:00:00,2,133.3482180239565,236.67
2026-09-28 16:00:00,2,195.7470111133557,310.58
2026-09-28 17:00:00,2,210.45851630070504,342.21
2026-09-28 18:00:00,2,203.126109131691,277.31
2026-09-28 19:00:00,2,184.48719284021809,229.0
2026-09-28 20:00:00,2,179.7566682930754,203.35
2026-09-28 21:00:00,2,170.13324925073084,181.29
2026-09-28 22:00:00,2,171.44023970148382,183.86
2026-09-28 23:00:00,2,170.16442744229622,173.96
2026-09-29 00:00:00,2,161.75495760375668,169.04
2026-09-29 01:00:00,2,162.03435716510222,164.91
2026-09-29 02:00:00,2,165.02135342138007,160.4
2026-09-29 03:00:00,2,175.2965062746593,165.71
2026-09-29 04:00:00,2,203.63242394856053,216.1
2026-09-29 05:00:00,2,226.866666241147,228.62
2026-09-29 06:00:00,2,217.31171511101678,215.94
2026-09-29 07:00:00,2,182.2714050775838,184.2
2026-09-29 08:00:00,2,151.01792592785407,161.82
2026-09-29 09:00:00,2,130.40486406959766,125.34
2026-09-29 10:00:00,2,109.5204220717408,88.44
2026-09-29 11:00:00,2,104.57754863618578,72.44
2026-09-29 12:00:00,2,114.20760160557185,81.55
2026-09-29 13:00:00,2,125.27326049102953,112.26
2026-09-29 14:00:00,2,152.66118154233004,155.01
2026-09-29 15:00:00,2,200.95120778396307,203.35
2026-09-29 16:00:00,2,275.27066483862353,230.8
2026-09-29 17:00:00,2,328.3451540007452,229.8
2026-09-29 18:00:00,2,264.6374510576726,201.89
2026-09-29 19:00:00,2,211.64372654306467,169.94
2026-09-29 20:00:00,2,189.42847394052225,154.15
2026-09-29 21:00:00,2,169.92404150353923,130.39
2026-09-29 22:00:00,2,167.62303571415964,109.6
2026-09-29 23:00:00,2,159.5569800731985,105.5
2026-09-30 00:00:00,2,146.8403888842778,101.71
2026-09-30 01:00:00,2,144.1524462511302,102.87
2026-09-30 02:00:00,2,141.59720217919295,104.3
2026-09-30 03:00:00,2,149.74056145273272,122.2
2026-09-30 04:00:00,2,198.72347901248966,160.37
2026-09-30 05:00:00,2,216.29484721888784,198.91
2026-09-30 06:00:00,2,191.60501989530746,193.75
2026-09-30 07:00:00,2,161.16971152626923,165.21
2026-09-30 08:00:00,2,137.63758536121134,122.31
2026-09-30 09:00:00,2,106.50866024819324,81.42
2026-09-30 10:00:00,2,78.31494612678375,42.91
2026-09-30 11:00:00,2,66.8261775369348,20.0
2026-09-30 12:00:00,2,77.1533159662453,37.51
2026-09-30 13:00:00,2,103.07428028616985,84.93
2026-09-30 14:00:00,2,140.08437838654524,148.47
2026-09-30 15:00:00,2,181.63660711282,202.17
2026-09-30 16:00:00,2,214.80131130108754,230.33
2026-09-30 17:00:00,2,224.09502081315884,249.74
2026-09-30 18:00:00,2,195.72950839231618,233.04
2026-09-30 19:00:00,2,165.79351941003617,206.18
2026-09-30 20:00:00,2,149.89047932715033,186.89
2026-09-30 21:00:00,2,131.0476404100971,167.64
2026-09-30 22:00:00,2,115.81308518616176,158.0
2026-09-30 23:00:00,2,110.56965101026805,159.62
2026-10-01 00:00:00,2,103.15826083337926,158.43
2026-10-01 01:00:00,2,101.78086047247233,159.51
2026-10-01 02:00:00,2,101.66669595583599,158.05
2026-10-01 03:00:00,2,114.93044310751401,166.64
2026-10-01 04:00:00,2,148.0199326313889,208.17
2026-10-01 05:00:00,2,174.73891221024715,237.24
2026-10-01 06:00:00,2,170.70089188256475,233.36
2026-10-01 07:00:00,2,146.92513645316427,208.3
2026-10-01 08:00:00,2,113.0693465161874,183.4
2026-10-01 09:00:00,2,78.27803034064864,160.11
2026-10-01 10:00:00,2,43.69259124877563,162.19
2026-10-01 11:00:00,2,28.181819258067776,152.02
2026-10-01 12:00:00,2,40.89780147049267,150.34
2026-10-01 13:00:00,2,81.18631724681035,156.88
2026-10-01 14:00:00,2,130.50429112818387,189.18
2026-10-01 15:00:00,2,178.39497869904648,232.28
2026-10-01 16:00:00,2,206.35584634228894,274.69
2026-10-01 17:00:00,2,224.8960550104421,300.54
2026-10-01 18:00:00,2,211.08963128297643,257.51
2026-10-01 19:00:00,2,187.7014431369688,226.42
2026-10-01 20:00:00,2,171.07995257269533,205.0
2026-10-01 21:00:00,2,153.96781438628352,186.43
2026-10-01 22:00:00,2,144.12470881027764,175.03
2026-10-01 23:00:00,2,142.19113159563193,163.9
2026-10-02 00:00:00,2,142.78986915624006,160.96
2026-10-02 01:00:00,2,142.59205815467493,160.07
2026-10-02 02:00:00,2,141.02487521846547,163.14
2026-10-02 03:00:00,2,150.24593024876597,177.87
2026-10-02 04:00:00,2,186.18142905984377,221.67
2026-10-02 05:00:00,2,211.02136635896466,260.34
2026-10-02 06:00:00,2,205.59668159829195,264.29
2026-10-02 07:00:00,2,179.14217084753403,225.49
2026-10-02 08:00:00,2,152.96513703692224,186.85
2026-10-02 09:00:00,2,126.62627048781654,170.07
2026-10-02 10:00:00,2,114.89553015054459,152.61
2026-10-02 11:00:00,2,100.79148557905184,140.86
2026-10-02 12:00:00,2,102.80361813196393,142.31
2026-10-02 13:00:00,2,119.47503367085206,150.1
2026-10-02 14:00:00,2,156.47424804546486,181.03
2026-10-02 15:00:00,2,195.46729275715225,224.85
2026-10-02 16:00:00,2,230.46724815372576,266.56
2026-10-02 17:00:00,2,257.7072467046229,319.81
2026-10-02 18:00:00,2,223.657369926057,268.11
2026-10-02 19:00:00,2,198.40868154039896,229.96
2026-10-02 20:00:00,2,180.72353338460795,211.5
2026-10-02 21:00:00,2,164.3999460131265,194.7
2026-10-02 22:00:00,2,157.41211912582185,194.14
2026-10-02 23:00:00,2,148.7251595376021,178.98
2026-10-03 00:00:00,2,96.86476871692152,173.51
2026-10-03 01:00:00,2,94.09913595655068,169.11
2026-10-03 02:00:00,2,94.496439520865,166.07
2026-10-03 03:00:00,2,103.48620673163,169.9
2026-10-03 04:00:00,2,136.9048610613065,182.93
2026-10-03 05:00:00,2,164.71413515088707,198.61
2026-10-03 06:00:00,2,165.61727975574115,189.13
2026-10-03 07:00:00,2,134.31898491662966,173.33
2026-10-03 08:00:00,2,101.92914753660548,151.96
2026-10-03 09:00:00,2,80.15712309647552,125.04
2026-10-03 10:00:00,2,64.05302250192699,84.15
2026-10-03 11:00:00,2,54.68589547819029,56.71
2026-10-03 12:00:00,2,57.24797582690445,70.21
2026-10-03 13:00:00,2,68.22314376093635,114.15
2026-10-03 14:00:00,2,102.27728135332396,157.32
2026-10-03 15:00:00,2,143.52152978728236,194.32
2026-10-03 16:00:00,2,177.40388680818452,227.68
2026-10-03 17:00:00,2,215.7262527668911,237.11
2026-10-03 18:00:00,2,179.40147411170562,223.22
2026-10-03 19:00:00,2,151.122275730174,215.19
2026-10-03 20:00:00,2,136.26580962216502,208.44
2026-10-03 21:00:00,2,121.97760542268173,194.97
2026-10-03 22:00:00,2,119.14103580282213,194.08
2026-10-03 23:00:00,2,107.67740438472234,188.6
2026-10-04 00:00:00,2,137.48496140918164,182.69
2026-10-04 01:00:00,2,133.2558365462517,179.73
2026-10-04 02:00:00,2,130.09495772696098,176.73
2026-10-04 03:00:00,2,132.65721494172607,181.33
2026-10-04 04:00:00,2,145.18767732192975,189.63
2026-10-04 05:00:00,2,157.3924761071167,196.53
2026-10-04 06:00:00,2,149.21318344618524,186.69
2026-10-04 07:00:00,2,125.17673009913892,173.09
2026-10-04 08:00:00,2,99.76234235529994,143.73
2026-10-04 09:00:00,2,81.88147581077217,110.55
2026-10-04 10:00:00,2,56.173958473099546,76.91
2026-10-04 11:00:00,2,39.12427965066606,50.19
2026-10-04 12:00:00,2,47.80795604540306,55.83
2026-10-04 13:00:00,2,75.20045439606409,90.0
2026-10-04 14:00:00,2,107.36168135208922,149.31
2026-10-04 15:00:00,2,150.76993887351608,198.9
2026-10-04 16:00:00,2,187.41496079870748,224.37
2026-10-04 17:00:00,2,202.79095232625684,238.71
2026-10-04 18:00:00,2,187.51085794955313,229.89
2026-10-04 19:00:00,2,175.21441519562103,216.65
2026-10-04 20:00:00,2,168.56356895312967,212.29
2026-10-04 21:00:00,2,157.26995474058083,192.42
2026-10-04 22:00:00,2,156.9171049012172,167.36
2026-10-04 23:00:00,2,151.27901649219888,161.95
2026-10-05 00:00:00,2,175.57441458417804,154.94
2026-10-05 01:00:00,2,172.80816876393172,149.96
2026-10-05 02:00:00,2,170.55870400428367,149.98
2026-10-05 03:00:00,2,174.76217593028255,155.14
2026-10-05 04:00:00,2,185.44317816561687,198.03
2026-10-05 05:00:00,2,194.8766244184518,221.8
2026-10-05 06:00:00,2,187.8058159236349,231.45
2026-10-05 07:00:00,2,173.00443350474578,188.01
2026-10-05 08:00:00,2,148.5030564845395,146.11
2026-10-05 09:00:00,2,121.85634545039777,92.45
2026-10-05 10:00:00,2,93.19885180017965,59.65
2026-10-05 11:00:00,2,73.64522929111268,6.71
2026-10-05 12:00:00,2,81.15360143914319,35.95
2026-10-05 13:00:00,2,109.49006685769572,70.64
2026-10-05 14:00:00,2,155.83205163966,128.97
2026-10-05 15:00:00,2,198.27935151966523,184.31
2026-10-05 16:00:00,2,229.5633699569261,224.72
2026-10-05 17:00:00,2,244.8962348174169,252.05
2026-10-05 18:00:00,2,229.43062869607775,221.83
2026-10-05 19:00:00,2,214.36545460935335,200.2
2026-10-05 20:00:00,2,207.5806906572016,189.26
2026-10-05 21:00:00,2,191.21470870022875,167.52
2026-10-05 22:00:00,2,176.70595084446484,151.76
2026-10-05 23:00:00,2,171.21181991254792,149.89
2026-10-06 00:00:00,2,158.2767459782285,151.88
2026-10-06 01:00:00,2,153.84473550471864,151.53
2026-10-06 02:00:00,2,152.51231237387424,153.2
2026-10-06 03:00:00,2,156.66366779308382,166.94
2026-10-06 04:00:00,2,190.2650686626515,207.39
2026-10-06 05:00:00,2,206.3481228618023,241.01
2026-10-06 06:00:00,2,208.0463507841812,249.8
2026-10-06 07:00:00,2,176.10357585661637,210.35
2026-10-06 08:00:00,2,144.09541495604503,171.87
2026-10-06 09:00:00,2,102.95309426102882,142.07
2026-10-06 10:00:00,2,74.07330780742844,132.49
2026-10-06 11:00:00,2,38.05190049861506,127.02
2026-10-06 12:00:00,2,57.38424617719396,136.67
2026-10-06 13:00:00,2,86.78956470009311,154.55
2026-10-06 14:00:00,2,135.3717023716148,190.0
2026-10-06 15:00:00,2,182.37773680533255,250.01
2026-10-06 16:00:00,2,214.61213548579897,339.65
2026-10-06 17:00:00,2,233.30750861878613,382.32
2026-10-06 18:00:00,2,211.02014787928618,296.18
2026-09-22 19:00:00,3,174.03771115450957,289.14
2026-09-22 20:00:00,3,156.36816298607414,246.68
2026-09-22 21:00:00,3,138.1612854239623,213.01
2026-09-22 22:00:00,3,130.54946440401434,188.96
2026-09-22 23:00:00,3,122.47729847060577,177.34
2026-09-23 00:00:00,3,116.82496226318733,176.48
2026-09-23 01:00:00,3,113.67854936835163,176.85
2026-09-23 02:00:00,3,114.08517087218505,175.95
2026-09-23 03:00:00,3,125.07179811046569,198.62
2026-09-23 04:00:00,3,149.18192648341036,300.0
2026-09-23 05:00:00,3,155.84879436493551,346.08
2026-09-23 06:00:00,3,147.0538929731553,232.06
2026-09-23 07:00:00,3,118.6518669696458,182.28
2026-09-23 08:00:00,3,86.01541610800072,141.35
2026-09-23 09:00:00,3,53.407422950727955,97.41
2026-09-23 10:00:00,3,35.44961848531348,73.06
2026-09-23 11:00:00,3,25.523576808235802,57.32
2026-09-23 12:00:00,3,28.173350545981123,75.09
2026-09-23 13:00:00,3,39.50150013870412,110.41
2026-09-23 14:00:00,3,70.03769821028408,156.81
2026-09-23 15:00:00,3,110.74795153835396,199.01
2026-09-23 16:00:00,3,148.17143866604872,243.72
2026-09-23 17:00:00,3,195.94374113396802,271.59
2026-09-23 18:00:00,3,198.95193657507264,236.63
2026-09-23 19:00:00,3,176.44586698552172,195.2
2026-09-23 20:00:00,3,156.0050748537981,170.12
2026-09-23 21:00:00,3,136.13249165092523,154.0
2026-09-23 22:00:00,3,131.70294348034554,130.37
2026-09-23 23:00:00,3,123.89607222681417,118.87
2026-09-24 00:00:00,3,118.17489343661927,114.51
2026-09-24 01:00:00,3,114.97665673245363,107.03
2026-09-24 02:00:00,3,115.32314834638913,107.32
2026-09-24 03:00:00,3,122.76445299487327,121.7
2026-09-24 04:00:00,3,145.47626494375328,147.81
2026-09-24 05:00:00,3,152.38332778636612,168.02
2026-09-24 06:00:00,3,140.38282472244293,173.77
2026-09-24 07:00:00,3,110.46086960772595,152.41
2026-09-24 08:00:00,3,74.28261870152411,111.73
2026-09-24 09:00:00,3,30.128451653610853,68.41
2026-09-24 10:00:00,3,1.9847234965583453,16.0
2026-09-24 11:00:00,3,-8.669732332401637,11.6
2026-09-24 12:00:00,3,-0.8779956698366078,19.69
2026-09-24 13:00:00,3,23.44479305483533,75.88
2026-09-24 14:00:00,3,58.93822163036066,117.68
2026-09-24 15:00:00,3,104.4544456259331,180.03
2026-09-24 16:00:00,3,148.73997957274145,226.04
2026-09-24 17:00:00,3,209.56123739321734,267.32
2026-09-24 18:00:00,3,215.72000011039918,260.0
2026-09-24 19:00:00,3,220.1938656392707,225.82
2026-09-24 20:00:00,3,201.8398872918458,204.87
2026-09-24 21:00:00,3,183.45856109865838,188.01
2026-09-24 22:00:00,3,167.65261286121032,181.94
2026-09-24 23:00:00,3,161.41244023418636,172.17
2026-09-25 00:00:00,3,155.65103279166976,165.64
2026-09-25 01:00:00,3,154.29326512933562,167.12
2026-09-25 02:00:00,3,155.871586893446,169.71
2026-09-25 03:00:00,3,166.28249653654757,187.91
2026-09-25 04:00:00,3,190.17702173969377,235.27
2026-09-25 05:00:00,3,198.15408932789006,261.4
2026-09-25 06:00:00,3,189.18350231246248,249.74
2026-09-25 07:00:00,3,163.03561461948993,196.24
2026-09-25 08:00:00,3,133.2302395453855,158.54
2026-09-25 09:00:00,3,101.84146216144029,108.41
2026-09-25 10:00:00,3,81.90339276382319,60.19
2026-09-25 11:00:00,3,74.68216234155511,30.11
2026-09-25 12:00:00,3,79.99064639173689,39.89
2026-09-25 13:00:00,3,95.786334998851,87.04
2026-09-25 14:00:00,3,118.89593935576758,154.52
2026-09-25 15:00:00,3,151.5400286840215,199.0
2026-09-25 16:00:00,3,188.80126928641562,241.43
2026-09-25 17:00:00,3,218.52935911639503,303.43
2026-09-25 18:00:00,3,222.85992585427027,252.17
2026-09-25 19:00:00,3,208.71513301115897,224.17
2026-09-25 20:00:00,3,193.7843481511421,206.35
2026-09-25 21:00:00,3,174.49213368254976,186.76
2026-09-25 22:00:00,3,162.18884618237465,196.3
2026-09-25 23:00:00,3,152.72523047870322,184.03
2026-09-26 00:00:00,3,146.21408601021633,175.09
2026-09-26 01:00:00,3,139.7833288653747,163.55
2026-09-26 02:00:00,3,137.85969419413237,160.76
2026-09-26 03:00:00,3,138.93387353467833,160.55
2026-09-26 04:00:00,3,142.5639675723804,178.74
2026-09-26 05:00:00,3,139.7638512839323,194.31
2026-09-26 06:00:00,3,120.55026945764068,191.92
2026-09-26 07:00:00,3,85.38788409485804,156.44
2026-09-26 08:00:00,3,55.88234129663458,111.99
2026-09-26 09:00:00,3,33.33622672109145,53.1
2026-09-26 10:00:00,3,18.82980475093757,11.0
2026-09-26 11:00:00,3,14.503082363827218,3.3
2026-09-26 12:00:00,3,14.700546328556584,18.45
2026-09-26 13:00:00,3,18.48048877663308,51.53
2026-09-26 14:00:00,3,39.6603079840914,127.39
2026-09-26 15:00:00,3,90.36165406187982,191.88
2026-09-26 16:00:00,3,144.6249655665565,214.37
2026-09-26 17:00:00,3,179.9474946723877,236.79
2026-09-26 18:00:00,3,187.27383337270592,226.36
2026-09-26 19:00:00,3,179.77733743315207,208.49
2026-09-26 20:00:00,3,172.13704715686453,199.31
2026-09-26 21:00:00,3,161.85802942592434,186.0
2026-09-26 22:00:00,3,150.7632766480019,183.22
2026-09-26 23:00:00,3,143.3567103247205,178.27
2026-09-27 00:00:00,3,139.36174671007447,171.34
2026-09-27 01:00:00,3,135.70049083766344,166.43
2026-09-27 02:00:00,3,135.19706179941417,161.57
2026-09-27 03:00:00,3,137.1862089759409,158.67
2026-09-27 04:00:00,3,136.13836588362895,159.34
2026-09-27 05:00:00,3,127.86610993286534,151.2
2026-09-27 06:00:00,3,104.9667795179499,127.7
2026-09-27 07:00:00,3,65.5477882582596,56.74
2026-09-27 08:00:00,3,42.68548215795428,1.39
2026-09-27 09:00:00,3,35.33987352628115,-0.07
2026-09-27 10:00:00,3,31.198059255841386,-1.95
2026-09-27 11:00:00,3,27.21266592689996,-2.49
2026-09-27 12:00:00,3,28.717358871332365,-0.84
2026-09-27 13:00:00,3,35.06786034279291,-0.01
2026-09-27 14:00:00,3,49.20204782963546,13.1
2026-09-27 15:00:00,3,105.79581132368634,114.26
2026-09-27 16:00:00,3,165.72368529764083,186.21
2026-09-27 17:00:00,3,190.53983358992718,195.75
2026-09-27 18:00:00,3,197.2233681823438,183.85
2026-09-27 19:00:00,3,191.08878227690775,159.76
2026-09-27 20:00:00,3,183.76563572776192,155.42
2026-09-27 21:00:00,3,169.63433731828985,146.43
2026-09-27 22:00:00,3,162.2501677147306,150.71
2026-09-27 23:00:00,3,153.35644921552156,151.41
2026-09-28 00:00:00,3,146.99005181693397,151.49
2026-09-28 01:00:00,3,144.86272920295215,154.59
2026-09-28 02:00:00,3,145.11020540208108,160.96
2026-09-28 03:00:00,3,160.01915927554708,175.17
2026-09-28 04:00:00,3,192.51410780477318,211.13
2026-09-28 05:00:00,3,210.1037432445565,240.98
2026-09-28 06:00:00,3,200.6867196994653,242.15
2026-09-28 07:00:00,3,163.48710947876253,210.11
2026-09-28 08:00:00,3,123.68139996069003,179.31
2026-09-28 09:00:00,3,96.1214709411409,153.52
2026-09-28 10:00:00,3,72.18225764047871,126.14
2026-09-28 11:00:00,3,57.32616614727935,121.34
2026-09-28 12:00:00,3,54.36631231321715,138.29
2026-09-28 13:00:00,3,68.69793610654347,153.73
2026-09-28 14:00:00,3,93.39592212245167,188.08
2026-09-28 15:00:00,3,143.77001717252844,236.67
2026-09-28 16:00:00,3,209.31455373960893,310.58
2026-09-28 17:00:00,3,273.5601818901175,342.21
2026-09-28 18:00:00,3,253.5361215593794,277.31
2026-09-28 19:00:00,3,212.25261713070068,229.0
2026-09-28 20:00:00,3,193.71171363522217,203.35
2026-09-28 21:00:00,3,175.37239655660954,181.29
2026-09-28 22:00:00,3,170.5881351247665,183.86
2026-09-28 23:00:00,3,162.59003227698804,173.96
2026-09-29 00:00:00,3,155.72017318823436,169.04
2026-09-29 01:00:00,3,152.88290897305927,164.91
2026-09-29 02:00:00,3,154.44976337128,160.4
2026-09-29 03:00:00,3,166.51997045681264,165.71
2026-09-29 04:00:00,3,195.91890704199716,216.1
2026-09-29 05:00:00,3,211.90970744715298,228.62
2026-09-29 06:00:00,3,193.49600155171643,215.94
2026-09-29 07:00:00,3,159.71861351671555,184.2
2026-09-29 08:00:00,3,125.62401300936591,161.82
2026-09-29 09:00:00,3,90.36365579856155,125.34
2026-09-29 10:00:00,3,66.73007863572886,88.44
2026-09-29 11:00:00,3,56.39497433613303,72.44
2026-09-29 12:00:00,3,60.77457103010049,81.55
2026-09-29 13:00:00,3,84.06680769210803,112.26
2026-09-29 14:00:00,3,116.52911178254416,155.01
2026-09-29 15:00:00,3,163.25305083605411,203.35
2026-09-29 16:00:00,3,210.41533421850053,230.8
2026-09-29 17:00:00,3,270.8893934273395,229.8
2026-09-29 18:00:00,3,252.3284849401947,201.89
2026-09-29 19:00:00,3,216.02464171001483,169.94
2026-09-29 20:00:00,3,194.95680592417398,154.15
2026-09-29 21:00:00,3,175.338435163034,130.39
2026-09-29 22:00:00,3,166.74015266362622,109.6
2026-09-29 23:00:00,3,158.42412971603565,105.5
2026-09-30 00:00:00,3,154.19879973704184,101.71
2026-09-30 01:00:00,3,151.49934321687473,102.87
2026-09-30 02:00:00,3,151.1950020262368,104.3
2026-09-30 03:00:00,3,164.15662382811715,122.2
2026-09-30 04:00:00,3,198.5818657097804,160.37
2026-09-30 05:00:00,3,212.25569573696578,198.91
2026-09-30 06:00:00,3,191.3993558451331,193.75
2026-09-30 07:00:00,3,160.07859762569427,165.21
2026-09-30 08:00:00,3,127.19074243194078,122.31
2026-09-30 09:00:00,3,96.36179346972199,81.42
2026-09-30 10:00:00,3,79.07911897003333,42.91
2026-09-30 11:00:00,3,67.53950432385771,20.0
2026-09-30 12:00:00,3,72.54005156403358,37.51
2026-09-30 13:00:00,3,87.43696970059128,84.93
2026-09-30 14:00:00,3,115.23242784225714,148.47
2026-09-30 15:00:00,3,155.133028364028,202.17
2026-09-30 16:00:00,3,193.52419343346568,230.33
2026-09-30 17:00:00,3,234.50253537762026,249.74
2026-09-30 18:00:00,3,230.67834926684515,233.04
2026-09-30 19:00:00,3,207.8221354344355,206.18
2026-09-30 20:00:00,3,188.06383506625602,186.89
2026-09-30 21:00:00,3,169.3042395233416,167.64
2026-09-30 22:00:00,3,164.13100408000926,158.0
2026-09-30 23:00:00,3,155.8847075343395,159.62
2026-10-01 00:00:00,3,149.98069590677204,158.43
2026-10-01 01:00:00,3,146.42185032631735,159.51
2026-10-01 02:00:00,3,147.3636382111484,158.05
2026-10-01 03:00:00,3,156.14803591299295,166.64
2026-10-01 04:00:00,3,181.00479178454202,208.17
2026-10-01 05:00:00,3,190.67659500647534,237.24
2026-10-01 06:00:00,3,180.59534884954013,233.36
2026-10-01 07:00:00,3,150.8356039419017,208.3
2026-10-01 08:00:00,3,113.86944723942656,183.4
2026-10-01 09:00:00,3,70.78575292045828,160.11
2026-10-01 10:00:00,3,39.74088980544542,162.19
2026-10-01 11:00:00,3,29.11624784868505,152.02
2026-10-01 12:00:00,3,36.44444144449952,150.34
2026-10-01 13:00:00,3,61.774104717700425,156.88
2026-10-01 14:00:00,3,97.9495566683362,189.18
2026-10-01 15:00:00,3,147.52888006911593,232.28
2026-10-01 16:00:00,3,194.75857656261178,274.69
2026-10-01 17:00:00,3,257.72434593694453,300.54
2026-10-01 18:00:00,3,260.0000001429864,257.51
2026-10-01 19:00:00,3,211.77213564821,226.42
2026-10-01 20:00:00,3,192.41130774302215,205.0
2026-10-01 21:00:00,3,174.03164674705846,186.43
2026-10-01 22:00:00,3,157.76140934777598,175.03
2026-10-01 23:00:00,3,150.8424667529186,163.9
2026-10-02 00:00:00,3,145.0915323224557,160.96
2026-10-02 01:00:00,3,143.93506095548136,160.07
2026-10-02 02:00:00,3,145.51214101150813,163.14
2026-10-02 03:00:00,3,157.39291209565948,177.87
2026-10-02 04:00:00,3,185.51044104450256,221.67
2026-10-02 05:00:00,3,197.5680561839872,260.34
2026-10-02 06:00:00,3,188.63628313023128,264.29
2026-10-02 07:00:00,3,158.04102662930435,225.49
2026-10-02 08:00:00,3,125.84487292625036,186.85
2026-10-02 09:00:00,3,90.30302378059187,170.07
2026-10-02 10:00:00,3,64.76809694751223,152.61
2026-10-02 11:00:00,3,54.59009135740378,140.86
2026-10-02 12:00:00,3,60.412424323119765,142.31
2026-10-02 13:00:00,3,79.73472744787321,150.1
2026-10-02 14:00:00,3,108.93166417446618,181.03
2026-10-02 15:00:00,3,143.6960149343224,224.85
2026-10-02 16:00:00,3,184.21118186528975,266.56
2026-10-02 17:00:00,3,218.66033664139553,319.81
2026-10-02 18:00:00,3,215.53212646213257,268.11
2026-10-02 19:00:00,3,197.39277819578956,229.96
2026-10-02 20:00:00,3,180.62222252292713,211.5
2026-10-02 21:00:00,3,161.38327470154104,194.7
2026-10-02 22:00:00,3,150.00115677447454,194.14
2026-10-02 23:00:00,3,139.5588915553022,178.98
2026-10-03 00:00:00,3,132.3790593256638,173.51
2026-10-03 01:00:00,3,124.35092760497453,169.11
2026-10-03 02:00:00,3,121.74187601582227,166.07
2026-10-03 03:00:00,3,122.4028497605691,169.9
2026-10-03 04:00:00,3,128.05881209236662,182.93
2026-10-03 05:00:00,3,128.21678797189048,198.61
2026-10-03 06:00:00,3,109.41265818763067,189.13
2026-10-03 07:00:00,3,72.12931132951294,173.33
2026-10-03 08:00:00,3,40.404934824869414,151.96
2026-10-03 09:00:00,3,16.39033305134123,125.04
2026-10-03 10:00:00,3,1.9320639520810232,84.15
2026-10-03 11:00:00,3,-0.9651976827140061,56.71
2026-10-03 12:00:00,3,1.4717836477297226,70.21
2026-10-03 13:00:00,3,9.55114809628796,114.15
2026-10-03 14:00:00,3,35.50994616500488,157.32
2026-10-03 15:00:00,3,86.95807665043566,194.32
2026-10-03 16:00:00,3,139.73719705228274,227.68
2026-10-03 17:00:00,3,175.27011280099873,237.11
2026-10-03 18:00:00,3,180.0131549400905,223.22
2026-10-03 19:00:00,3,170.50645562051614,215.19
2026-10-03 20:00:00,3,162.00695640492663,208.44
2026-10-03 21:00:00,3,151.32091761158438,194.97
2026-10-03 22:00:00,3,140.10004687346066,194.08
2026-10-03 23:00:00,3,133.63614796541935,188.6
2026-10-04 00:00:00,3,129.50128852403063,182.69
2026-10-04 01:00:00,3,126.0113390318157,179.73
2026-10-04 02:00:00,3,125.69063306505869,176.73
2026-10-04 03:00:00,3,127.46332183786532,181.33
2026-10-04 04:00:00,3,128.47614035158426,189.63
2026-10-04 05:00:00,3,121.89567659095835,196.53
2026-10-04 06:00:00,3,99.35175767319357,186.69
2026-10-04 07:00:00,3,59.84138338043891,173.09
2026-10-04 08:00:00,3,38.8040787187488,143.73
2026-10-04 09:00:00,3,32.92733097628485,110.55
2026-10-04 10:00:00,3,29.717045042287495,76.91
2026-10-04 11:00:00,3,27.069215217422794,50.19
2026-10-04 12:00:00,3,29.489386771559893,55.83
2026-10-04 13:00:00,3,36.61062751361706,90.0
2026-10-04 14:00:00,3,52.11516848086623,149.31
2026-10-04 15:00:00,3,109.76583458003967,198.9
2026-10-04 16:00:00,3,172.08336083023443,224.37
2026-10-04 17:00:00,3,194.3981234567996,238.71
2026-10-04 18:00:00,3,198.31246898029,229.89
2026-10-04 19:00:00,3,190.05012947116626,216.65
2026-10-04 20:00:00,3,183.1555828109182,212.29
2026-10-04 21:00:00,3,169.58740042397488,192.42
2026-10-04 22:00:00,3,164.20651676709033,167.36
2026-10-04 23:00:00,3,155.63306235226335,161.95
2026-10-05 00:00:00,3,149.12452099070137,154.94
2026-10-05 01:00:00,3,146.74791715165932,149.96
2026-10-05 02:00:00,3,146.07700192809165,149.98
2026-10-05 03:00:00,3,159.8679969889247,155.14
2026-10-05 04:00:00,3,192.93365193769745,198.03
2026-10-05 05:00:00,3,214.4092442772557,221.8
2026-10-05 06:00:00,3,206.21954746222792,231.45
2026-10-05 07:00:00,3,166.20451558064246,188.01
2026-10-05 08:00:00,3,124.20633877903727,146.11
2026-10-05 09:00:00,3,97.08911430870617,92.45
2026-10-05 10:00:00,3,74.18464858018051,59.65
2026-10-05 11:00:00,3,59.02646352789765,6.71
2026-10-05 12:00:00,3,56.82734155730694,35.95
2026-10-05 13:00:00,3,67.74044075996756,70.64
2026-10-05 14:00:00,3,90.98030896452534,128.97
2026-10-05 15:00:00,3,142.28942529405734,184.31
2026-10-05 16:00:00,3,212.7621934243997,224.72
2026-10-05 17:00:00,3,275.7050507837475,252.05
2026-10-05 18:00:00,3,247.78037107925462,221.83
2026-10-05 19:00:00,3,202.09920522773263,200.2
2026-10-05 20:00:00,3,181.48882434932509,189.26
2026-10-05 21:00:00,3,162.48829122407366,167.52
2026-10-05 22:00:00,3,158.42647845196785,151.76
2026-10-05 23:00:00,3,150.44512051914836,149.89
2026-10-06 00:00:00,3,144.05060644637956,151.88
2026-10-06 01:00:00,3,141.14239204510736,151.53
2026-10-06 02:00:00,3,141.7059552369545,153.2
2026-10-06 03:00:00,3,153.19156073909494,166.94
2026-10-06 04:00:00,3,187.44197858984683,207.39
2026-10-06 05:00:00,3,206.14056109680726,241.01
2026-10-06 06:00:00,3,187.67753740918053,249.8
2026-10-06 07:00:00,3,152.95266595770494,210.35
2026-10-06 08:00:00,3,120.38660141573077,171.87
2026-10-06 09:00:00,3,84.62249881576886,142.07
2026-10-06 10:00:00,3,59.59441464661603,132.49
2026-10-06 11:00:00,3,49.51540061868292,127.02
2026-10-06 12:00:00,3,54.93408732005122,136.67
2026-10-06 13:00:00,3,79.91256786540815,154.55
2026-10-06 14:00:00,3,116.47199858442497,190.0
2026-10-06 15:00:00,3,166.67930750027452,250.01
2026-10-06 16:00:00,3,215.34122622593932,339.65
2026-10-06 17:00:00,3,269.7453892424845,382.32
2026-10-06 18:00:00,3,246.61668811166345,296.18
2026-09-22 19:00:00,4,213.7223006299502,289.14
2026-09-22 20:00:00,4,194.75301736413823,246.68
2026-09-22 21:00:00,4,180.00872556621974,213.01
2026-09-22 22:00:00,4,177.95392996095126,188.96
2026-09-22 23:00:00,4,166.9203972671771,177.34
2026-09-23 00:00:00,4,164.22826105988085,176.48
2026-09-23 01:00:00,4,164.7221827951381,176.85
2026-09-23 02:00:00,4,165.4452701411698,175.95
2026-09-23 03:00:00,4,171.2738144478131,198.62
2026-09-23 04:00:00,4,205.46291543127376,300.0
2026-09-23 05:00:00,4,222.09316956641575,346.08
2026-09-23 06:00:00,4,205.6826041553425,232.06
2026-09-23 07:00:00,4,171.22383080354345,182.28
2026-09-23 08:00:00,4,129.0271448788024,141.35
2026-09-23 09:00:00,4,65.94350148054941,97.41
2026-09-23 10:00:00,4,40.56546080156644,73.06
2026-09-23 11:00:00,4,29.72719884673615,57.32
2026-09-23 12:00:00,4,38.50416433577487,75.09
2026-09-23 13:00:00,4,57.68592123958701,110.41
2026-09-23 14:00:00,4,98.91522341341869,156.81
2026-09-23 15:00:00,4,167.04883390131494,199.01
2026-09-23 16:00:00,4,207.9783034245041,243.72
2026-09-23 17:00:00,4,227.89441738295284,271.59
2026-09-23 18:00:00,4,224.81760988203885,236.63
2026-09-23 19:00:00,4,213.67395059389628,195.2
2026-09-23 20:00:00,4,194.70835484194365,170.12
2026-09-23 21:00:00,4,179.970284702652,154.0
2026-09-23 22:00:00,4,177.9126019168471,130.37
2026-09-23 23:00:00,4,166.9044882366279,118.87
2026-09-24 00:00:00,4,164.2190172505334,114.51
2026-09-24 01:00:00,4,164.71606941283704,107.03
2026-09-24 02:00:00,4,165.44393544350507,107.32
2026-09-24 03:00:00,4,171.32077236825114,121.7
2026-09-24 04:00:00,4,205.51059450284325,147.81
2026-09-24 05:00:00,4,222.135522820659,168.02
2026-09-24 06:00:00,4,205.73676097557666,173.77
2026-09-24 07:00:00,4,171.2824755849758,152.41
2026-09-24 08:00:00,4,129.15949727629695,111.73
2026-09-24 09:00:00,4,66.17681781191814,68.41
2026-09-24 10:00:00,4,40.78913599763882,16.0
2026-09-24 11:00:00,4,29.9353220664454,11.6
2026-09-24 12:00:00,4,38.70074058856453,19.69
2026-09-24 13:00:00,4,57.88407927634462,75.88
2026-09-24 14:00:00,4,99.09893541707173,117.68
2026-09-24 15:00:00,4,167.1653145923711,180.03
2026-09-24 16:00:00,4,208.04929269848867,226.04
2026-09-24 17:00:00,4,227.97614969579703,267.32
2026-09-24 18:00:00,4,224.88567456769695,260.0
2026-09-24 19:00:00,4,232.26017879998568,225.82
2026-09-24 20:00:00,4,200.33295962560575,204.87
2026-09-24 21:00:00,4,177.1955422780254,188.01
2026-09-24 22:00:00,4,153.73058802668064,181.94
2026-09-24 23:00:00,4,142.458178290772,172.17
2026-09-25 00:00:00,4,139.80797356527205,165.64
2026-09-25 01:00:00,4,135.83933374600988,167.12
2026-09-25 02:00:00,4,135.77371371121913,169.71
2026-09-25 03:00:00,4,153.78900587525837,187.91
2026-09-25 04:00:00,4,211.9070858353396,235.27
2026-09-25 05:00:00,4,243.16401972974643,261.4
2026-09-25 06:00:00,4,198.20323211603335,249.74
2026-09-25 07:00:00,4,164.84726119104383,196.24
2026-09-25 08:00:00,4,124.10382420336065,158.54
2026-09-25 09:00:00,4,80.5555133755883,108.41
2026-09-25 10:00:00,4,40.069317014599456,60.19
2026-09-25 11:00:00,4,30.884575869481537,30.11
2026-09-25 12:00:00,4,43.096783541998086,39.89
2026-09-25 13:00:00,4,90.45412393072822,87.04
2026-09-25 14:00:00,4,134.21641193541112,154.52
2026-09-25 15:00:00,4,188.0338759054551,199.0
2026-09-25 16:00:00,4,233.5007632538103,241.43
2026-09-25 17:00:00,4,269.1022192854174,303.43
2026-09-25 18:00:00,4,250.06977395356805,252.17
2026-09-25 19:00:00,4,216.53041075699156,224.17
2026-09-25 20:00:00,4,187.50948229539634,206.35
2026-09-25 21:00:00,4,167.3498548167292,186.76
2026-09-25 22:00:00,4,143.81722036363482,196.3
2026-09-25 23:00:00,4,132.45018394966306,184.03
2026-09-26 00:00:00,4,129.07663541923995,175.09
2026-09-26 01:00:00,4,123.62061094846655,163.55
2026-09-26 02:00:00,4,123.70674609359835,160.76
2026-09-26 03:00:00,4,140.1816960659786,160.55
2026-09-26 04:00:00,4,184.7309015900061,178.74
2026-09-26 05:00:00,4,211.30512133229686,194.31
2026-09-26 06:00:00,4,187.84313303112268,191.92
2026-09-26 07:00:00,4,159.57309258636826,156.44
2026-09-26 08:00:00,4,118.85683303339418,111.99
2026-09-26 09:00:00,4,75.40554288945675,53.1
2026-09-26 10:00:00,4,29.864547529004845,11.0
2026-09-26 11:00:00,4,22.708404818148566,3.3
2026-09-26 12:00:00,4,33.17316395020429,18.45
2026-09-26 13:00:00,4,84.27512847863579,51.53
2026-09-26 14:00:00,4,127.20560381949046,127.39
2026-09-26 15:00:00,4,184.64042319666808,191.88
2026-09-26 16:00:00,4,230.33761156920974,214.37
2026-09-26 17:00:00,4,268.3464770544358,236.79
2026-09-26 18:00:00,4,254.27944954979213,226.36
2026-09-26 19:00:00,4,223.19877699360393,208.49
2026-09-26 20:00:00,4,192.945776718692,199.31
2026-09-26 21:00:00,4,171.52376165312583,186.0
2026-09-26 22:00:00,4,148.01983487073585,183.22
2026-09-26 23:00:00,4,136.69292695829665,178.27
2026-09-27 00:00:00,4,133.62604339105744,171.34
2026-09-27 01:00:00,4,128.80059002163821,166.43
2026-09-27 02:00:00,4,128.82239659350213,161.57
2026-09-27 03:00:00,4,145.95036573808625,158.67
2026-09-27 04:00:00,4,196.25197415622034,159.34
2026-09-27 05:00:00,4,224.81139069617467,151.2
2026-09-27 06:00:00,4,192.23518860550894,127.7
2026-09-27 07:00:00,4,161.80901741661077,56.74
2026-09-27 08:00:00,4,121.08123813660043,1.39
2026-09-27 09:00:00,4,77.5888185107336,-0.07
2026-09-27 10:00:00,4,34.19075957385914,-1.95
2026-09-27 11:00:00,4,26.17461237556915,-2.49
2026-09-27 12:00:00,4,37.380186938757106,-0.84
2026-09-27 13:00:00,4,86.89465344456055,-0.01
2026-09-27 14:00:00,4,130.17776859444157,13.1
2026-09-27 15:00:00,4,186.07904412063795,114.26
2026-09-27 16:00:00,4,231.6785988656235,186.21
2026-09-27 17:00:00,4,268.66686572016584,195.75
2026-09-27 18:00:00,4,252.4947955941498,183.85
2026-09-27 19:00:00,4,220.37178412475214,159.76
2026-09-27 20:00:00,4,190.64110942801776,155.42
2026-09-27 21:00:00,4,169.75427200264502,146.43
2026-09-27 22:00:00,4,146.2381749713286,150.71
2026-09-27 23:00:00,4,134.89425503540522,151.41
2026-09-28 00:00:00,4,131.6973637670851,151.49
2026-09-28 01:00:00,4,126.6045856794057,154.59
2026-09-28 02:00:00,4,126.65366379778285,160.96
2026-09-28 03:00:00,4,143.504791553974,175.17
2026-09-28 04:00:00,4,191.36772212151038,211.13
2026-09-28 05:00:00,4,219.08553290636056,240.98
2026-09-28 06:00:00,4,190.3732172782976,242.15
2026-09-28 07:00:00,4,160.86111774570452,210.11
2026-09-28 08:00:00,4,120.13822215981965,179.31
2026-09-28 09:00:00,4,76.66323900678866,153.52
2026-09-28 10:00:00,4,32.35670204739859,126.14
2026-09-28 11:00:00,4,24.705145785706417,121.34
2026-09-28 12:00:00,4,35.59665852002533,138.29
2026-09-28 13:00:00,4,85.78413010019085,153.73
2026-09-28 14:00:00,4,128.91774687576932,188.08
2026-09-28 15:00:00,4,185.46915410391694,236.67
2026-09-28 16:00:00,4,231.1100997225795,310.58
2026-09-28 17:00:00,4,268.53103990714783,342.21
2026-09-28 18:00:00,4,253.2513830873887,277.31
2026-09-28 19:00:00,4,221.5702615385929,229.0
2026-09-28 20:00:00,4,191.6181517562033,203.35
2026-09-28 21:00:00,4,170.50443073243326,181.29
2026-09-28 22:00:00,4,146.993493166006,183.86
2026-09-28 23:00:00,4,135.6567853202821,173.96
2026-09-29 00:00:00,4,132.51500961205653,169.04
2026-09-29 01:00:00,4,127.53556136083319,164.91
2026-09-29 02:00:00,4,127.57307796018003,160.4
2026-09-29 03:00:00,4,144.54157005678235,165.71
2026-09-29 04:00:00,4,193.43835549169185,216.1
2026-09-29 05:00:00,4,221.51295723453245,228.62
2026-09-29 06:00:00,4,191.16258276065005,215.94
2026-09-29 07:00:00,4,161.26297102330386,184.2
2026-09-29 08:00:00,4,120.53800504065279,161.82
2026-09-29 09:00:00,4,77.05562985667503,125.34
2026-09-29 10:00:00,4,33.134233733007875,88.44
2026-09-29 11:00:00,4,25.328112523703393,72.44
2026-09-29 12:00:00,4,36.35276885892104,81.55
2026-09-29 13:00:00,4,86.2549261768841,112.26
2026-09-29 14:00:00,4,129.45192140235866,155.01
2026-09-29 15:00:00,4,185.72771132248133,203.35
2026-09-29 16:00:00,4,231.35110966397545,230.8
2026-09-29 17:00:00,4,268.58862200135815,229.8
2026-09-29 18:00:00,4,252.93063483347325,201.89
2026-09-29 19:00:00,4,221.0621781493545,169.94
2026-09-29 20:00:00,4,191.2039437187378,154.15
2026-09-29 21:00:00,4,170.18640789320634,130.39
2026-09-29 22:00:00,4,146.67328301947427,109.6
2026-09-29 23:00:00,4,135.33351767497314,105.5
2026-09-30 00:00:00,4,132.1683762359932,101.71
2026-09-30 01:00:00,4,127.14088285122257,102.87
2026-09-30 02:00:00,4,127.18330084938408,104.3
2026-09-30 03:00:00,4,144.1020374218881,122.2
2026-09-30 04:00:00,4,192.56052967005095,160.37
2026-09-30 05:00:00,4,220.48387319385668,198.91
2026-09-30 06:00:00,4,190.82793858215723,193.75
2026-09-30 07:00:00,4,161.09260905161364,165.21
2026-09-30 08:00:00,4,120.36852079447871,122.31
2026-09-30 09:00:00,4,76.88927939349401,81.42
2026-09-30 10:00:00,4,32.804606382942055,42.91
2026-09-30 11:00:00,4,25.064011550295227,20.0
2026-09-30 12:00:00,4,36.03222289020998,37.51
2026-09-30 13:00:00,4,86.05533654464926,84.93
2026-09-30 14:00:00,4,129.22546306383578,148.47
2026-09-30 15:00:00,4,185.6180983866059,202.17
2026-09-30 16:00:00,4,231.24893573358497,230.33
2026-09-30 17:00:00,4,268.56421060632783,249.74
2026-09-30 18:00:00,4,253.0666130822475,233.04
2026-09-30 19:00:00,4,221.2775753920725,206.18
2026-09-30 20:00:00,4,191.37954337633622,186.89
2026-09-30 21:00:00,4,170.32123072768928,167.64
2026-09-30 22:00:00,4,146.80903314261184,158.0
2026-09-30 23:00:00,4,135.47056399637302,159.62
2026-10-01 00:00:00,4,132.31532824233616,158.43
2026-10-01 01:00:00,4,127.30820314653407,159.51
2026-10-01 02:00:00,4,127.34854324210616,158.05
2026-10-01 03:00:00,4,144.28837320779678,166.64
2026-10-01 04:00:00,4,192.9326757893164,208.17
2026-10-01 05:00:00,4,220.92014383285385,237.24
2026-10-01 06:00:00,4,190.9698078793352,233.36
2026-10-01 07:00:00,4,161.16483243018365,208.3
2026-10-01 08:00:00,4,120.44037206945306,183.4
2026-10-01 09:00:00,4,76.95980213021996,160.11
2026-10-01 10:00:00,4,32.94434884221654,162.19
2026-10-01 11:00:00,4,25.175974709643118,152.02
2026-10-01 12:00:00,4,36.16811538204739,150.34
2026-10-01 13:00:00,4,86.13995071895434,156.88
2026-10-01 14:00:00,4,129.3214679770873,189.18
2026-10-01 15:00:00,4,185.6645677746117,232.28
2026-10-01 16:00:00,4,231.29225142417818,274.69
2026-10-01 17:00:00,4,268.5745595909469,300.54
2026-10-01 18:00:00,4,253.00896636425594,257.51
2026-10-01 19:00:00,4,211.93903890131492,226.42
2026-10-01 20:00:00,4,190.077543002178,205.0
2026-10-01 21:00:00,4,165.63612461641932,186.43
2026-10-01 22:00:00,4,148.6166165403884,175.03
2026-10-01 23:00:00,4,145.66933891472465,163.9
2026-10-02 00:00:00,4,141.6466273717994,160.96
2026-10-02 01:00:00,4,141.36295080607567,160.07
2026-10-02 02:00:00,4,139.99975162624602,163.14
2026-10-02 03:00:00,4,151.62719884486856,177.87
2026-10-02 04:00:00,4,190.99416481477664,221.67
2026-10-02 05:00:00,4,223.48619605296093,260.34
2026-10-02 06:00:00,4,218.5815808476193,264.29
2026-10-02 07:00:00,4,191.65596955757275,225.49
2026-10-02 08:00:00,4,158.80448170099947,186.85
2026-10-02 09:00:00,4,127.7930554438713,170.07
2026-10-02 10:00:00,4,112.44617561896484,152.61
2026-10-02 11:00:00,4,96.70492766323241,140.86
2026-10-02 12:00:00,4,103.03281463283662,142.31
2026-10-02 13:00:00,4,126.80908753917683,150.1
2026-10-02 14:00:00,4,172.27608446675254,181.03
2026-10-02 15:00:00,4,219.8027238015009,224.85
2026-10-02 16:00:00,4,256.10955777257146,266.56
2026-10-02 17:00:00,4,279.18099744871637,319.81
2026-10-02 18:00:00,4,247.2849904710115,268.11
2026-10-02 19:00:00,4,209.62257298851256,229.96
2026-10-02 20:00:00,4,188.82774145752697,211.5
2026-10-02 21:00:00,4,166.5692485831842,194.7
2026-10-02 22:00:00,4,152.66481088848101,194.14
2026-10-02 23:00:00,4,151.64248225558697,178.98
2026-10-03 00:00:00,4,148.81124455635378,173.51
2026-10-03 01:00:00,4,149.0977527467796,169.11
2026-10-03 02:00:00,4,147.68669724687527,166.07
2026-10-03 03:00:00,4,158.0199301654979,169.9
2026-10-03 04:00:00,4,198.30019954094692,182.93
2026-10-03 05:00:00,4,229.3367476077886,198.61
2026-10-03 06:00:00,4,224.86396395238285,189.13
2026-10-03 07:00:00,4,198.72755815617654,173.33
2026-10-03 08:00:00,4,169.24784621153623,151.96
2026-10-03 09:00:00,4,141.51094769909204,125.04
2026-10-03 10:00:00,4,133.55672801305477,84.15
2026-10-03 11:00:00,4,120.17825780173968,56.71
2026-10-03 12:00:00,4,123.10774510540452,70.21
2026-10-03 13:00:00,4,139.5703442780633,114.15
2026-10-03 14:00:00,4,179.45030881804485,157.32
2026-10-03 15:00:00,4,225.09838423863025,194.32
2026-10-03 16:00:00,4,263.994332054941,227.68
2026-10-03 17:00:00,4,288.244384513369,237.11
2026-10-03 18:00:00,4,251.62421175604095,223.22
2026-10-03 19:00:00,4,210.6061683856319,215.19
2026-10-03 20:00:00,4,189.35862501024164,208.44
2026-10-03 21:00:00,4,166.1738400206835,194.97
2026-10-03 22:00:00,4,150.94764157923686,194.08
2026-10-03 23:00:00,4,149.10851642617166,188.6
2026-10-04 00:00:00,4,145.7716965949573,182.69
2026-10-04 01:00:00,4,145.81623578263213,179.73
2026-10-04 02:00:00,4,144.42544403972838,176.73
2026-10-04 03:00:00,4,155.30775453088646,181.33
2026-10-04 04:00:00,4,195.20050001696757,189.63
2026-10-04 05:00:00,4,226.85456040445513,196.53
2026-10-04 06:00:00,4,222.19854145085048,186.69
2026-10-04 07:00:00,4,195.7272767241314,173.09
2026-10-04 08:00:00,4,164.81697302591706,143.73
2026-10-04 09:00:00,4,135.6907454865914,110.55
2026-10-04 10:00:00,4,124.59995326831017,76.91
2026-10-04 11:00:00,4,110.2189954006662,50.19
2026-10-04 12:00:00,4,114.5903542200662,55.83
2026-10-04 13:00:00,4,134.1560021727184,90.0
2026-10-04 14:00:00,4,176.40643515339949,149.31
2026-10-04 15:00:00,4,222.85154696697032,198.9
2026-10-04 16:00:00,4,260.64898094897586,224.37
2026-10-04 17:00:00,4,284.3989687485383,238.71
2026-10-04 18:00:00,4,249.78316835089302,229.89
2026-10-04 19:00:00,4,210.1888521464329,216.65
2026-10-04 20:00:00,4,189.13338491817336,212.29
2026-10-04 21:00:00,4,166.34160734807082,192.42
2026-10-04 22:00:00,4,151.67620628279136,167.36
2026-10-04 23:00:00,4,150.18363189705943,161.95
2026-10-05 00:00:00,4,147.0613205753228,154.94
2026-10-05 01:00:00,4,147.20852230652497,149.96
2026-10-05 02:00:00,4,145.80913279189994,149.98
2026-10-05 03:00:00,4,156.45847991217062,155.14
2026-10-05 04:00:00,4,196.51564425553383,198.03
2026-10-05 05:00:00,4,227.90770577853394,221.8
2026-10-05 06:00:00,4,223.32942997316994,231.45
2026-10-05 07:00:00,4,197.00023943870278,188.01
2026-10-05 08:00:00,4,166.69690854966657,146.11
2026-10-05 09:00:00,4,138.16014684231132,92.45
2026-10-05 10:00:00,4,128.4001426608918,59.65
2026-10-05 11:00:00,4,114.44452120686603,6.71
2026-10-05 12:00:00,4,118.20412133121884,35.95
2026-10-05 13:00:00,4,136.45320466958378,70.64
2026-10-05 14:00:00,4,177.69789294794168,128.97
2026-10-05 15:00:00,4,223.80483736080927,184.31
2026-10-05 16:00:00,4,262.0683498613325,224.72
2026-10-05 17:00:00,4,286.030505576567,252.05
2026-10-05 18:00:00,4,250.56428809310205,221.83
2026-10-05 19:00:00,4,210.36591151871824,200.2
2026-10-05 20:00:00,4,189.2289500284021,189.26
2026-10-05 21:00:00,4,166.27042687925348,167.52
2026-10-05 22:00:00,4,151.36709014775403,151.76
2026-10-05 23:00:00,4,149.7274808585494,149.89
2026-10-06 00:00:00,4,146.5141576530111,151.88
2026-10-06 01:00:00,4,146.61780161737065,151.53
2026-10-06 02:00:00,4,145.2220599723228,153.2
2026-10-06 03:00:00,4,155.97024901971642,166.94
2026-10-06 04:00:00,4,195.95765356750906,207.39
2026-10-06 05:00:00,4,227.4608762258499,241.01
2026-10-06 06:00:00,4,222.84961548039814,249.8
2026-10-06 07:00:00,4,196.4601455672878,210.35
2026-10-06 08:00:00,4,165.89928765690405,171.87
2026-10-06 09:00:00,4,137.11242680580216,142.07
2026-10-06 10:00:00,4,126.78779456590483,132.49
2026-10-06 11:00:00,4,112.65171095942283,127.02
2026-10-06 12:00:00,4,116.67086866490612,136.67
2026-10-06 13:00:00,4,135.47854533360973,154.55
2026-10-06 14:00:00,4,177.14995196413687,190.0
2026-10-06 15:00:00,4,223.40037437454995,250.01
2026-10-06 16:00:00,4,261.4661386223883,339.65
2026-10-06 17:00:00,4,285.33827552545876,382.32
2026-10-06 18:00:00,4,250.23287384020514,296.18
2026-09-22 19:00:00,5,244.60971279460054,289.14
2026-09-22 20:00:00,5,223.89217987917237,246.68
2026-09-22 21:00:00,5,198.5337323405282,213.01
2026-09-22 22:00:00,5,190.77559955479367,188.96
2026-09-22 23:00:00,5,182.14881372278913,177.34
2026-09-23 00:00:00,5,175.67839473316096,176.48
2026-09-23 01:00:00,5,172.91497132597732,176.85
2026-09-23 02:00:00,5,177.24643194102063,175.95
2026-09-23 03:00:00,5,209.95017639515524,198.62
2026-09-23 04:00:00,5,252.05943406329789,300.0
2026-09-23 05:00:00,5,232.11993615199418,346.08
2026-09-23 06:00:00,5,221.38755933971987,232.06
2026-09-23 07:00:00,5,231.75323577715722,182.28
2026-09-23 08:00:00,5,173.35019134859732,141.35
2026-09-23 09:00:00,5,136.9437089269808,97.41
2026-09-23 10:00:00,5,99.12925928475153,73.06
2026-09-23 11:00:00,5,90.85650545627577,57.32
2026-09-23 12:00:00,5,91.95389518101169,75.09
2026-09-23 13:00:00,5,116.62435936555512,110.41
2026-09-23 14:00:00,5,160.3829374414733,156.81
2026-09-23 15:00:00,5,266.89984080948363,199.01
2026-09-23 16:00:00,5,332.4461379355206,243.72
2026-09-23 17:00:00,5,376.5983860709962,271.59
2026-09-23 18:00:00,5,351.62744844847975,236.63
2026-09-23 19:00:00,5,232.47017116169783,195.2
2026-09-23 20:00:00,5,222.80245828755596,170.12
2026-09-23 21:00:00,5,211.55457569273028,154.0
2026-09-23 22:00:00,5,197.49123564227682,130.37
2026-09-23 23:00:00,5,173.93317373602295,118.87
2026-09-24 00:00:00,5,171.39873787000693,114.51
2026-09-24 01:00:00,5,171.29657769701652,107.03
2026-09-24 02:00:00,5,171.51598402280118,107.32
2026-09-24 03:00:00,5,185.54694924196022,121.7
2026-09-24 04:00:00,5,231.89293272528735,147.81
2026-09-24 05:00:00,5,317.22036537640577,168.02
2026-09-24 06:00:00,5,223.57025413899274,173.77
2026-09-24 07:00:00,5,167.71075253467862,152.41
2026-09-24 08:00:00,5,132.7414207528288,111.73
2026-09-24 09:00:00,5,91.90372538199439,68.41
2026-09-24 10:00:00,5,75.3874003713453,16.0
2026-09-24 11:00:00,5,67.26779557236001,11.6
2026-09-24 12:00:00,5,77.1503636644007,19.69
2026-09-24 13:00:00,5,94.44110551225218,75.88
2026-09-24 14:00:00,5,140.15779932284903,117.68
2026-09-24 15:00:00,5,171.9129038192227,180.03
2026-09-24 16:00:00,5,233.52200714102344,226.04
2026-09-24 17:00:00,5,229.4044493477739,267.32
2026-09-24 18:00:00,5,230.42053216091125,260.0
2026-09-24 19:00:00,5,209.21738878811055,225.82
2026-09-24 20:00:00,5,175.30393817357177,204.87
2026-09-24 21:00:00,5,149.71551578675042,188.01
2026-09-24 22:00:00,5,117.43903690858367,181.94
2026-09-24 23:00:00,5,101.2126891682633,172.17
2026-09-25 00:00:00,5,89.52022478273479,165.64
2026-09-25 01:00:00,5,88.79406720663688,167.12
2026-09-25 02:00:00,5,90.4857221042029,169.71
2026-09-25 03:00:00,5,114.19526463375604,187.91
2026-09-25 04:00:00,5,145.07413951463587,235.27
2026-09-25 05:00:00,5,198.19937997473832,261.4
2026-09-25 06:00:00,5,199.80900864116353,249.74
2026-09-25 07:00:00,5,140.13141582509718,196.24
2026-09-25 08:00:00,5,101.16259995932451,158.54
2026-09-25 09:00:00,5,64.56484060385013,108.41
2026-09-25 10:00:00,5,31.426361141778195,60.19
2026-09-25 11:00:00,5,29.01970343428834,30.11
2026-09-25 12:00:00,5,33.88693425335515,39.89
2026-09-25 13:00:00,5,60.54352159807507,87.04
2026-09-25 14:00:00,5,112.76798816586452,154.52
2026-09-25 15:00:00,5,160.0971949274897,199.0
2026-09-25 16:00:00,5,220.8355432177999,241.43
2026-09-25 17:00:00,5,227.18461679485145,303.43
2026-09-25 18:00:00,5,220.1364053352056,252.17
2026-09-25 19:00:00,5,208.4928002479055,224.17
2026-09-25 20:00:00,5,189.56581134818956,206.35
2026-09-25 21:00:00,5,173.8257005160816,186.76
2026-09-25 22:00:00,5,159.21839393456844,196.3
2026-09-25 23:00:00,5,155.8610059465484,184.03
2026-09-26 00:00:00,5,140.83152368410015,175.09
2026-09-26 01:00:00,5,137.74107286705168,163.55
2026-09-26 02:00:00,5,138.7381854722937,160.76
2026-09-26 03:00:00,5,139.84855492843582,160.55
2026-09-26 04:00:00,5,126.37003312972702,178.74
2026-09-26 05:00:00,5,143.67764051587386,194.31
2026-09-26 06:00:00,5,142.31892168767428,191.92
2026-09-26 07:00:00,5,119.84241364418409,156.44
2026-09-26 08:00:00,5,77.88115579873471,111.99
2026-09-26 09:00:00,5,28.73151046270668,53.1
2026-09-26 10:00:00,5,18.437786379064143,11.0
2026-09-26 11:00:00,5,14.256403817116682,3.3
2026-09-26 12:00:00,5,15.99479085764063,18.45
2026-09-26 13:00:00,5,35.5948475635566,51.53
2026-09-26 14:00:00,5,84.71608500794875,127.39
2026-09-26 15:00:00,5,149.78707842669155,191.88
2026-09-26 16:00:00,5,169.55530135348874,214.37
2026-09-26 17:00:00,5,184.63167321834624,236.79
2026-09-26 18:00:00,5,176.91756698090626,226.36
2026-09-26 19:00:00,5,180.27418564075907,208.49
2026-09-26 20:00:00,5,181.590087897005,199.31
2026-09-26 21:00:00,5,175.63886239727665,186.0
2026-09-26 22:00:00,5,175.75378595874759,183.22
2026-09-26 23:00:00,5,171.52951604394352,178.27
2026-09-27 00:00:00,5,156.4659853795786,171.34
2026-09-27 01:00:00,5,152.23925620180108,166.43
2026-09-27 02:00:00,5,150.8534849959716,161.57
2026-09-27 03:00:00,5,151.1219261103908,158.67
2026-09-27 04:00:00,5,158.13516230611071,159.34
2026-09-27 05:00:00,5,172.30493193801144,151.2
2026-09-27 06:00:00,5,171.27672446532964,127.7
2026-09-27 07:00:00,5,142.8116601932431,56.74
2026-09-27 08:00:00,5,67.46917804958986,1.39
2026-09-27 09:00:00,5,31.75580234395627,-0.07
2026-09-27 10:00:00,5,18.866190380029643,-1.95
2026-09-27 11:00:00,5,16.6433571271796,-2.49
2026-09-27 12:00:00,5,16.8081081799036,-0.84
2026-09-27 13:00:00,5,33.13517358691444,-0.01
2026-09-27 14:00:00,5,98.89686415541404,13.1
2026-09-27 15:00:00,5,164.96283842095497,114.26
2026-09-27 16:00:00,5,177.8697596698921,186.21
2026-09-27 17:00:00,5,185.88691059884215,195.75
2026-09-27 18:00:00,5,185.92236491021518,183.85
2026-09-27 19:00:00,5,181.65351106910816,159.76
2026-09-27 20:00:00,5,177.50038244208505,155.42
2026-09-27 21:00:00,5,161.05916835590455,146.43
2026-09-27 22:00:00,5,159.67308417310133,150.71
2026-09-27 23:00:00,5,157.08233001890176,151.41
2026-09-28 00:00:00,5,164.90571263199922,151.49
2026-09-28 01:00:00,5,159.52544981098725,154.59
2026-09-28 02:00:00,5,157.75378555418519,160.96
2026-09-28 03:00:00,5,162.02501727231112,175.17
2026-09-28 04:00:00,5,170.56578553518045,211.13
2026-09-28 05:00:00,5,221.5071878446787,240.98
2026-09-28 06:00:00,5,233.30609446709295,242.15
2026-09-28 07:00:00,5,84.62612827138972,210.11
2026-09-28 08:00:00,5,97.95596294338733,179.31
2026-09-28 09:00:00,5,69.21739762612155,153.52
2026-09-28 10:00:00,5,56.73682542891051,126.14
2026-09-28 11:00:00,5,55.73607226623439,121.34
2026-09-28 12:00:00,5,49.64485486837261,138.29
2026-09-28 13:00:00,5,66.65374466268578,153.73
2026-09-28 14:00:00,5,89.94332082065615,188.08
2026-09-28 15:00:00,5,139.00760749713373,236.67
2026-09-28 16:00:00,5,243.00903166428503,310.58
2026-09-28 17:00:00,5,266.27516316976534,342.21
2026-09-28 18:00:00,5,259.0686813335228,277.31
2026-09-28 19:00:00,5,235.11739444896205,229.0
2026-09-28 20:00:00,5,211.6502354249313,203.35
2026-09-28 21:00:00,5,203.0599796624004,181.29
2026-09-28 22:00:00,5,200.8500062113755,183.86
2026-09-28 23:00:00,5,200.75134558414265,173.96
2026-09-29 00:00:00,5,152.74011293280782,169.04
2026-09-29 01:00:00,5,153.37731788818112,164.91
2026-09-29 02:00:00,5,178.8166825689862,160.4
2026-09-29 03:00:00,5,197.31982580853813,165.71
2026-09-29 04:00:00,5,295.91757942744636,216.1
2026-09-29 05:00:00,5,365.75062239045576,228.62
2026-09-29 06:00:00,5,397.61092731047296,215.94
2026-09-29 07:00:00,5,288.38658139369045,184.2
2026-09-29 08:00:00,5,178.00051422928883,161.82
2026-09-29 09:00:00,5,134.0989208799605,125.34
2026-09-29 10:00:00,5,88.68597239742563,88.44
2026-09-29 11:00:00,5,86.05820492518613,72.44
2026-09-29 12:00:00,5,113.04630555950229,81.55
2026-09-29 13:00:00,5,126.82310936326122,112.26
2026-09-29 14:00:00,5,199.08164568153086,155.01
2026-09-29 15:00:00,5,349.4429101696205,203.35
2026-09-29 16:00:00,5,360.8597665948839,230.8
2026-09-29 17:00:00,5,262.73621171831593,229.8
2026-09-29 18:00:00,5,351.20426348000024,201.89
2026-09-29 19:00:00,5,313.10772807432323,169.94
2026-09-29 20:00:00,5,287.69639015053525,154.15
2026-09-29 21:00:00,5,236.87678020138728,130.39
2026-09-29 22:00:00,5,193.7912053725431,109.6
2026-09-29 23:00:00,5,172.81447233106283,105.5
2026-09-30 00:00:00,5,163.79850782315933,101.71
2026-09-30 01:00:00,5,162.27190741009653,102.87
2026-09-30 02:00:00,5,161.0212427881225,104.3
2026-09-30 03:00:00,5,172.0060498645216,122.2
2026-09-30 04:00:00,5,208.54075396442283,160.37
2026-09-30 05:00:00,5,220.40609472719075,198.91
2026-09-30 06:00:00,5,218.16613702250604,193.75
2026-09-30 07:00:00,5,184.086595066412,165.21
2026-09-30 08:00:00,5,135.59264174342755,122.31
2026-09-30 09:00:00,5,99.87817216582417,81.42
2026-09-30 10:00:00,5,72.84777021059962,42.91
2026-09-30 11:00:00,5,60.21585581277388,20.0
2026-09-30 12:00:00,5,78.97791164361028,37.51
2026-09-30 13:00:00,5,79.93273058608163,84.93
2026-09-30 14:00:00,5,140.02894908395996,148.47
2026-09-30 15:00:00,5,208.82230161905397,202.17
2026-09-30 16:00:00,5,224.7834124117905,230.33
2026-09-30 17:00:00,5,225.1326182637213,249.74
2026-09-30 18:00:00,5,232.23248981753122,233.04
2026-09-30 19:00:00,5,177.81449121815095,206.18
2026-09-30 20:00:00,5,145.14968335029357,186.89
2026-09-30 21:00:00,5,92.07450589103189,167.64
2026-09-30 22:00:00,5,83.14496839258278,158.0
2026-09-30 23:00:00,5,80.78388070390946,159.62
2026-10-01 00:00:00,5,77.29686888472567,158.43
2026-10-01 01:00:00,5,87.11572342744985,159.51
2026-10-01 02:00:00,5,89.63483526858563,158.05
2026-10-01 03:00:00,5,107.67524153813227,166.64
2026-10-01 04:00:00,5,155.4890254308654,208.17
2026-10-01 05:00:00,5,183.946030695051,237.24
2026-10-01 06:00:00,5,191.08508538782655,233.36
2026-10-01 07:00:00,5,159.99372541388465,208.3
2026-10-01 08:00:00,5,109.87089645498627,183.4
2026-10-01 09:00:00,5,76.93572198358679,160.11
2026-10-01 10:00:00,5,43.93307201649496,162.19
2026-10-01 11:00:00,5,43.50725161264009,152.02
2026-10-01 12:00:00,5,46.41696405616607,150.34
2026-10-01 13:00:00,5,79.35537717558935,156.88
2026-10-01 14:00:00,5,137.03362837719712,189.18
2026-10-01 15:00:00,5,203.1952665198245,232.28
2026-10-01 16:00:00,5,207.72159823103704,274.69
2026-10-01 17:00:00,5,206.28968812848274,300.54
2026-10-01 18:00:00,5,211.21305515315623,257.51
2026-10-01 19:00:00,5,208.9645182824526,226.42
2026-10-01 20:00:00,5,185.42266372380553,205.0
2026-10-01 21:00:00,5,170.68113852077693,186.43
2026-10-01 22:00:00,5,168.8153284102816,175.03
2026-10-01 23:00:00,5,164.1252110762829,163.9
2026-10-02 00:00:00,5,159.4319225075378,160.96
2026-10-02 01:00:00,5,159.800820246836,160.07
2026-10-02 02:00:00,5,158.48411328564632,163.14
2026-10-02 03:00:00,5,166.06199898439456,177.87
2026-10-02 04:00:00,5,203.70673732295722,221.67
2026-10-02 05:00:00,5,230.31584996599892,260.34
2026-10-02 06:00:00,5,231.52590382692972,264.29
2026-10-02 07:00:00,5,206.37182343561162,225.49
2026-10-02 08:00:00,5,165.36778433616095,186.85
2026-10-02 09:00:00,5,140.0161151835548,170.07
2026-10-02 10:00:00,5,129.14451877602534,152.61
2026-10-02 11:00:00,5,127.92968424721104,140.86
2026-10-02 12:00:00,5,126.92907315334269,142.31
2026-10-02 13:00:00,5,121.41319956507584,150.1
2026-10-02 14:00:00,5,155.59261006466252,181.03
2026-10-02 15:00:00,5,209.27875455309493,224.85
2026-10-02 16:00:00,5,231.985752153686,266.56
2026-10-02 17:00:00,5,229.24914136727006,319.81
2026-10-02 18:00:00,5,232.70277335968768,268.11
2026-10-02 19:00:00,5,204.72065035372307,229.96
2026-10-02 20:00:00,5,194.30373988539435,211.5
2026-10-02 21:00:00,5,163.95150911397445,194.7
2026-10-02 22:00:00,5,156.3099674102048,194.14
2026-10-02 23:00:00,5,141.66550891733417,178.98
2026-10-03 00:00:00,5,125.82288789657287,173.51
2026-10-03 01:00:00,5,124.33678901979697,169.11
2026-10-03 02:00:00,5,124.51221180021795,166.07
2026-10-03 03:00:00,5,125.46028560603321,169.9
2026-10-03 04:00:00,5,145.06613203766233,182.93
2026-10-03 05:00:00,5,191.69258145434114,198.61
2026-10-03 06:00:00,5,182.63749880653648,189.13
2026-10-03 07:00:00,5,137.9869765097673,173.33
2026-10-03 08:00:00,5,114.64010452608623,151.96
2026-10-03 09:00:00,5,100.24453893277581,125.04
2026-10-03 10:00:00,5,87.14385632427764,84.15
2026-10-03 11:00:00,5,72.52462737422084,56.71
2026-10-03 12:00:00,5,89.05299404607463,70.21
2026-10-03 13:00:00,5,91.50033667199908,114.15
2026-10-03 14:00:00,5,100.65547691942737,157.32
2026-10-03 15:00:00,5,160.4368311157526,194.32
2026-10-03 16:00:00,5,225.30458689682433,227.68
2026-10-03 17:00:00,5,224.28591911196906,237.11
2026-10-03 18:00:00,5,216.35213320152812,223.22
2026-10-03 19:00:00,5,203.5610934942347,215.19
2026-10-03 20:00:00,5,166.07468249782633,208.44
2026-10-03 21:00:00,5,138.91194667263255,194.97
2026-10-03 22:00:00,5,136.582856500639,194.08
2026-10-03 23:00:00,5,121.71822926507322,188.6
2026-10-04 00:00:00,5,135.9359628329364,182.69
2026-10-04 01:00:00,5,131.93797400878674,179.73
2026-10-04 02:00:00,5,131.9235488172204,176.73
2026-10-04 03:00:00,5,137.28246555629946,181.33
2026-10-04 04:00:00,5,146.7615542221534,189.63
2026-10-04 05:00:00,5,156.89138207812158,196.53
2026-10-04 06:00:00,5,149.4945907445512,186.69
2026-10-04 07:00:00,5,135.7185413693071,173.09
2026-10-04 08:00:00,5,106.18820747645916,143.73
2026-10-04 09:00:00,5,64.95107769167495,110.55
2026-10-04 10:00:00,5,51.42630954804509,76.91
2026-10-04 11:00:00,5,40.46891270315987,50.19
2026-10-04 12:00:00,5,35.967644618329054,55.83
2026-10-04 13:00:00,5,50.24288601924565,90.0
2026-10-04 14:00:00,5,124.94316454452787,149.31
2026-10-04 15:00:00,5,147.20679914182278,198.9
2026-10-04 16:00:00,5,175.2416765357745,224.37
2026-10-04 17:00:00,5,209.41461627919492,238.71
2026-10-04 18:00:00,5,173.3005877325813,229.89
2026-10-04 19:00:00,5,165.14402851524304,216.65
2026-10-04 20:00:00,5,163.77804240618852,212.29
2026-10-04 21:00:00,5,157.37165302278277,192.42
2026-10-04 22:00:00,5,157.36134724307055,167.36
2026-10-04 23:00:00,5,157.430996104164,161.95
2026-10-05 00:00:00,5,167.69511629722507,154.94
2026-10-05 01:00:00,5,166.54801215750592,149.96
2026-10-05 02:00:00,5,165.53201081504804,149.98
2026-10-05 03:00:00,5,165.11870953905688,155.14
2026-10-05 04:00:00,5,243.3861622472937,198.03
2026-10-05 05:00:00,5,268.55613122283256,221.8
2026-10-05 06:00:00,5,249.69985618918622,231.45
2026-10-05 07:00:00,5,221.8672344510485,188.01
2026-10-05 08:00:00,5,234.81359171621014,146.11
2026-10-05 09:00:00,5,192.00494449401748,92.45
2026-10-05 10:00:00,5,95.32238433257685,59.65
2026-10-05 11:00:00,5,60.757693932268445,6.71
2026-10-05 12:00:00,5,65.07771111385594,35.95
2026-10-05 13:00:00,5,73.38310933312842,70.64
2026-10-05 14:00:00,5,225.94200973290285,128.97
2026-10-05 15:00:00,5,275.12643835924814,184.31
2026-10-05 16:00:00,5,295.5038266449433,224.72
2026-10-05 17:00:00,5,326.8484468100757,252.05
2026-10-05 18:00:00,5,317.4619117830331,221.83
2026-10-05 19:00:00,5,282.26725034042227,200.2
2026-10-05 20:00:00,5,261.57774855124035,189.26
2026-10-05 21:00:00,5,182.00080828175876,167.52
2026-10-05 22:00:00,5,170.24020831772307,151.76
2026-10-05 23:00:00,5,165.83695453304986,149.89
2026-10-06 00:00:00,5,148.97705182956298,151.88
2026-10-06 01:00:00,5,148.7142126526515,151.53
2026-10-06 02:00:00,5,148.43327024331114,153.2
2026-10-06 03:00:00,5,148.83122971565692,166.94
2026-10-06 04:00:00,5,197.21478983879572,207.39
2026-10-06 05:00:00,5,207.0368783992182,241.01
2026-10-06 06:00:00,5,225.62362164354911,249.8
2026-10-06 07:00:00,5,168.98058167770202,210.35
2026-10-06 08:00:00,5,137.0788813870105,171.87
2026-10-06 09:00:00,5,75.75104414032937,142.07
2026-10-06 10:00:00,5,56.10251237962356,132.49
2026-10-06 11:00:00,5,41.852243785463614,127.02
2026-10-06 12:00:00,5,59.54492193703586,136.67
2026-10-06 13:00:00,5,53.13836668971586,154.55
2026-10-06 14:00:00,5,106.3730407662404,190.0
2026-10-06 15:00:00,5,181.29567312161535,250.01
2026-10-06 16:00:00,5,208.19467810022056,339.65
2026-10-06 17:00:00,5,239.97972178619227,382.32
2026-10-06 18:00:00,5,195.97865304038208,296.18
2026-09-22 19:00:00,6,243.63088989257812,289.14
2026-09-22 20:00:00,6,218.42835998535156,246.68
2026-09-22 21:00:00,6,180.69796752929688,213.01
2026-09-22 22:00:00,6,170.51498413085938,188.96
2026-09-22 23:00:00,6,161.02781677246094,177.34
2026-09-23 00:00:00,6,164.0909881591797,176.48
2026-09-23 01:00:00,6,164.2771453857422,176.85
2026-09-23 02:00:00,6,168.24032592773438,175.95
2026-09-23 03:00:00,6,189.33091735839844,198.62
2026-09-23 04:00:00,6,266.8603820800781,300.0
2026-09-23 05:00:00,6,316.32818603515625,346.08
2026-09-23 06:00:00,6,276.31768798828125,232.06
2026-09-23 07:00:00,6,211.62266540527344,182.28
2026-09-23 08:00:00,6,159.8354034423828,141.35
2026-09-23 09:00:00,6,116.98595428466797,97.41
2026-09-23 10:00:00,6,86.92500305175781,73.06
2026-09-23 11:00:00,6,78.62240600585938,57.32
2026-09-23 12:00:00,6,80.56121063232422,75.09
2026-09-23 13:00:00,6,92.745361328125,110.41
2026-09-23 14:00:00,6,140.059814453125,156.81
2026-09-23 15:00:00,6,214.46292114257812,199.01
2026-09-23 16:00:00,6,306.6244201660156,243.72
2026-09-23 17:00:00,6,327.84136962890625,271.59
2026-09-23 18:00:00,6,293.4397888183594,236.63
2026-09-23 19:00:00,6,236.74273681640625,195.2
2026-09-23 20:00:00,6,218.18350219726562,170.12
2026-09-23 21:00:00,6,212.37608337402344,154.0
2026-09-23 22:00:00,6,200.39736938476562,130.37
2026-09-23 23:00:00,6,193.2279815673828,118.87
2026-09-24 00:00:00,6,191.54598999023438,114.51
2026-09-24 01:00:00,6,191.73214721679688,107.03
2026-09-24 02:00:00,6,184.8267059326172,107.32
2026-09-24 03:00:00,6,200.6466064453125,121.7
2026-09-24 04:00:00,6,229.6829376220703,147.81
2026-09-24 05:00:00,6,328.1070556640625,168.02
2026-09-24 06:00:00,6,231.70184326171875,173.77
2026-09-24 07:00:00,6,179.75265502929688,152.41
2026-09-24 08:00:00,6,202.25454711914062,111.73
2026-09-24 09:00:00,6,113.18002319335938,68.41
2026-09-24 10:00:00,6,75.7950439453125,16.0
2026-09-24 11:00:00,6,61.55525588989258,11.6
2026-09-24 12:00:00,6,68.50249481201172,19.69
2026-09-24 13:00:00,6,108.05381774902344,75.88
2026-09-24 14:00:00,6,154.07489013671875,117.68
2026-09-24 15:00:00,6,201.08718872070312,180.03
2026-09-24 16:00:00,6,220.43316650390625,226.04
2026-09-24 17:00:00,6,220.42555236816406,267.32
2026-09-24 18:00:00,6,216.62213134765625,260.0
2026-09-24 19:00:00,6,210.68447875976562,225.82
2026-09-24 20:00:00,6,182.6396026611328,204.87
2026-09-24 21:00:00,6,160.57496643066406,188.01
2026-09-24 22:00:00,6,129.8534698486328,181.94
2026-09-24 23:00:00,6,119.00853729248047,172.17
2026-09-25 00:00:00,6,116.6662826538086,165.64
2026-09-25 01:00:00,6,117.51493072509766,167.12
2026-09-25 02:00:00,6,118.0980224609375,169.71
2026-09-25 03:00:00,6,130.24722290039062,187.91
2026-09-25 04:00:00,6,162.49000549316406,235.27
2026-09-25 05:00:00,6,181.00531005859375,261.4
2026-09-25 06:00:00,6,200.4158477783203,249.74
2026-09-25 07:00:00,6,162.38949584960938,196.24
2026-09-25 08:00:00,6,109.94612121582031,158.54
2026-09-25 09:00:00,6,60.12953567504883,108.41
2026-09-25 10:00:00,6,34.534767150878906,60.19
2026-09-25 11:00:00,6,36.802940368652344,30.11
2026-09-25 12:00:00,6,34.88152313232422,39.89
2026-09-25 13:00:00,6,65.66465759277344,87.04
2026-09-25 14:00:00,6,124.95555877685547,154.52
2026-09-25 15:00:00,6,172.72445678710938,199.0
2026-09-25 16:00:00,6,211.55345153808594,241.43
2026-09-25 17:00:00,6,218.67044067382812,303.43
2026-09-25 18:00:00,6,218.02223205566406,252.17
2026-09-25 19:00:00,6,211.2666778564453,224.17
2026-09-25 20:00:00,6,203.79434204101562,206.35
2026-09-25 21:00:00,6,177.3390655517578,186.76
2026-09-25 22:00:00,6,160.11036682128906,196.3
2026-09-25 23:00:00,6,143.00479125976562,184.03
2026-09-26 00:00:00,6,131.21475219726562,175.09
2026-09-26 01:00:00,6,129.4137725830078,163.55
2026-09-26 02:00:00,6,130.4338836669922,160.76
2026-09-26 03:00:00,6,155.64047241210938,160.55
2026-09-26 04:00:00,6,165.25804138183594,178.74
2026-09-26 05:00:00,6,164.3399658203125,194.31
2026-09-26 06:00:00,6,160.55465698242188,191.92
2026-09-26 07:00:00,6,131.93312072753906,156.44
2026-09-26 08:00:00,6,87.94073486328125,111.99
2026-09-26 09:00:00,6,41.13985061645508,53.1
2026-09-26 10:00:00,6,5.116656303405762,11.0
2026-09-26 11:00:00,6,-3.373124837875366,3.3
2026-09-26 12:00:00,6,0.6781414747238159,18.45
2026-09-26 13:00:00,6,14.635472297668457,51.53
2026-09-26 14:00:00,6,96.01264190673828,127.39
2026-09-26 15:00:00,6,160.56912231445312,191.88
2026-09-26 16:00:00,6,182.68218994140625,214.37
2026-09-26 17:00:00,6,177.78628540039062,236.79
2026-09-26 18:00:00,6,179.99365234375,226.36
2026-09-26 19:00:00,6,179.3329620361328,208.49
2026-09-26 20:00:00,6,188.72607421875,199.31
2026-09-26 21:00:00,6,174.90484619140625,186.0
2026-09-26 22:00:00,6,179.3582763671875,183.22
2026-09-26 23:00:00,6,154.0355987548828,178.27
2026-09-27 00:00:00,6,170.59925842285156,171.34
2026-09-27 01:00:00,6,162.6326904296875,166.43
2026-09-27 02:00:00,6,161.54586791992188,161.57
2026-09-27 03:00:00,6,161.78790283203125,158.67
2026-09-27 04:00:00,6,170.09140014648438,159.34
2026-09-27 05:00:00,6,175.34335327148438,151.2
2026-09-27 06:00:00,6,174.1143035888672,127.7
2026-09-27 07:00:00,6,142.75367736816406,56.74
2026-09-27 08:00:00,6,99.11190795898438,1.39
2026-09-27 09:00:00,6,47.77714538574219,-0.07
2026-09-27 10:00:00,6,19.247745513916016,-1.95
2026-09-27 11:00:00,6,17.38787841796875,-2.49
2026-09-27 12:00:00,6,20.714256286621094,-0.84
2026-09-27 13:00:00,6,37.1370849609375,-0.01
2026-09-27 14:00:00,6,127.43510437011719,13.1
2026-09-27 15:00:00,6,196.1485595703125,114.26
2026-09-27 16:00:00,6,195.79673767089844,186.21
2026-09-27 17:00:00,6,208.51446533203125,195.75
2026-09-27 18:00:00,6,200.55514526367188,183.85
2026-09-27 19:00:00,6,201.8618927001953,159.76
2026-09-27 20:00:00,6,198.61859130859375,155.42
2026-09-27 21:00:00,6,181.5935821533203,146.43
2026-09-27 22:00:00,6,177.060546875,150.71
2026-09-27 23:00:00,6,177.670166015625,151.41
2026-09-28 00:00:00,6,176.9032745361328,151.49
2026-09-28 01:00:00,6,175.01528930664062,154.59
2026-09-28 02:00:00,6,180.18670654296875,160.96
2026-09-28 03:00:00,6,181.7558135986328,175.17
2026-09-28 04:00:00,6,210.42869567871094,211.13
2026-09-28 05:00:00,6,265.25299072265625,240.98
2026-09-28 06:00:00,6,237.70254516601562,242.15
2026-09-28 07:00:00,6,157.76617431640625,210.11
2026-09-28 08:00:00,6,112.6146011352539,179.31
2026-09-28 09:00:00,6,84.46894836425781,153.52
2026-09-28 10:00:00,6,74.9939193725586,126.14
2026-09-28 11:00:00,6,73.50814819335938,121.34
2026-09-28 12:00:00,6,72.08087158203125,138.29
2026-09-28 13:00:00,6,74.55863952636719,153.73
2026-09-28 14:00:00,6,98.46915435791016,188.08
2026-09-28 15:00:00,6,160.03213500976562,236.67
2026-09-28 16:00:00,6,278.3252258300781,310.58
2026-09-28 17:00:00,6,299.587890625,342.21
2026-09-28 18:00:00,6,289.3678894042969,277.31
2026-09-28 19:00:00,6,258.5412292480469,229.0
2026-09-28 20:00:00,6,224.25445556640625,203.35
2026-09-28 21:00:00,6,200.7165069580078,181.29
2026-09-28 22:00:00,6,207.53594970703125,183.86
2026-09-28 23:00:00,6,202.97645568847656,173.96
2026-09-29 00:00:00,6,165.03367614746094,169.04
2026-09-29 01:00:00,6,165.30218505859375,164.91
2026-09-29 02:00:00,6,174.4416961669922,160.4
2026-09-29 03:00:00,6,185.68783569335938,165.71
2026-09-29 04:00:00,6,253.9267578125,216.1
2026-09-29 05:00:00,6,295.3621826171875,228.62
2026-09-29 06:00:00,6,326.0827331542969,215.94
2026-09-29 07:00:00,6,259.8084716796875,184.2
2026-09-29 08:00:00,6,170.30667114257812,161.82
2026-09-29 09:00:00,6,144.70846557617188,125.34
2026-09-29 10:00:00,6,110.53606414794922,88.44
2026-09-29 11:00:00,6,99.56146240234375,72.44
2026-09-29 12:00:00,6,111.85572814941406,81.55
2026-09-29 13:00:00,6,114.18449401855469,112.26
2026-09-29 14:00:00,6,176.44415283203125,155.01
2026-09-29 15:00:00,6,309.98211669921875,203.35
2026-09-29 16:00:00,6,298.1782531738281,230.8
2026-09-29 17:00:00,6,307.2102355957031,229.8
2026-09-29 18:00:00,6,315.4008483886719,201.89
2026-09-29 19:00:00,6,263.8127746582031,169.94
2026-09-29 20:00:00,6,259.25347900390625,154.15
2026-09-29 21:00:00,6,215.24217224121094,130.39
2026-09-29 22:00:00,6,185.50369262695312,109.6
2026-09-29 23:00:00,6,178.22174072265625,105.5
2026-09-30 00:00:00,6,170.9208526611328,101.71
2026-09-30 01:00:00,6,169.57131958007812,102.87
2026-09-30 02:00:00,6,171.5714569091797,104.3
2026-09-30 03:00:00,6,184.5615234375,122.2
2026-09-30 04:00:00,6,222.02923583984375,160.37
2026-09-30 05:00:00,6,231.208984375,198.91
2026-09-30 06:00:00,6,238.97869873046875,193.75
2026-09-30 07:00:00,6,199.90785217285156,165.21
2026-09-30 08:00:00,6,159.48321533203125,122.31
2026-09-30 09:00:00,6,118.13577270507812,81.42
2026-09-30 10:00:00,6,66.91895294189453,42.91
2026-09-30 11:00:00,6,47.87876892089844,20.0
2026-09-30 12:00:00,6,82.99385070800781,37.51
2026-09-30 13:00:00,6,104.69132232666016,84.93
2026-09-30 14:00:00,6,151.987548828125,148.47
2026-09-30 15:00:00,6,238.33656311035156,202.17
2026-09-30 16:00:00,6,254.64605712890625,230.33
2026-09-30 17:00:00,6,252.323974609375,249.74
2026-09-30 18:00:00,6,220.8426513671875,233.04
2026-09-30 19:00:00,6,166.5473175048828,206.18
2026-09-30 20:00:00,6,149.64259338378906,186.89
2026-09-30 21:00:00,6,108.14700317382812,167.64
2026-09-30 22:00:00,6,93.07730865478516,158.0
2026-09-30 23:00:00,6,97.44969940185547,159.62
2026-10-01 00:00:00,6,82.92324829101562,158.43
2026-10-01 01:00:00,6,85.50408935546875,159.51
2026-10-01 02:00:00,6,86.27710723876953,158.05
2026-10-01 03:00:00,6,99.76400756835938,166.64
2026-10-01 04:00:00,6,137.87841796875,208.17
2026-10-01 05:00:00,6,169.2307891845703,237.24
2026-10-01 06:00:00,6,172.029052734375,233.36
2026-10-01 07:00:00,6,141.38140869140625,208.3
2026-10-01 08:00:00,6,98.58129119873047,183.4
2026-10-01 09:00:00,6,58.8374137878418,160.11
2026-10-01 10:00:00,6,35.433197021484375,162.19
2026-10-01 11:00:00,6,29.814409255981445,152.02
2026-10-01 12:00:00,6,49.20548629760742,150.34
2026-10-01 13:00:00,6,82.31926727294922,156.88
2026-10-01 14:00:00,6,140.103271484375,189.18
2026-10-01 15:00:00,6,199.6468048095703,232.28
2026-10-01 16:00:00,6,216.7056884765625,274.69
2026-10-01 17:00:00,6,215.37350463867188,300.54
2026-10-01 18:00:00,6,224.86257934570312,257.51
2026-10-01 19:00:00,6,235.6658477783203,226.42
2026-10-01 20:00:00,6,209.17982482910156,205.0
2026-10-01 21:00:00,6,174.6940155029297,186.43
2026-10-01 22:00:00,6,156.3209991455078,175.03
2026-10-01 23:00:00,6,154.34368896484375,163.9
2026-10-02 00:00:00,6,148.79714965820312,160.96
2026-10-02 01:00:00,6,148.71253967285156,160.07
2026-10-02 02:00:00,6,147.62730407714844,163.14
2026-10-02 03:00:00,6,160.57994079589844,177.87
2026-10-02 04:00:00,6,224.0055694580078,221.67
2026-10-02 05:00:00,6,242.765869140625,260.34
2026-10-02 06:00:00,6,240.81642150878906,264.29
2026-10-02 07:00:00,6,217.24891662597656,225.49
2026-10-02 08:00:00,6,160.6875,186.85
2026-10-02 09:00:00,6,119.4317398071289,170.07
2026-10-02 10:00:00,6,111.92476654052734,152.61
2026-10-02 11:00:00,6,111.24435424804688,140.86
2026-10-02 12:00:00,6,98.13565826416016,142.31
2026-10-02 13:00:00,6,105.14875030517578,150.1
2026-10-02 14:00:00,6,144.82928466796875,181.03
2026-10-02 15:00:00,6,194.63211059570312,224.85
2026-10-02 16:00:00,6,211.3957977294922,266.56
2026-10-02 17:00:00,6,204.9813690185547,319.81
2026-10-02 18:00:00,6,198.92774963378906,268.11
2026-10-02 19:00:00,6,188.52882385253906,229.96
2026-10-02 20:00:00,6,187.55667114257812,211.5
2026-10-02 21:00:00,6,152.87416076660156,194.7
2026-10-02 22:00:00,6,149.7430419921875,194.14
2026-10-02 23:00:00,6,131.7889862060547,178.98
2026-10-03 00:00:00,6,101.28414154052734,173.51
2026-10-03 01:00:00,6,101.89533996582031,169.11
2026-10-03 02:00:00,6,101.61561584472656,166.07
2026-10-03 03:00:00,6,108.41778564453125,169.9
2026-10-03 04:00:00,6,125.76214599609375,182.93
2026-10-03 05:00:00,6,149.34603881835938,198.61
2026-10-03 06:00:00,6,147.54466247558594,189.13
2026-10-03 07:00:00,6,122.7508773803711,173.33
2026-10-03 08:00:00,6,112.02558135986328,151.96
2026-10-03 09:00:00,6,85.3468017578125,125.04
2026-10-03 10:00:00,6,61.93220520019531,84.15
2026-10-03 11:00:00,6,45.128761291503906,56.71
2026-10-03 12:00:00,6,50.05301284790039,70.21
2026-10-03 13:00:00,6,58.686771392822266,114.15
2026-10-03 14:00:00,6,72.73500061035156,157.32
2026-10-03 15:00:00,6,131.67430114746094,194.32
2026-10-03 16:00:00,6,169.538330078125,227.68
2026-10-03 17:00:00,6,162.8826904296875,237.11
2026-10-03 18:00:00,6,167.71945190429688,223.22
2026-10-03 19:00:00,6,153.21817016601562,215.19
2026-10-03 20:00:00,6,147.53921508789062,208.44
2026-10-03 21:00:00,6,114.4458999633789,194.97
2026-10-03 22:00:00,6,112.67809295654297,194.08
2026-10-03 23:00:00,6,101.52131652832031,188.6
2026-10-04 00:00:00,6,117.18617248535156,182.69
2026-10-04 01:00:00,6,105.93468475341797,179.73
2026-10-04 02:00:00,6,108.9866714477539,176.73
2026-10-04 03:00:00,6,113.60488891601562,181.33
2026-10-04 04:00:00,6,114.13502502441406,189.63
2026-10-04 05:00:00,6,113.63825988769531,196.53
2026-10-04 06:00:00,6,105.89342498779297,186.69
2026-10-04 07:00:00,6,102.90979766845703,173.09
2026-10-04 08:00:00,6,75.47372436523438,143.73
2026-10-04 09:00:00,6,47.45732879638672,110.55
2026-10-04 10:00:00,6,33.56167984008789,76.91
2026-10-04 11:00:00,6,17.679458618164062,50.19
2026-10-04 12:00:00,6,29.712493896484375,55.83
2026-10-04 13:00:00,6,65.04341888427734,90.0
2026-10-04 14:00:00,6,103.9351806640625,149.31
2026-10-04 15:00:00,6,111.93312072753906,198.9
2026-10-04 16:00:00,6,151.9933624267578,224.37
2026-10-04 17:00:00,6,176.3603973388672,238.71
2026-10-04 18:00:00,6,153.60800170898438,229.89
2026-10-04 19:00:00,6,149.44522094726562,216.65
2026-10-04 20:00:00,6,146.45907592773438,212.29
2026-10-04 21:00:00,6,125.03583526611328,192.42
2026-10-04 22:00:00,6,127.25277709960938,167.36
2026-10-04 23:00:00,6,121.59257507324219,161.95
2026-10-05 00:00:00,6,174.5554656982422,154.94
2026-10-05 01:00:00,6,176.71641540527344,149.96
2026-10-05 02:00:00,6,178.45689392089844,149.98
2026-10-05 03:00:00,6,177.31649780273438,155.14
2026-10-05 04:00:00,6,207.10166931152344,198.03
2026-10-05 05:00:00,6,267.60821533203125,221.8
2026-10-05 06:00:00,6,254.50747680664062,231.45
2026-10-05 07:00:00,6,238.03558349609375,188.01
2026-10-05 08:00:00,6,207.13331604003906,146.11
2026-10-05 09:00:00,6,138.97052001953125,92.45
2026-10-05 10:00:00,6,101.31855010986328,59.65
2026-10-05 11:00:00,6,97.97437286376953,6.71
2026-10-05 12:00:00,6,100.30230712890625,35.95
2026-10-05 13:00:00,6,97.29859924316406,70.64
2026-10-05 14:00:00,6,209.25405883789062,128.97
2026-10-05 15:00:00,6,281.6921081542969,184.31
2026-10-05 16:00:00,6,324.37445068359375,224.72
2026-10-05 17:00:00,6,345.72589111328125,252.05
2026-10-05 18:00:00,6,332.5483093261719,221.83
2026-10-05 19:00:00,6,269.8050842285156,200.2
2026-10-05 20:00:00,6,239.47218322753906,189.26
2026-10-05 21:00:00,6,190.3895263671875,167.52
2026-10-05 22:00:00,6,174.33827209472656,151.76
2026-10-05 23:00:00,6,170.7025909423828,149.89
2026-10-06 00:00:00,6,129.79193115234375,151.88
2026-10-06 01:00:00,6,130.5945281982422,151.53
2026-10-06 02:00:00,6,129.36102294921875,153.2
2026-10-06 03:00:00,6,127.27824401855469,166.94
2026-10-06 04:00:00,6,179.07489013671875,207.39
2026-10-06 05:00:00,6,196.77626037597656,241.01
2026-10-06 06:00:00,6,197.2576446533203,249.8
2026-10-06 07:00:00,6,158.3556671142578,210.35
2026-10-06 08:00:00,6,113.85282897949219,171.87
2026-10-06 09:00:00,6,67.73347473144531,142.07
2026-10-06 10:00:00,6,45.10036849975586,132.49
2026-10-06 11:00:00,6,31.998397827148438,127.02
2026-10-06 12:00:00,6,44.47715377807617,136.67
2026-10-06 13:00:00,6,57.89310836791992,154.55
2026-10-06 14:00:00,6,91.92564392089844,190.0
2026-10-06 15:00:00,6,164.98342895507812,250.01
2026-10-06 16:00:00,6,218.01095581054688,339.65
2026-10-06 17:00:00,6,225.47776794433594,382.32
2026-10-06 18:00:00,6,203.38714599609375,296.18
2026-09-22 19:00:00,7,232.78189086914062,289.14
2026-09-22 20:00:00,7,201.40184020996094,246.68
2026-09-22 21:00:00,7,179.9064483642578,213.01
2026-09-22 22:00:00,7,175.1916046142578,188.96
2026-09-22 23:00:00,7,165.03424072265625,177.34
2026-09-23 00:00:00,7,162.5572509765625,176.48
2026-09-23 01:00:00,7,162.38209533691406,176.85
2026-09-23 02:00:00,7,167.48255920410156,175.95
2026-09-23 03:00:00,7,178.2625274658203,198.62
2026-09-23 04:00:00,7,301.3439636230469,300.0
2026-09-23 05:00:00,7,321.6816101074219,346.08
2026-09-23 06:00:00,7,279.1219482421875,232.06
2026-09-23 07:00:00,7,206.19728088378906,182.28
2026-09-23 08:00:00,7,157.27291870117188,141.35
2026-09-23 09:00:00,7,116.69585418701172,97.41
2026-09-23 10:00:00,7,74.24821472167969,73.06
2026-09-23 11:00:00,7,63.95270538330078,57.32
2026-09-23 12:00:00,7,64.71896362304688,75.09
2026-09-23 13:00:00,7,83.81376647949219,110.41
2026-09-23 14:00:00,7,119.24781036376953,156.81
2026-09-23 15:00:00,7,192.9093017578125,199.01
2026-09-23 16:00:00,7,288.8251647949219,243.72
2026-09-23 17:00:00,7,311.41888427734375,271.59
2026-09-23 18:00:00,7,291.62286376953125,236.63
2026-09-23 19:00:00,7,218.90972900390625,195.2
2026-09-23 20:00:00,7,213.43365478515625,170.12
2026-09-23 21:00:00,7,200.6616973876953,154.0
2026-09-23 22:00:00,7,214.6209716796875,130.37
2026-09-23 23:00:00,7,199.65196228027344,118.87
2026-09-24 00:00:00,7,185.0765380859375,114.51
2026-09-24 01:00:00,7,185.01123046875,107.03
2026-09-24 02:00:00,7,185.01123046875,107.32
2026-09-24 03:00:00,7,205.32333374023438,121.7
2026-09-24 04:00:00,7,230.57791137695312,147.81
2026-09-24 05:00:00,7,319.90069580078125,168.02
2026-09-24 06:00:00,7,232.073974609375,173.77
2026-09-24 07:00:00,7,196.23646545410156,152.41
2026-09-24 08:00:00,7,153.5537109375,111.73
2026-09-24 09:00:00,7,117.54776000976562,68.41
2026-09-24 10:00:00,7,72.5279541015625,16.0
2026-09-24 11:00:00,7,64.66039276123047,11.6
2026-09-24 12:00:00,7,66.24674224853516,19.69
2026-09-24 13:00:00,7,105.48652648925781,75.88
2026-09-24 14:00:00,7,157.02037048339844,117.68
2026-09-24 15:00:00,7,191.13925170898438,180.03
2026-09-24 16:00:00,7,222.3887481689453,226.04
2026-09-24 17:00:00,7,207.00830078125,267.32
2026-09-24 18:00:00,7,217.9839630126953,260.0
2026-09-24 19:00:00,7,217.6467742919922,225.82
2026-09-24 20:00:00,7,193.26953125,204.87
2026-09-24 21:00:00,7,173.6312713623047,188.01
2026-09-24 22:00:00,7,135.7298126220703,181.94
2026-09-24 23:00:00,7,122.70691680908203,172.17
2026-09-25 00:00:00,7,124.4207992553711,165.64
2026-09-25 01:00:00,7,123.0317611694336,167.12
2026-09-25 02:00:00,7,123.7563247680664,169.71
2026-09-25 03:00:00,7,135.69424438476562,187.91
2026-09-25 04:00:00,7,169.8782958984375,235.27
2026-09-25 05:00:00,7,174.9678192138672,261.4
2026-09-25 06:00:00,7,205.84239196777344,249.74
2026-09-25 07:00:00,7,166.9691162109375,196.24
2026-09-25 08:00:00,7,112.42597198486328,158.54
2026-09-25 09:00:00,7,67.80167388916016,108.41
2026-09-25 10:00:00,7,42.73506164550781,60.19
2026-09-25 11:00:00,7,40.219085693359375,30.11
2026-09-25 12:00:00,7,36.171566009521484,39.89
2026-09-25 13:00:00,7,68.2974853515625,87.04
2026-09-25 14:00:00,7,136.17068481445312,154.52
2026-09-25 15:00:00,7,167.73240661621094,199.0
2026-09-25 16:00:00,7,222.38082885742188,241.43
2026-09-25 17:00:00,7,232.158935546875,303.43
2026-09-25 18:00:00,7,229.9976806640625,252.17
2026-09-25 19:00:00,7,222.05191040039062,224.17
2026-09-25 20:00:00,7,210.60438537597656,206.35
2026-09-25 21:00:00,7,184.44435119628906,186.76
2026-09-25 22:00:00,7,164.14202880859375,196.3
2026-09-25 23:00:00,7,154.58177185058594,184.03
2026-09-26 00:00:00,7,141.13589477539062,175.09
2026-09-26 01:00:00,7,134.70602416992188,163.55
2026-09-26 02:00:00,7,143.2830352783203,160.76
2026-09-26 03:00:00,7,156.65708923339844,160.55
2026-09-26 04:00:00,7,173.2017059326172,178.74
2026-09-26 05:00:00,7,162.819091796875,194.31
2026-09-26 06:00:00,7,159.7559356689453,191.92
2026-09-26 07:00:00,7,137.7070770263672,156.44
2026-09-26 08:00:00,7,95.070556640625,111.99
2026-09-26 09:00:00,7,45.243507385253906,53.1
2026-09-26 10:00:00,7,18.922866821289062,11.0
2026-09-26 11:00:00,7,6.702507019042969,3.3
2026-09-26 12:00:00,7,12.444873809814453,18.45
2026-09-26 13:00:00,7,22.039709091186523,51.53
2026-09-26 14:00:00,7,96.03707885742188,127.39
2026-09-26 15:00:00,7,150.13743591308594,191.88
2026-09-26 16:00:00,7,179.22776794433594,214.37
2026-09-26 17:00:00,7,183.1869659423828,236.79
2026-09-26 18:00:00,7,183.15032958984375,226.36
2026-09-26 19:00:00,7,181.50909423828125,208.49
2026-09-26 20:00:00,7,187.13563537597656,199.31
2026-09-26 21:00:00,7,179.232177734375,186.0
2026-09-26 22:00:00,7,173.88592529296875,183.22
2026-09-26 23:00:00,7,163.7925567626953,178.27
2026-09-27 00:00:00,7,172.20436096191406,171.34
2026-09-27 01:00:00,7,172.95436096191406,166.43
2026-09-27 02:00:00,7,163.75457763671875,161.57
2026-09-27 03:00:00,7,165.0634002685547,158.67
2026-09-27 04:00:00,7,168.5013885498047,159.34
2026-09-27 05:00:00,7,173.70936584472656,151.2
2026-09-27 06:00:00,7,173.30931091308594,127.7
2026-09-27 07:00:00,7,156.95870971679688,56.74
2026-09-27 08:00:00,7,100.09752655029297,1.39
2026-09-27 09:00:00,7,44.11812210083008,-0.07
2026-09-27 10:00:00,7,27.540075302124023,-1.95
2026-09-27 11:00:00,7,30.321226119995117,-2.49
2026-09-27 12:00:00,7,28.71706771850586,-0.84
2026-09-27 13:00:00,7,40.6157112121582,-0.01
2026-09-27 14:00:00,7,126.58631896972656,13.1
2026-09-27 15:00:00,7,183.81329345703125,114.26
2026-09-27 16:00:00,7,198.8410186767578,186.21
2026-09-27 17:00:00,7,216.30723571777344,195.75
2026-09-27 18:00:00,7,215.30235290527344,183.85
2026-09-27 19:00:00,7,205.5682830810547,159.76
2026-09-27 20:00:00,7,200.3718719482422,155.42
2026-09-27 21:00:00,7,194.73883056640625,146.43
2026-09-27 22:00:00,7,178.91558837890625,150.71
2026-09-27 23:00:00,7,180.6878662109375,151.41
2026-09-28 00:00:00,7,190.56520080566406,151.49
2026-09-28 01:00:00,7,187.67367553710938,154.59
2026-09-28 02:00:00,7,181.190185546875,160.96
2026-09-28 03:00:00,7,177.88473510742188,175.17
2026-09-28 04:00:00,7,187.45919799804688,211.13
2026-09-28 05:00:00,7,250.61093139648438,240.98
2026-09-28 06:00:00,7,255.5692596435547,242.15
2026-09-28 07:00:00,7,154.95556640625,210.11
2026-09-28 08:00:00,7,113.63774871826172,179.31
2026-09-28 09:00:00,7,92.14865112304688,153.52
2026-09-28 10:00:00,7,81.86894226074219,126.14
2026-09-28 11:00:00,7,81.5450668334961,121.34
2026-09-28 12:00:00,7,79.04981994628906,138.29
2026-09-28 13:00:00,7,90.37168884277344,153.73
2026-09-28 14:00:00,7,105.06392669677734,188.08
2026-09-28 15:00:00,7,198.68377685546875,236.67
2026-09-28 16:00:00,7,315.452392578125,310.58
2026-09-28 17:00:00,7,347.87884521484375,342.21
2026-09-28 18:00:00,7,321.4851989746094,277.31
2026-09-28 19:00:00,7,265.6211853027344,229.0
2026-09-28 20:00:00,7,235.0989532470703,203.35
2026-09-28 21:00:00,7,203.37973022460938,181.29
2026-09-28 22:00:00,7,201.47654724121094,183.86
2026-09-28 23:00:00,7,194.7576904296875,173.96
2026-09-29 00:00:00,7,156.8558349609375,169.04
2026-09-29 01:00:00,7,156.82432556152344,164.91
2026-09-29 02:00:00,7,164.78225708007812,160.4
2026-09-29 03:00:00,7,179.0328369140625,165.71
2026-09-29 04:00:00,7,243.38226318359375,216.1
2026-09-29 05:00:00,7,274.15234375,228.62
2026-09-29 06:00:00,7,314.3492431640625,215.94
2026-09-29 07:00:00,7,273.7936096191406,184.2
2026-09-29 08:00:00,7,169.23236083984375,161.82
2026-09-29 09:00:00,7,139.1538848876953,125.34
2026-09-29 10:00:00,7,101.50276947021484,88.44
2026-09-29 11:00:00,7,91.86907958984375,72.44
2026-09-29 12:00:00,7,107.23867797851562,81.55
2026-09-29 13:00:00,7,107.53417205810547,112.26
2026-09-29 14:00:00,7,148.69943237304688,155.01
2026-09-29 15:00:00,7,287.57818603515625,203.35
2026-09-29 16:00:00,7,311.5707702636719,230.8
2026-09-29 17:00:00,7,311.57763671875,229.8
2026-09-29 18:00:00,7,312.9078674316406,201.89
2026-09-29 19:00:00,7,295.23419189453125,169.94
2026-09-29 20:00:00,7,268.840087890625,154.15
2026-09-29 21:00:00,7,215.9839630126953,130.39
2026-09-29 22:00:00,7,174.2310028076172,109.6
2026-09-29 23:00:00,7,169.65623474121094,105.5
2026-09-30 00:00:00,7,160.48939514160156,101.71
2026-09-30 01:00:00,7,160.4578857421875,102.87
2026-09-30 02:00:00,7,162.76414489746094,104.3
2026-09-30 03:00:00,7,176.0355987548828,122.2
2026-09-30 04:00:00,7,215.93116760253906,160.37
2026-09-30 05:00:00,7,221.03732299804688,198.91
2026-09-30 06:00:00,7,225.7386016845703,193.75
2026-09-30 07:00:00,7,192.4361114501953,165.21
2026-09-30 08:00:00,7,146.26168823242188,122.31
2026-09-30 09:00:00,7,107.33184814453125,81.42
2026-09-30 10:00:00,7,59.84218215942383,42.91
2026-09-30 11:00:00,7,48.29365539550781,20.0
2026-09-30 12:00:00,7,65.36319732666016,37.51
2026-09-30 13:00:00,7,91.45256805419922,84.93
2026-09-30 14:00:00,7,142.2224578857422,148.47
2026-09-30 15:00:00,7,201.8027801513672,202.17
2026-09-30 16:00:00,7,227.4727325439453,230.33
2026-09-30 17:00:00,7,236.24766540527344,249.74
2026-09-30 18:00:00,7,229.39224243164062,233.04
2026-09-30 19:00:00,7,177.88758850097656,206.18
2026-09-30 20:00:00,7,161.3802490234375,186.89
2026-09-30 21:00:00,7,116.89309692382812,167.64
2026-09-30 22:00:00,7,102.70240783691406,158.0
2026-09-30 23:00:00,7,94.97708129882812,159.62
2026-10-01 00:00:00,7,85.79920196533203,158.43
2026-10-01 01:00:00,7,89.862548828125,159.51
2026-10-01 02:00:00,7,90.0433349609375,158.05
2026-10-01 03:00:00,7,109.0580062866211,166.64
2026-10-01 04:00:00,7,142.72438049316406,208.17
2026-10-01 05:00:00,7,175.8143768310547,237.24
2026-10-01 06:00:00,7,186.47122192382812,233.36
2026-10-01 07:00:00,7,156.9567108154297,208.3
2026-10-01 08:00:00,7,115.31871032714844,183.4
2026-10-01 09:00:00,7,71.94239044189453,160.11
2026-10-01 10:00:00,7,40.7186393737793,162.19
2026-10-01 11:00:00,7,29.335613250732422,152.02
2026-10-01 12:00:00,7,45.30839157104492,150.34
2026-10-01 13:00:00,7,77.88248443603516,156.88
2026-10-01 14:00:00,7,138.5845489501953,189.18
2026-10-01 15:00:00,7,191.45404052734375,232.28
2026-10-01 16:00:00,7,214.9516143798828,274.69
2026-10-01 17:00:00,7,236.16786193847656,300.54
2026-10-01 18:00:00,7,234.90286254882812,257.51
2026-10-01 19:00:00,7,225.99459838867188,226.42
2026-10-01 20:00:00,7,207.9405517578125,205.0
2026-10-01 21:00:00,7,182.7399444580078,186.43
2026-10-01 22:00:00,7,156.96441650390625,175.03
2026-10-01 23:00:00,7,153.8920135498047,163.9
2026-10-02 00:00:00,7,147.21466064453125,160.96
2026-10-02 01:00:00,7,146.4302978515625,160.07
2026-10-02 02:00:00,7,148.67457580566406,163.14
2026-10-02 03:00:00,7,175.73899841308594,177.87
2026-10-02 04:00:00,7,220.4468231201172,221.67
2026-10-02 05:00:00,7,221.716552734375,260.34
2026-10-02 06:00:00,7,226.00657653808594,264.29
2026-10-02 07:00:00,7,213.7628936767578,225.49
2026-10-02 08:00:00,7,165.44985961914062,186.85
2026-10-02 09:00:00,7,123.56275177001953,170.07
2026-10-02 10:00:00,7,110.83649444580078,152.61
2026-10-02 11:00:00,7,96.48159790039062,140.86
2026-10-02 12:00:00,7,87.29598236083984,142.31
2026-10-02 13:00:00,7,91.4586410522461,150.1
2026-10-02 14:00:00,7,139.88888549804688,181.03
2026-10-02 15:00:00,7,182.7383575439453,224.85
2026-10-02 16:00:00,7,199.00466918945312,266.56
2026-10-02 17:00:00,7,193.1676483154297,319.81
2026-10-02 18:00:00,7,195.03778076171875,268.11
2026-10-02 19:00:00,7,183.98997497558594,229.96
2026-10-02 20:00:00,7,184.5990447998047,211.5
2026-10-02 21:00:00,7,156.94808959960938,194.7
2026-10-02 22:00:00,7,140.9550018310547,194.14
2026-10-02 23:00:00,7,128.80140686035156,178.98
2026-10-03 00:00:00,7,95.68138122558594,173.51
2026-10-03 01:00:00,7,95.20362854003906,169.11
2026-10-03 02:00:00,7,95.23807525634766,166.07
2026-10-03 03:00:00,7,97.85354614257812,169.9
2026-10-03 04:00:00,7,115.94037628173828,182.93
2026-10-03 05:00:00,7,142.2423095703125,198.61
2026-10-03 06:00:00,7,146.92520141601562,189.13
2026-10-03 07:00:00,7,123.83680725097656,173.33
2026-10-03 08:00:00,7,86.89746856689453,151.96
2026-10-03 09:00:00,7,69.08711242675781,125.04
2026-10-03 10:00:00,7,59.1116943359375,84.15
2026-10-03 11:00:00,7,44.73477554321289,56.71
2026-10-03 12:00:00,7,49.12177658081055,70.21
2026-10-03 13:00:00,7,49.827613830566406,114.15
2026-10-03 14:00:00,7,68.3155288696289,157.32
2026-10-03 15:00:00,7,117.36859130859375,194.32
2026-10-03 16:00:00,7,150.17465209960938,227.68
2026-10-03 17:00:00,7,145.97854614257812,237.11
2026-10-03 18:00:00,7,150.81173706054688,223.22
2026-10-03 19:00:00,7,134.65248107910156,215.19
2026-10-03 20:00:00,7,135.66346740722656,208.44
2026-10-03 21:00:00,7,120.68128967285156,194.97
2026-10-03 22:00:00,7,114.04155731201172,194.08
2026-10-03 23:00:00,7,97.62000274658203,188.6
2026-10-04 00:00:00,7,118.94981384277344,182.69
2026-10-04 01:00:00,7,117.27185821533203,179.73
2026-10-04 02:00:00,7,117.96842193603516,176.73
2026-10-04 03:00:00,7,116.76018524169922,181.33
2026-10-04 04:00:00,7,117.23979187011719,189.63
2026-10-04 05:00:00,7,123.51318359375,196.53
2026-10-04 06:00:00,7,115.16514587402344,186.69
2026-10-04 07:00:00,7,100.66870880126953,173.09
2026-10-04 08:00:00,7,75.69503784179688,143.73
2026-10-04 09:00:00,7,53.74558639526367,110.55
2026-10-04 10:00:00,7,35.60749053955078,76.91
2026-10-04 11:00:00,7,16.856542587280273,50.19
2026-10-04 12:00:00,7,25.4248104095459,55.83
2026-10-04 13:00:00,7,54.429779052734375,90.0
2026-10-04 14:00:00,7,105.13946533203125,149.31
2026-10-04 15:00:00,7,119.47008514404297,198.9
2026-10-04 16:00:00,7,150.5487060546875,224.37
2026-10-04 17:00:00,7,169.16452026367188,238.71
2026-10-04 18:00:00,7,153.14300537109375,229.89
2026-10-04 19:00:00,7,153.17208862304688,216.65
2026-10-04 20:00:00,7,152.50624084472656,212.29
2026-10-04 21:00:00,7,137.73561096191406,192.42
2026-10-04 22:00:00,7,136.02430725097656,167.36
2026-10-04 23:00:00,7,129.12191772460938,161.95
2026-10-05 00:00:00,7,180.05538940429688,154.94
2026-10-05 01:00:00,7,179.70318603515625,149.96
2026-10-05 02:00:00,7,178.39566040039062,149.98
2026-10-05 03:00:00,7,184.46180725097656,155.14
2026-10-05 04:00:00,7,215.84046936035156,198.03
2026-10-05 05:00:00,7,273.53192138671875,221.8
2026-10-05 06:00:00,7,272.24176025390625,231.45
2026-10-05 07:00:00,7,272.16009521484375,188.01
2026-10-05 08:00:00,7,248.1829376220703,146.11
2026-10-05 09:00:00,7,151.2479705810547,92.45
2026-10-05 10:00:00,7,108.81619262695312,59.65
2026-10-05 11:00:00,7,109.5748062133789,6.71
2026-10-05 12:00:00,7,118.75978088378906,35.95
2026-10-05 13:00:00,7,125.53849029541016,70.64
2026-10-05 14:00:00,7,236.0000762939453,128.97
2026-10-05 15:00:00,7,314.10821533203125,184.31
2026-10-05 16:00:00,7,351.4400939941406,224.72
2026-10-05 17:00:00,7,379.2250671386719,252.05
2026-10-05 18:00:00,7,367.4625244140625,221.83
2026-10-05 19:00:00,7,305.47119140625,200.2
2026-10-05 20:00:00,7,261.7790832519531,189.26
2026-10-05 21:00:00,7,198.7710418701172,167.52
2026-10-05 22:00:00,7,185.27529907226562,151.76
2026-10-05 23:00:00,7,178.2371826171875,149.89
2026-10-06 00:00:00,7,127.12211608886719,151.88
2026-10-06 01:00:00,7,127.5076675415039,151.53
2026-10-06 02:00:00,7,129.04554748535156,153.2
2026-10-06 03:00:00,7,125.07686614990234,166.94
2026-10-06 04:00:00,7,175.94407653808594,207.39
2026-10-06 05:00:00,7,184.32070922851562,241.01
2026-10-06 06:00:00,7,187.33140563964844,249.8
2026-10-06 07:00:00,7,159.20785522460938,210.35
2026-10-06 08:00:00,7,116.40741729736328,171.87
2026-10-06 09:00:00,7,66.75537109375,142.07
2026-10-06 10:00:00,7,43.807464599609375,132.49
2026-10-06 11:00:00,7,38.55344009399414,127.02
2026-10-06 12:00:00,7,49.44292449951172,136.67
2026-10-06 13:00:00,7,56.61371612548828,154.55
2026-10-06 14:00:00,7,92.86519622802734,190.0
2026-10-06 15:00:00,7,160.41818237304688,250.01
2026-10-06 16:00:00,7,203.1230926513672,339.65
2026-10-06 17:00:00,7,231.27981567382812,382.32
2026-10-06 18:00:00,7,195.68649291992188,296.18
2026-09-22 19:00:00,8,149.30636025848383,289.14
2026-09-22 20:00:00,8,124.54428820630024,246.68
2026-09-22 21:00:00,8,107.60673067288789,213.01
2026-09-22 22:00:00,8,99.96886833773968,188.96
2026-09-22 23:00:00,8,99.52916425245245,177.34
2026-09-23 00:00:00,8,83.02994790648519,176.48
2026-09-23 01:00:00,8,85.43822163496881,176.85
2026-09-23 02:00:00,8,100.98264327691496,175.95
2026-09-23 03:00:00,8,141.86396739116913,198.62
2026-09-23 04:00:00,8,170.3201707203497,300.0
2026-09-23 05:00:00,8,191.0803891076261,346.08
2026-09-23 06:00:00,8,174.5448615065889,232.06
2026-09-23 07:00:00,8,98.93563387669143,182.28
2026-09-23 08:00:00,8,65.3730977678925,141.35
2026-09-23 09:00:00,8,56.8013811554466,97.41
2026-09-23 10:00:00,8,45.57734234896373,73.06
2026-09-23 11:00:00,8,35.49571775517884,57.32
2026-09-23 12:00:00,8,31.43029654042931,75.09
2026-09-23 13:00:00,8,49.976826445528765,110.41
2026-09-23 14:00:00,8,101.95071626247376,156.81
2026-09-23 15:00:00,8,174.90211359656735,199.01
2026-09-23 16:00:00,8,262.16499202592087,243.72
2026-09-23 17:00:00,8,405.249094563238,271.59
2026-09-23 18:00:00,8,518.5225791372601,236.63
2026-09-23 19:00:00,8,299.50946992244394,195.2
2026-09-23 20:00:00,8,208.99857324537987,170.12
2026-09-23 21:00:00,8,195.32650065897457,154.0
2026-09-23 22:00:00,8,182.0309867739311,130.37
2026-09-23 23:00:00,8,166.44632308008977,118.87
2026-09-24 00:00:00,8,140.0290581365944,114.51
2026-09-24 01:00:00,8,127.72744913743001,107.03
2026-09-24 02:00:00,8,142.50630114417277,107.32
2026-09-24 03:00:00,8,158.43269651329746,121.7
2026-09-24 04:00:00,8,217.84585450494347,147.81
2026-09-24 05:00:00,8,292.01850470569156,168.02
2026-09-24 06:00:00,8,261.8637051751385,173.77
2026-09-24 07:00:00,8,150.95188987168072,152.41
2026-09-24 08:00:00,8,86.20658354867807,111.73
2026-09-24 09:00:00,8,26.188006390704132,68.41
2026-09-24 10:00:00,8,3.440470204549115,16.0
2026-09-24 11:00:00,8,5.302042394713766,11.6
2026-09-24 12:00:00,8,6.742007123622017,19.69
2026-09-24 13:00:00,8,29.340714865414633,75.88
2026-09-24 14:00:00,8,64.03371157559359,117.68
2026-09-24 15:00:00,8,103.96383604440294,180.03
2026-09-24 16:00:00,8,150.96558533292375,226.04
2026-09-24 17:00:00,8,165.1355477700527,267.32
2026-09-24 18:00:00,8,115.60421022439185,260.0
2026-09-24 19:00:00,8,136.96189816689412,225.82
2026-09-24 20:00:00,8,107.80092389006236,204.87
2026-09-24 21:00:00,8,65.46725271343675,188.01
2026-09-24 22:00:00,8,57.61021980561469,181.94
2026-09-24 23:00:00,8,63.09585685088777,172.17
2026-09-25 00:00:00,8,57.27059915077223,165.64
2026-09-25 01:00:00,8,58.913496411975856,167.12
2026-09-25 02:00:00,8,79.59415152663362,169.71
2026-09-25 03:00:00,8,109.2673558386252,187.91
2026-09-25 04:00:00,8,150.21607543777804,235.27
2026-09-25 05:00:00,8,166.81478624102078,261.4
2026-09-25 06:00:00,8,147.43729449564267,249.74
2026-09-25 07:00:00,8,101.21106089667288,196.24
2026-09-25 08:00:00,8,41.81612640869651,158.54
2026-09-25 09:00:00,8,-7.30304620884074,108.41
2026-09-25 10:00:00,8,-10.053482651286217,60.19
2026-09-25 11:00:00,8,-15.994903143573069,30.11
2026-09-25 12:00:00,8,-1.604634171044765,39.89
2026-09-25 13:00:00,8,11.374449128002794,87.04
2026-09-25 14:00:00,8,45.68332875754329,154.52
2026-09-25 15:00:00,8,82.04660584729493,199.0
2026-09-25 16:00:00,8,143.48971898272495,241.43
2026-09-25 17:00:00,8,184.52592471225347,303.43
2026-09-25 18:00:00,8,184.56594521323603,252.17
2026-09-25 19:00:00,8,167.08565605032044,224.17
2026-09-25 20:00:00,8,161.0873452482867,206.35
2026-09-25 21:00:00,8,140.27511116130256,186.76
2026-09-25 22:00:00,8,128.72319422371191,196.3
2026-09-25 23:00:00,8,126.22329524348746,184.03
2026-09-26 00:00:00,8,153.47851124725432,175.09
2026-09-26 01:00:00,8,152.85913293040403,163.55
2026-09-26 02:00:00,8,159.32743633619708,160.76
2026-09-26 03:00:00,8,155.8814994167493,160.55
2026-09-26 04:00:00,8,147.7645848904993,178.74
2026-09-26 05:00:00,8,155.18068434605516,194.31
2026-09-26 06:00:00,8,128.7058781769672,191.92
2026-09-26 07:00:00,8,96.64447613591125,156.44
2026-09-26 08:00:00,8,78.58210811199908,111.99
2026-09-26 09:00:00,8,59.19043572884408,53.1
2026-09-26 10:00:00,8,67.49188140311067,11.0
2026-09-26 11:00:00,8,46.370337292226104,3.3
2026-09-26 12:00:00,8,37.67984591281737,18.45
2026-09-26 13:00:00,8,39.88277519464562,51.53
2026-09-26 14:00:00,8,131.9531486054541,127.39
2026-09-26 15:00:00,8,193.64112392833886,191.88
2026-09-26 16:00:00,8,223.5993141003309,214.37
2026-09-26 17:00:00,8,231.99707000939844,236.79
2026-09-26 18:00:00,8,202.80510735672198,226.36
2026-09-26 19:00:00,8,149.37673870347157,208.49
2026-09-26 20:00:00,8,118.89202126628855,199.31
2026-09-26 21:00:00,8,118.70101798996922,186.0
2026-09-26 22:00:00,8,117.44721005115393,183.22
2026-09-26 23:00:00,8,133.39273581656207,178.27
2026-09-27 00:00:00,8,130.6185313301058,171.34
2026-09-27 01:00:00,8,114.02587158098129,166.43
2026-09-27 02:00:00,8,112.45398319660492,161.57
2026-09-27 03:00:00,8,108.43786989161629,158.67
2026-09-27 04:00:00,8,108.8366187564534,159.34
2026-09-27 05:00:00,8,74.32665858913305,151.2
2026-09-27 06:00:00,8,39.193129494153595,127.7
2026-09-27 07:00:00,8,39.437204893590184,56.74
2026-09-27 08:00:00,8,16.510963669105564,1.39
2026-09-27 09:00:00,8,-5.40917195778124,-0.07
2026-09-27 10:00:00,8,-40.341915770185935,-1.95
2026-09-27 11:00:00,8,-60.2196906192287,-2.49
2026-09-27 12:00:00,8,-51.45995182870497,-0.84
2026-09-27 13:00:00,8,-34.258115165583746,-0.01
2026-09-27 14:00:00,8,35.27796495034151,13.1
2026-09-27 15:00:00,8,84.53401184165348,114.26
2026-09-27 16:00:00,8,132.57295302924814,186.21
2026-09-27 17:00:00,8,158.01325541828382,195.75
2026-09-27 18:00:00,8,156.68370780901404,183.85
2026-09-27 19:00:00,8,162.6245377908907,159.76
2026-09-27 20:00:00,8,171.74684997328086,155.42
2026-09-27 21:00:00,8,192.44209254041576,146.43
2026-09-27 22:00:00,8,163.98797264529162,150.71
2026-09-27 23:00:00,8,147.16592812077076,151.41
2026-09-28 00:00:00,8,142.30457801013281,151.49
2026-09-28 01:00:00,8,141.3225323565781,154.59
2026-09-28 02:00:00,8,158.4145609247833,160.96
2026-09-28 03:00:00,8,168.6442545952944,175.17
2026-09-28 04:00:00,8,182.16805690637466,211.13
2026-09-28 05:00:00,8,187.97782041856786,240.98
2026-09-28 06:00:00,8,167.3454940515022,242.15
2026-09-28 07:00:00,8,127.56641117150082,210.11
2026-09-28 08:00:00,8,94.49858814660523,179.31
2026-09-28 09:00:00,8,79.11428716574684,153.52
2026-09-28 10:00:00,8,70.56696436425798,126.14
2026-09-28 11:00:00,8,50.35048146737034,121.34
2026-09-28 12:00:00,8,39.206093881795844,138.29
2026-09-28 13:00:00,8,44.070940082476035,153.73
2026-09-28 14:00:00,8,77.2562528703795,188.08
2026-09-28 15:00:00,8,117.6152136180303,236.67
2026-09-28 16:00:00,8,179.61446174089485,310.58
2026-09-28 17:00:00,8,219.06059740472364,342.21
2026-09-28 18:00:00,8,182.1898386880966,277.31
2026-09-28 19:00:00,8,173.65117894273925,229.0
2026-09-28 20:00:00,8,142.56934140496332,203.35
2026-09-28 21:00:00,8,119.03704860993145,181.29
2026-09-28 22:00:00,8,110.0654776304375,183.86
2026-09-28 23:00:00,8,95.78298016294455,173.96
2026-09-29 00:00:00,8,101.35109742079771,169.04
2026-09-29 01:00:00,8,105.68597059383644,164.91
2026-09-29 02:00:00,8,111.49327476437806,160.4
2026-09-29 03:00:00,8,163.95800424197364,165.71
2026-09-29 04:00:00,8,223.48389615651791,216.1
2026-09-29 05:00:00,8,228.124314849592,228.62
2026-09-29 06:00:00,8,230.90437075738578,215.94
2026-09-29 07:00:00,8,173.27930501191207,184.2
2026-09-29 08:00:00,8,123.64093282654683,161.82
2026-09-29 09:00:00,8,79.30213993482081,125.34
2026-09-29 10:00:00,8,65.23133038386835,88.44
2026-09-29 11:00:00,8,60.18440566647762,72.44
2026-09-29 12:00:00,8,50.68731397362825,81.55
2026-09-29 13:00:00,8,71.710202583935,112.26
2026-09-29 14:00:00,8,172.81078868417825,155.01
2026-09-29 15:00:00,8,324.2196172818824,203.35
2026-09-29 16:00:00,8,408.5012087096666,230.8
2026-09-29 17:00:00,8,432.94501136078867,229.8
2026-09-29 18:00:00,8,375.1389004918223,201.89
2026-09-29 19:00:00,8,265.27451919715793,169.94
2026-09-29 20:00:00,8,222.4360891163721,154.15
2026-09-29 21:00:00,8,187.80975310340858,130.39
2026-09-29 22:00:00,8,169.68639810377874,109.6
2026-09-29 23:00:00,8,164.80568193582425,105.5
2026-09-30 00:00:00,8,154.61066733122163,101.71
2026-09-30 01:00:00,8,149.02250627114933,102.87
2026-09-30 02:00:00,8,152.81885743628973,104.3
2026-09-30 03:00:00,8,167.41402010046835,122.2
2026-09-30 04:00:00,8,199.8350278830622,160.37
2026-09-30 05:00:00,8,247.3083607528631,198.91
2026-09-30 06:00:00,8,212.83118230124114,193.75
2026-09-30 07:00:00,8,156.16055584764504,165.21
2026-09-30 08:00:00,8,124.13654217452165,122.31
2026-09-30 09:00:00,8,88.41428929884442,81.42
2026-09-30 10:00:00,8,67.73512471969651,42.91
2026-09-30 11:00:00,8,58.2932893674476,20.0
2026-09-30 12:00:00,8,67.41722545346582,37.51
2026-09-30 13:00:00,8,96.98144788183976,84.93
2026-09-30 14:00:00,8,155.2422987390837,148.47
2026-09-30 15:00:00,8,190.85170037812867,202.17
2026-09-30 16:00:00,8,214.17525109832553,230.33
2026-09-30 17:00:00,8,211.75754043064882,249.74
2026-09-30 18:00:00,8,189.66370079832348,233.04
2026-09-30 19:00:00,8,170.53579364609539,206.18
2026-09-30 20:00:00,8,171.07593620244896,186.89
2026-09-30 21:00:00,8,154.63734766521003,167.64
2026-09-30 22:00:00,8,140.8594446984108,158.0
2026-09-30 23:00:00,8,124.02904914882745,159.62
2026-10-01 00:00:00,8,109.69020994233803,158.43
2026-10-01 01:00:00,8,103.73140126709156,159.51
2026-10-01 02:00:00,8,111.74217154710706,158.05
2026-10-01 03:00:00,8,132.55696898609915,166.64
2026-10-01 04:00:00,8,164.18382079111285,208.17
2026-10-01 05:00:00,8,196.02902724099135,237.24
2026-10-01 06:00:00,8,178.78721033896093,233.36
2026-10-01 07:00:00,8,148.4232321496283,208.3
2026-10-01 08:00:00,8,108.98107404313643,183.4
2026-10-01 09:00:00,8,88.57192873698713,160.11
2026-10-01 10:00:00,8,69.73178636661888,162.19
2026-10-01 11:00:00,8,69.17132488387776,152.02
2026-10-01 12:00:00,8,67.1038892222231,150.34
2026-10-01 13:00:00,8,67.49042190294908,156.88
2026-10-01 14:00:00,8,109.875148743848,189.18
2026-10-01 15:00:00,8,184.08686680157422,232.28
2026-10-01 16:00:00,8,241.5224055467541,274.69
2026-10-01 17:00:00,8,238.22131814679165,300.54
2026-10-01 18:00:00,8,210.93885142966286,257.51
2026-10-01 19:00:00,8,184.07356313765928,226.42
2026-10-01 20:00:00,8,176.16679917697564,205.0
2026-10-01 21:00:00,8,162.97306875515832,186.43
2026-10-01 22:00:00,8,145.87980078695216,175.03
2026-10-01 23:00:00,8,125.705127491085,163.9
2026-10-02 00:00:00,8,128.84688406137684,160.96
2026-10-02 01:00:00,8,146.30943287819042,160.07
2026-10-02 02:00:00,8,160.58774645797143,163.14
2026-10-02 03:00:00,8,181.62049964976427,177.87
2026-10-02 04:00:00,8,202.26938834999504,221.67
2026-10-02 05:00:00,8,240.6815331406773,260.34
2026-10-02 06:00:00,8,224.97380599608627,264.29
2026-10-02 07:00:00,8,179.96216687835252,225.49
2026-10-02 08:00:00,8,137.11379632952298,186.85
2026-10-02 09:00:00,8,114.37378241338936,170.07
2026-10-02 10:00:00,8,89.0061578786663,152.61
2026-10-02 11:00:00,8,89.3951960106176,140.86
2026-10-02 12:00:00,8,102.54265149285948,142.31
2026-10-02 13:00:00,8,130.01231677032854,150.1
2026-10-02 14:00:00,8,175.6685596740092,181.03
2026-10-02 15:00:00,8,272.1887121150599,224.85
2026-10-02 16:00:00,8,333.039317629273,266.56
2026-10-02 17:00:00,8,334.38163537745834,319.81
2026-10-02 18:00:00,8,245.99686834021736,268.11
2026-10-02 19:00:00,8,185.16360754846028,229.96
2026-10-02 20:00:00,8,162.57349724025624,211.5
2026-10-02 21:00:00,8,162.77592903222944,194.7
2026-10-02 22:00:00,8,154.00918354978705,194.14
2026-10-02 23:00:00,8,141.71983524435745,178.98
2026-10-03 00:00:00,8,150.3247462777895,173.51
2026-10-03 01:00:00,8,155.45086632326377,169.11
2026-10-03 02:00:00,8,151.8997661821875,166.07
2026-10-03 03:00:00,8,140.63721123471646,169.9
2026-10-03 04:00:00,8,136.6886306904193,182.93
2026-10-03 05:00:00,8,156.75633584133863,198.61
2026-10-03 06:00:00,8,148.5344636825589,189.13
2026-10-03 07:00:00,8,131.1306419439636,173.33
2026-10-03 08:00:00,8,101.63798853137543,151.96
2026-10-03 09:00:00,8,90.51631102499887,125.04
2026-10-03 10:00:00,8,75.54983073589696,84.15
2026-10-03 11:00:00,8,79.00711846376731,56.71
2026-10-03 12:00:00,8,89.6909631175005,70.21
2026-10-03 13:00:00,8,116.2167725274841,114.15
2026-10-03 14:00:00,8,152.0312625934412,157.32
2026-10-03 15:00:00,8,182.61430555176804,194.32
2026-10-03 16:00:00,8,222.31062300466516,227.68
2026-10-03 17:00:00,8,213.6201388087452,237.11
2026-10-03 18:00:00,8,202.14742713731357,223.22
2026-10-03 19:00:00,8,184.01433527541377,215.19
2026-10-03 20:00:00,8,182.9742068508928,208.44
2026-10-03 21:00:00,8,182.52206654783686,194.97
2026-10-03 22:00:00,8,187.57245992757447,194.08
2026-10-03 23:00:00,8,206.0323404366375,188.6
2026-10-04 00:00:00,8,206.74621483478106,182.69
2026-10-04 01:00:00,8,198.47475828995556,179.73
2026-10-04 02:00:00,8,191.90876912126527,176.73
2026-10-04 03:00:00,8,189.756487347877,181.33
2026-10-04 04:00:00,8,187.83847098894853,189.63
2026-10-04 05:00:00,8,191.15284916689097,196.53
2026-10-04 06:00:00,8,186.88809118292613,186.69
2026-10-04 07:00:00,8,175.0062118918548,173.09
2026-10-04 08:00:00,8,168.70194328354867,143.73
2026-10-04 09:00:00,8,152.3894449852293,110.55
2026-10-04 10:00:00,8,137.04153454786652,76.91
2026-10-04 11:00:00,8,122.1524573244099,50.19
2026-10-04 12:00:00,8,112.93919859186595,55.83
2026-10-04 13:00:00,8,121.18930752569358,90.0
2026-10-04 14:00:00,8,150.9014870606974,149.31
2026-10-04 15:00:00,8,206.92323522104908,198.9
2026-10-04 16:00:00,8,238.55984656441103,224.37
2026-10-04 17:00:00,8,241.8696906167017,238.71
2026-10-04 18:00:00,8,205.8497843566633,229.89
2026-10-04 19:00:00,8,184.85155819334125,216.65
2026-10-04 20:00:00,8,169.8561151192398,212.29
2026-10-04 21:00:00,8,163.84129291131092,192.42
2026-10-04 22:00:00,8,154.16816217637194,167.36
2026-10-04 23:00:00,8,144.47609639132295,161.95
2026-10-05 00:00:00,8,137.65672065589058,154.94
2026-10-05 01:00:00,8,139.33804550476793,149.96
2026-10-05 02:00:00,8,144.13739720513414,149.98
2026-10-05 03:00:00,8,157.85580040573262,155.14
2026-10-05 04:00:00,8,178.3930210352467,198.03
2026-10-05 05:00:00,8,206.66485773241413,221.8
2026-10-05 06:00:00,8,211.07243390705867,231.45
2026-10-05 07:00:00,8,182.5145006486149,188.01
2026-10-05 08:00:00,8,154.09818775959656,146.11
2026-10-05 09:00:00,8,126.50891630784427,92.45
2026-10-05 10:00:00,8,99.06186751982044,59.65
2026-10-05 11:00:00,8,81.23225754576332,6.71
2026-10-05 12:00:00,8,86.5675629887467,35.95
2026-10-05 13:00:00,8,104.07880311265889,70.64
2026-10-05 14:00:00,8,150.24285455463678,128.97
2026-10-05 15:00:00,8,233.72736191002815,184.31
2026-10-05 16:00:00,8,318.7522741657744,224.72
2026-10-05 17:00:00,8,307.4725605980195,252.05
2026-10-05 18:00:00,8,241.03233911909157,221.83
2026-10-05 19:00:00,8,177.24756554856975,200.2
2026-10-05 20:00:00,8,161.73746537623137,189.26
2026-10-05 21:00:00,8,156.31506390514352,167.52
2026-10-05 22:00:00,8,154.91909459252926,151.76
2026-10-05 23:00:00,8,146.4277126515367,149.89
2026-10-06 00:00:00,8,140.34041887404808,151.88
2026-10-06 01:00:00,8,131.85801720878675,151.53
2026-10-06 02:00:00,8,127.92977932375723,153.2
2026-10-06 03:00:00,8,128.96540069203328,166.94
2026-10-06 04:00:00,8,158.32135359989582,207.39
2026-10-06 05:00:00,8,220.8293038521697,241.01
2026-10-06 06:00:00,8,217.41770589943079,249.8
2026-10-06 07:00:00,8,179.06295501867817,210.35
2026-10-06 08:00:00,8,127.56001799317777,171.87
2026-10-06 09:00:00,8,108.24123535495518,142.07
2026-10-06 10:00:00,8,73.94567907418619,132.49
2026-10-06 11:00:00,8,62.730378851931604,127.02
2026-10-06 12:00:00,8,55.00345726318282,136.67
2026-10-06 13:00:00,8,75.89049245408432,154.55
2026-10-06 14:00:00,8,109.75602582905327,190.0
2026-10-06 15:00:00,8,170.70553957231675,250.01
2026-10-06 16:00:00,8,220.38456703189442,339.65
2026-10-06 17:00:00,8,246.31866944916362,382.32
2026-10-06 18:00:00,8,208.598114167414,296.18
2026-09-22 19:00:00,9,159.80722220093622,289.14
2026-09-22 20:00:00,9,160.10035825779437,246.68
2026-09-22 21:00:00,9,132.20854754575208,213.01
2026-09-22 22:00:00,9,117.03082520272922,188.96
2026-09-22 23:00:00,9,92.6407511303479,177.34
2026-09-23 00:00:00,9,90.22255795712749,176.48
2026-09-23 01:00:00,9,90.68763853540729,176.85
2026-09-23 02:00:00,9,100.87935556532672,175.95
2026-09-23 03:00:00,9,102.51649172230063,198.62
2026-09-23 04:00:00,9,111.29710068425464,300.0
2026-09-23 05:00:00,9,112.34269263976188,346.08
2026-09-23 06:00:00,9,125.55550521891567,232.06
2026-09-23 07:00:00,9,116.357178040767,182.28
2026-09-23 08:00:00,9,117.61548178388144,141.35
2026-09-23 09:00:00,9,88.6956536424546,97.41
2026-09-23 10:00:00,9,80.66824539451005,73.06
2026-09-23 11:00:00,9,61.35450705265555,57.32
2026-09-23 12:00:00,9,72.33932404643092,75.09
2026-09-23 13:00:00,9,72.44357243479081,110.41
2026-09-23 14:00:00,9,89.77622553452991,156.81
2026-09-23 15:00:00,9,96.11909911338121,199.01
2026-09-23 16:00:00,9,114.61599626803898,243.72
2026-09-23 17:00:00,9,127.19571953052818,271.59
2026-09-23 18:00:00,9,164.3530649050424,236.63
2026-09-23 19:00:00,9,174.32828041876644,195.2
2026-09-23 20:00:00,9,189.65586168988597,170.12
2026-09-23 21:00:00,9,140.19146569726206,154.0
2026-09-23 22:00:00,9,124.81223392206624,130.37
2026-09-23 23:00:00,9,81.5551528273574,118.87
2026-09-24 00:00:00,9,80.9307794086004,114.51
2026-09-24 01:00:00,9,79.98139806832548,107.03
2026-09-24 02:00:00,9,99.12176915637677,107.32
2026-09-24 03:00:00,9,101.97424120888564,121.7
2026-09-24 04:00:00,9,118.34439279127216,147.81
2026-09-24 05:00:00,9,120.41098470658858,168.02
2026-09-24 06:00:00,9,131.5827048566384,173.77
2026-09-24 07:00:00,9,120.83439717645055,152.41
2026-09-24 08:00:00,9,109.10563408518682,111.73
2026-09-24 09:00:00,9,71.64868719941697,68.41
2026-09-24 10:00:00,9,54.450628364183714,16.0
2026-09-24 11:00:00,9,31.47823730306208,11.6
2026-09-24 12:00:00,9,45.530235945741644,19.69
2026-09-24 13:00:00,9,51.977274601667055,75.88
2026-09-24 14:00:00,9,78.20575492503762,117.68
2026-09-24 15:00:00,9,93.57785309347919,180.03
2026-09-24 16:00:00,9,117.10188869070339,226.04
2026-09-24 17:00:00,9,124.73454874506389,267.32
2026-09-24 18:00:00,9,141.79540033314484,260.0
2026-09-24 19:00:00,9,124.36659630688862,225.82
2026-09-24 20:00:00,9,123.33169997162048,204.87
2026-09-24 21:00:00,9,96.50405292812292,188.01
2026-09-24 22:00:00,9,92.383773460955,181.94
2026-09-24 23:00:00,9,68.64668490337847,172.17
2026-09-25 00:00:00,9,75.11657866107177,165.64
2026-09-25 01:00:00,9,75.13049591778504,167.12
2026-09-25 02:00:00,9,91.23965954118103,169.71
2026-09-25 03:00:00,9,92.73937480377366,187.91
2026-09-25 04:00:00,9,109.57597469693185,235.27
2026-09-25 05:00:00,9,104.19249930779718,261.4
2026-09-25 06:00:00,9,114.76024005711446,249.74
2026-09-25 07:00:00,9,101.61545735610079,196.24
2026-09-25 08:00:00,9,103.42639928504741,158.54
2026-09-25 09:00:00,9,72.04317328631709,108.41
2026-09-25 10:00:00,9,63.839379915965516,60.19
2026-09-25 11:00:00,9,37.0597328131271,30.11
2026-09-25 12:00:00,9,46.13973626669512,39.89
2026-09-25 13:00:00,9,48.06225698299519,87.04
2026-09-25 14:00:00,9,77.96256958564828,154.52
2026-09-25 15:00:00,9,93.42255487661018,199.0
2026-09-25 16:00:00,9,122.69272073535868,241.43
2026-09-25 17:00:00,9,129.8495290828968,303.43
2026-09-25 18:00:00,9,149.49152587480094,252.17
2026-09-25 19:00:00,9,138.16163078592936,224.17
2026-09-25 20:00:00,9,140.9033337136148,206.35
2026-09-25 21:00:00,9,112.01925849157783,186.76
2026-09-25 22:00:00,9,108.87844098522169,196.3
2026-09-25 23:00:00,9,84.47444326523076,184.03
2026-09-26 00:00:00,9,91.66800774032971,175.09
2026-09-26 01:00:00,9,85.53104756841955,163.55
2026-09-26 02:00:00,9,99.64332034465228,160.76
2026-09-26 03:00:00,9,92.27891089072445,160.55
2026-09-26 04:00:00,9,101.65462564319593,178.74
2026-09-26 05:00:00,9,93.70032963150193,194.31
2026-09-26 06:00:00,9,106.15940224970068,191.92
2026-09-26 07:00:00,9,100.10572354757137,156.44
2026-09-26 08:00:00,9,111.8008702949852,111.99
2026-09-26 09:00:00,9,86.98142186973044,53.1
2026-09-26 10:00:00,9,83.65562005733341,11.0
2026-09-26 11:00:00,9,57.45405664349751,3.3
2026-09-26 12:00:00,9,57.231675791290414,18.45
2026-09-26 13:00:00,9,54.62714910293036,51.53
2026-09-26 14:00:00,9,78.3068237341072,127.39
2026-09-26 15:00:00,9,94.92034427002407,191.88
2026-09-26 16:00:00,9,124.86706730022928,214.37
2026-09-26 17:00:00,9,137.84412407491456,236.79
2026-09-26 18:00:00,9,155.8503835443388,226.36
2026-09-26 19:00:00,9,142.6318348532616,208.49
2026-09-26 20:00:00,9,136.93474139837022,199.31
2026-09-26 21:00:00,9,111.94024417248494,186.0
2026-09-26 22:00:00,9,106.19328949483182,183.22
2026-09-26 23:00:00,9,89.46816852021212,178.27
2026-09-27 00:00:00,9,95.95975666786119,171.34
2026-09-27 01:00:00,9,90.46131313776506,166.43
2026-09-27 02:00:00,9,100.68598054974554,161.57
2026-09-27 03:00:00,9,94.54183380742765,158.67
2026-09-27 04:00:00,9,102.31202477804881,159.34
2026-09-27 05:00:00,9,94.67771830523071,151.2
2026-09-27 06:00:00,9,104.22663483571442,127.7
2026-09-27 07:00:00,9,97.66457364281682,56.74
2026-09-27 08:00:00,9,107.33172646225312,1.39
2026-09-27 09:00:00,9,91.5226415242355,-0.07
2026-09-27 10:00:00,9,89.62950535876418,-1.95
2026-09-27 11:00:00,9,71.02814628428324,-2.49
2026-09-27 12:00:00,9,69.78810126423309,-0.84
2026-09-27 13:00:00,9,66.64141220550273,-0.01
2026-09-27 14:00:00,9,90.68262033468086,13.1
2026-09-27 15:00:00,9,105.69293928771143,114.26
2026-09-27 16:00:00,9,135.60435499590415,186.21
2026-09-27 17:00:00,9,147.25652449631838,195.75
2026-09-27 18:00:00,9,163.7775697599279,183.85
2026-09-27 19:00:00,9,147.4781537898216,159.76
2026-09-27 20:00:00,9,141.3870657499298,155.42
2026-09-27 21:00:00,9,111.4765794245986,146.43
2026-09-27 22:00:00,9,100.23300538235303,150.71
2026-09-27 23:00:00,9,76.49978135473023,151.41
2026-09-28 00:00:00,9,78.41527633921797,151.49
2026-09-28 01:00:00,9,90.30804213458877,154.59
2026-09-28 02:00:00,9,106.44250501897542,160.96
2026-09-28 03:00:00,9,117.31986111291657,175.17
2026-09-28 04:00:00,9,131.2006202566207,211.13
2026-09-28 05:00:00,9,120.98928609159057,240.98
2026-09-28 06:00:00,9,122.39152016408025,242.15
2026-09-28 07:00:00,9,107.59732865027995,210.11
2026-09-28 08:00:00,9,100.20508363443409,179.31
2026-09-28 09:00:00,9,74.7584542283186,153.52
2026-09-28 10:00:00,9,63.00687431344987,126.14
2026-09-28 11:00:00,9,41.716806583907214,121.34
2026-09-28 12:00:00,9,53.21715116061561,138.29
2026-09-28 13:00:00,9,70.97628873371426,153.73
2026-09-28 14:00:00,9,96.00745380417645,188.08
2026-09-28 15:00:00,9,111.53152373413003,236.67
2026-09-28 16:00:00,9,134.23008628857963,310.58
2026-09-28 17:00:00,9,142.4525948127274,342.21
2026-09-28 18:00:00,9,158.46642518569786,277.31
2026-09-28 19:00:00,9,163.13924142718645,229.0
2026-09-28 20:00:00,9,158.69786500442518,203.35
2026-09-28 21:00:00,9,132.01663182972402,181.29
2026-09-28 22:00:00,9,118.91027340624038,183.86
2026-09-28 23:00:00,9,95.90098746135456,173.96
2026-09-29 00:00:00,9,94.95435901172104,169.04
2026-09-29 01:00:00,9,101.48094847913968,164.91
2026-09-29 02:00:00,9,111.3720725026833,160.4
2026-09-29 03:00:00,9,117.96777181913274,165.71
2026-09-29 04:00:00,9,125.6666452370304,216.1
2026-09-29 05:00:00,9,125.96340355954115,228.62
2026-09-29 06:00:00,9,132.90013605857564,215.94
2026-09-29 07:00:00,9,126.40090467004802,184.2
2026-09-29 08:00:00,9,125.50352344655657,161.82
2026-09-29 09:00:00,9,97.47494598733944,125.34
2026-09-29 10:00:00,9,71.99534865343597,88.44
2026-09-29 11:00:00,9,44.78166968875063,72.44
2026-09-29 12:00:00,9,37.48364882902646,81.55
2026-09-29 13:00:00,9,68.86447587921533,112.26
2026-09-29 14:00:00,9,91.45931599308649,155.01
2026-09-29 15:00:00,9,126.08167675539437,203.35
2026-09-29 16:00:00,9,141.28118656234534,230.8
2026-09-29 17:00:00,9,150.35452328758902,229.8
2026-09-29 18:00:00,9,156.05953159508084,201.89
2026-09-29 19:00:00,9,157.87064044387353,169.94
2026-09-29 20:00:00,9,147.26179882793681,154.15
2026-09-29 21:00:00,9,127.31618909552162,130.39
2026-09-29 22:00:00,9,107.68383171502954,109.6
2026-09-29 23:00:00,9,89.60426103872787,105.5
2026-09-30 00:00:00,9,93.28434188889415,101.71
2026-09-30 01:00:00,9,105.43334285897022,102.87
2026-09-30 02:00:00,9,119.61815447082029,104.3
2026-09-30 03:00:00,9,131.30232225408756,122.2
2026-09-30 04:00:00,9,134.53961775388387,160.37
2026-09-30 05:00:00,9,136.50618517850887,198.91
2026-09-30 06:00:00,9,135.47967677520387,193.75
2026-09-30 07:00:00,9,127.60674705872522,165.21
2026-09-30 08:00:00,9,121.44665653533178,122.31
2026-09-30 09:00:00,9,102.40260773290528,81.42
2026-09-30 10:00:00,9,91.91906860950522,42.91
2026-09-30 11:00:00,9,85.73148559061104,20.0
2026-09-30 12:00:00,9,92.00167967382392,37.51
2026-09-30 13:00:00,9,102.21970384368957,84.93
2026-09-30 14:00:00,9,112.06698582444818,148.47
2026-09-30 15:00:00,9,130.99467304071584,202.17
2026-09-30 16:00:00,9,139.66505015927692,230.33
2026-09-30 17:00:00,9,152.65276967307375,249.74
2026-09-30 18:00:00,9,158.97986727702636,233.04
2026-09-30 19:00:00,9,155.5810973765938,206.18
2026-09-30 20:00:00,9,142.46507605548857,186.89
2026-09-30 21:00:00,9,130.4210626358293,167.64
2026-09-30 22:00:00,9,115.52539727631155,158.0
2026-09-30 23:00:00,9,107.09076130798847,159.62
2026-10-01 00:00:00,9,102.33302144933897,158.43
2026-10-01 01:00:00,9,108.96210221862216,159.51
2026-10-01 02:00:00,9,115.15674766653102,158.05
2026-10-01 03:00:00,9,125.28404146363594,166.64
2026-10-01 04:00:00,9,133.8150480598701,208.17
2026-10-01 05:00:00,9,142.51434005749454,237.24
2026-10-01 06:00:00,9,141.54571509508088,233.36
2026-10-01 07:00:00,9,135.63410531299104,208.3
2026-10-01 08:00:00,9,125.87004923196403,183.4
2026-10-01 09:00:00,9,102.79594134886699,160.11
2026-10-01 10:00:00,9,85.35191489341447,162.19
2026-10-01 11:00:00,9,79.31881094959759,152.02
2026-10-01 12:00:00,9,77.46831237230593,150.34
2026-10-01 13:00:00,9,91.99269452110498,156.88
2026-10-01 14:00:00,9,105.21254900349055,189.18
2026-10-01 15:00:00,9,130.3810589107106,232.28
2026-10-01 16:00:00,9,144.74832481862316,274.69
2026-10-01 17:00:00,9,160.6669018362201,300.54
2026-10-01 18:00:00,9,168.08870508551092,257.51
2026-10-01 19:00:00,9,173.2626849296514,226.42
2026-10-01 20:00:00,9,161.29197061256355,205.0
2026-10-01 21:00:00,9,139.98713942858046,186.43
2026-10-01 22:00:00,9,125.8605092702312,175.03
2026-10-01 23:00:00,9,111.85250571200382,163.9
2026-10-02 00:00:00,9,110.5877756512779,160.96
2026-10-02 01:00:00,9,118.82198976775533,160.07
2026-10-02 02:00:00,9,127.58125732654813,163.14
2026-10-02 03:00:00,9,137.4991428711115,177.87
2026-10-02 04:00:00,9,145.29431996929907,221.67
2026-10-02 05:00:00,9,149.13845659083958,260.34
2026-10-02 06:00:00,9,154.25709194531254,264.29
2026-10-02 07:00:00,9,137.70303641105602,225.49
2026-10-02 08:00:00,9,132.4176332081695,186.85
2026-10-02 09:00:00,9,103.05446122786061,170.07
2026-10-02 10:00:00,9,90.79367104094572,152.61
2026-10-02 11:00:00,9,81.63910227192547,140.86
2026-10-02 12:00:00,9,94.11891092413717,142.31
2026-10-02 13:00:00,9,103.43648499975507,150.1
2026-10-02 14:00:00,9,120.31103046856227,181.03
2026-10-02 15:00:00,9,128.9503534854859,224.85
2026-10-02 16:00:00,9,141.9924478573335,266.56
2026-10-02 17:00:00,9,146.41130182361792,319.81
2026-10-02 18:00:00,9,157.7758982839853,268.11
2026-10-02 19:00:00,9,158.99242449841614,229.96
2026-10-02 20:00:00,9,155.3617944399371,211.5
2026-10-02 21:00:00,9,144.09455648507642,194.7
2026-10-02 22:00:00,9,135.53033753753127,194.14
2026-10-02 23:00:00,9,124.3655268346149,178.98
2026-10-03 00:00:00,9,124.68470221109415,173.51
2026-10-03 01:00:00,9,125.82819516577254,169.11
2026-10-03 02:00:00,9,134.568053959835,166.07
2026-10-03 03:00:00,9,139.5129781630306,169.9
2026-10-03 04:00:00,9,149.53741904408693,182.93
2026-10-03 05:00:00,9,152.89273969992988,198.61
2026-10-03 06:00:00,9,154.0316105533841,189.13
2026-10-03 07:00:00,9,140.49804064661333,173.33
2026-10-03 08:00:00,9,131.38260059949297,151.96
2026-10-03 09:00:00,9,102.8539039923136,125.04
2026-10-03 10:00:00,9,89.77569215860133,84.15
2026-10-03 11:00:00,9,85.01865681427448,56.71
2026-10-03 12:00:00,9,95.08102531804046,70.21
2026-10-03 13:00:00,9,106.49446175576455,114.15
2026-10-03 14:00:00,9,119.99812842712662,157.32
2026-10-03 15:00:00,9,129.37100530099292,194.32
2026-10-03 16:00:00,9,140.3776968309927,227.68
2026-10-03 17:00:00,9,147.81273238906948,237.11
2026-10-03 18:00:00,9,160.2494059414237,223.22
2026-10-03 19:00:00,9,163.73302205115718,215.19
2026-10-03 20:00:00,9,160.46768010377127,208.44
2026-10-03 21:00:00,9,148.7982482852174,194.97
2026-10-03 22:00:00,9,141.150744952568,194.08
2026-10-03 23:00:00,9,131.75262585678948,188.6
2026-10-04 00:00:00,9,135.50385689025447,182.69
2026-10-04 01:00:00,9,138.1802429848795,179.73
2026-10-04 02:00:00,9,145.53530536401593,176.73
2026-10-04 03:00:00,9,147.8903606806392,181.33
2026-10-04 04:00:00,9,146.58749659297618,189.63
2026-10-04 05:00:00,9,137.97381168804034,196.53
2026-10-04 06:00:00,9,136.4130708957696,186.69
2026-10-04 07:00:00,9,126.97113996496168,173.09
2026-10-04 08:00:00,9,118.19598943168417,143.73
2026-10-04 09:00:00,9,97.89990477046271,110.55
2026-10-04 10:00:00,9,85.24413143885118,76.91
2026-10-04 11:00:00,9,66.97727610287181,50.19
2026-10-04 12:00:00,9,75.94809107640344,55.83
2026-10-04 13:00:00,9,90.49429693559654,90.0
2026-10-04 14:00:00,9,106.50010572709827,149.31
2026-10-04 15:00:00,9,133.24986182052825,198.9
2026-10-04 16:00:00,9,146.68274030107068,224.37
2026-10-04 17:00:00,9,159.2547473531033,238.71
2026-10-04 18:00:00,9,168.23174091875444,229.89
2026-10-04 19:00:00,9,160.06230220109424,216.65
2026-10-04 20:00:00,9,152.19009910564,212.29
2026-10-04 21:00:00,9,136.39594611224445,192.42
2026-10-04 22:00:00,9,125.91766632285066,167.36
2026-10-04 23:00:00,9,115.39367814810818,161.95
2026-10-05 00:00:00,9,113.91694726007827,154.94
2026-10-05 01:00:00,9,118.66817463053208,149.96
2026-10-05 02:00:00,9,125.92891366140779,149.98
2026-10-05 03:00:00,9,131.66346599789046,155.14
2026-10-05 04:00:00,9,138.13906364966883,198.03
2026-10-05 05:00:00,9,136.8311240482165,221.8
2026-10-05 06:00:00,9,137.6471245511529,231.45
2026-10-05 07:00:00,9,126.75411776268213,188.01
2026-10-05 08:00:00,9,121.6326604225423,146.11
2026-10-05 09:00:00,9,102.48665334922192,92.45
2026-10-05 10:00:00,9,94.66457602795099,59.65
2026-10-05 11:00:00,9,81.88990032663501,6.71
2026-10-05 12:00:00,9,92.40785371548199,35.95
2026-10-05 13:00:00,9,99.13257111874358,70.64
2026-10-05 14:00:00,9,114.85210729208441,128.97
2026-10-05 15:00:00,9,136.24166741142847,184.31
2026-10-05 16:00:00,9,149.7683413867975,224.72
2026-10-05 17:00:00,9,163.5169134413597,252.05
2026-10-05 18:00:00,9,173.75837314101972,221.83
2026-10-05 19:00:00,9,167.31523170808612,200.2
2026-10-05 20:00:00,9,157.94467603585946,189.26
2026-10-05 21:00:00,9,142.99821843717666,167.52
2026-10-05 22:00:00,9,129.6359708065264,151.76
2026-10-05 23:00:00,9,120.27868252734501,149.89
2026-10-06 00:00:00,9,115.88045375726246,151.88
2026-10-06 01:00:00,9,121.81331487668348,151.53
2026-10-06 02:00:00,9,125.63445942075839,153.2
2026-10-06 03:00:00,9,133.8302772754196,166.94
2026-10-06 04:00:00,9,137.5838227431725,207.39
2026-10-06 05:00:00,9,143.41390640019773,241.01
2026-10-06 06:00:00,9,147.62910706752365,249.8
2026-10-06 07:00:00,9,140.3352486173347,210.35
2026-10-06 08:00:00,9,135.7445445214957,171.87
2026-10-06 09:00:00,9,113.49268844610496,142.07
2026-10-06 10:00:00,9,99.00176497736526,132.49
2026-10-06 11:00:00,9,92.94087740628454,127.02
2026-10-06 12:00:00,9,97.23437633300034,136.67
2026-10-06 13:00:00,9,104.73846933169459,154.55
2026-10-06 14:00:00,9,117.83719967007929,190.0
2026-10-06 15:00:00,9,139.3719059490944,250.01
2026-10-06 16:00:00,9,153.38971370812482,339.65
2026-10-06 17:00:00,9,173.0855224289973,382.32
2026-10-06 18:00:00,9,183.2746840345722,296.18
2026-09-22 19:00:00,10,154.18802099089487,289.14
2026-09-22 20:00:00,10,147.5452436117086,246.68
2026-09-22 21:00:00,10,149.88127710627631,213.01
2026-09-22 22:00:00,10,141.83329221729758,188.96
2026-09-22 23:00:00,10,147.07635356775296,177.34
2026-09-23 00:00:00,10,145.42336458197616,176.48
2026-09-23 01:00:00,10,147.06007857303308,176.85
2026-09-23 02:00:00,10,148.55146111614212,175.95
2026-09-23 03:00:00,10,155.45640020561797,198.62
2026-09-23 04:00:00,10,173.97400011091207,300.0
2026-09-23 05:00:00,10,211.9359305644669,346.08
2026-09-23 06:00:00,10,229.2119039424369,232.06
2026-09-23 07:00:00,10,167.63665811057405,182.28
2026-09-23 08:00:00,10,146.17650857782846,141.35
2026-09-23 09:00:00,10,131.60925809557273,97.41
2026-09-23 10:00:00,10,118.05198472131016,73.06
2026-09-23 11:00:00,10,97.89018569028583,57.32
2026-09-23 12:00:00,10,85.02547051658057,75.09
2026-09-23 13:00:00,10,87.58176887056206,110.41
2026-09-23 14:00:00,10,105.60810082191949,156.81
2026-09-23 15:00:00,10,152.9671304556179,199.01
2026-09-23 16:00:00,10,215.1632859512341,243.72
2026-09-23 17:00:00,10,291.07900936098383,271.59
2026-09-23 18:00:00,10,308.9575032542614,236.63
2026-09-23 19:00:00,10,266.1277670883103,195.2
2026-09-23 20:00:00,10,206.20911361115327,170.12
2026-09-23 21:00:00,10,199.45338191812274,154.0
2026-09-23 22:00:00,10,171.60808923633164,130.37
2026-09-23 23:00:00,10,155.84315737180836,118.87
2026-09-24 00:00:00,10,149.1307658301581,114.51
2026-09-24 01:00:00,10,151.02369796725645,107.03
2026-09-24 02:00:00,10,152.512600701121,107.32
2026-09-24 03:00:00,10,151.8788332596764,121.7
2026-09-24 04:00:00,10,171.57573869535662,147.81
2026-09-24 05:00:00,10,240.9783528211065,168.02
2026-09-24 06:00:00,10,239.8348084004419,173.77
2026-09-24 07:00:00,10,140.16939340050146,152.41
2026-09-24 08:00:00,10,129.48856578420524,111.73
2026-09-24 09:00:00,10,108.83491769783197,68.41
2026-09-24 10:00:00,10,72.63302188313133,16.0
2026-09-24 11:00:00,10,50.769783679077136,11.6
2026-09-24 12:00:00,10,45.17393788425269,19.69
2026-09-24 13:00:00,10,68.13163457973722,75.88
2026-09-24 14:00:00,10,105.52133907770255,117.68
2026-09-24 15:00:00,10,163.70272994446304,180.03
2026-09-24 16:00:00,10,222.41903494527844,226.04
2026-09-24 17:00:00,10,245.2716272860754,267.32
2026-09-24 18:00:00,10,217.17691765088932,260.0
2026-09-24 19:00:00,10,158.79617827737889,225.82
2026-09-24 20:00:00,10,138.79531891470882,204.87
2026-09-24 21:00:00,10,125.34511902901883,188.01
2026-09-24 22:00:00,10,117.86216775571664,181.94
2026-09-24 23:00:00,10,102.97425871688525,172.17
2026-09-25 00:00:00,10,99.51969648699976,165.64
2026-09-25 01:00:00,10,94.18659985602898,167.12
2026-09-25 02:00:00,10,86.16066377562748,169.71
2026-09-25 03:00:00,10,88.10415274909819,187.91
2026-09-25 04:00:00,10,102.76984649252962,235.27
2026-09-25 05:00:00,10,126.35286866128143,261.4
2026-09-25 06:00:00,10,138.0681992893782,249.74
2026-09-25 07:00:00,10,128.8856885968749,196.24
2026-09-25 08:00:00,10,99.5557671108209,158.54
2026-09-25 09:00:00,10,66.47962074103827,108.41
2026-09-25 10:00:00,10,35.454829528543755,60.19
2026-09-25 11:00:00,10,0.6776684333643885,30.11
2026-09-25 12:00:00,10,1.3805838422221228,39.89
2026-09-25 13:00:00,10,12.143656040751708,87.04
2026-09-25 14:00:00,10,71.13911862415574,154.52
2026-09-25 15:00:00,10,130.12411642364253,199.0
2026-09-25 16:00:00,10,193.20600499050954,241.43
2026-09-25 17:00:00,10,212.29230128985483,303.43
2026-09-25 18:00:00,10,207.7475452832341,252.17
2026-09-25 19:00:00,10,191.30952712536865,224.17
2026-09-25 20:00:00,10,171.44126754634487,206.35
2026-09-25 21:00:00,10,164.4735936438847,186.76
2026-09-25 22:00:00,10,153.41592385411806,196.3
2026-09-25 23:00:00,10,152.70885474135218,184.03
2026-09-26 00:00:00,10,146.47610459612113,175.09
2026-09-26 01:00:00,10,146.190727019698,163.55
2026-09-26 02:00:00,10,151.0495070679824,160.76
2026-09-26 03:00:00,10,153.76162072687464,160.55
2026-09-26 04:00:00,10,168.36448686776822,178.74
2026-09-26 05:00:00,10,198.65085320023218,194.31
2026-09-26 06:00:00,10,203.39827506377384,191.92
2026-09-26 07:00:00,10,181.90629303601418,156.44
2026-09-26 08:00:00,10,134.53427631880976,111.99
2026-09-26 09:00:00,10,113.4005294445052,53.1
2026-09-26 10:00:00,10,71.08280372654153,11.0
2026-09-26 11:00:00,10,36.27029420848306,3.3
2026-09-26 12:00:00,10,14.112894182913749,18.45
2026-09-26 13:00:00,10,17.644609449789513,51.53
2026-09-26 14:00:00,10,57.48200187762594,127.39
2026-09-26 15:00:00,10,141.44179532840297,191.88
2026-09-26 16:00:00,10,200.28286292574768,214.37
2026-09-26 17:00:00,10,227.09267974227112,236.79
2026-09-26 18:00:00,10,233.84273713787928,226.36
2026-09-26 19:00:00,10,176.3676409055612,208.49
2026-09-26 20:00:00,10,179.43988539053217,199.31
2026-09-26 21:00:00,10,161.5181091718408,186.0
2026-09-26 22:00:00,10,151.9893983306631,183.22
2026-09-26 23:00:00,10,164.87302025362442,178.27
2026-09-27 00:00:00,10,153.4874896896277,171.34
2026-09-27 01:00:00,10,154.5658019607371,166.43
2026-09-27 02:00:00,10,146.77933169176185,161.57
2026-09-27 03:00:00,10,146.39060137286154,158.67
2026-09-27 04:00:00,10,144.01996377936203,159.34
2026-09-27 05:00:00,10,155.38348440988747,151.2
2026-09-27 06:00:00,10,158.7824757517239,127.7
2026-09-27 07:00:00,10,147.21400774678355,56.74
2026-09-27 08:00:00,10,110.87205445766864,1.39
2026-09-27 09:00:00,10,76.45953605717104,-0.07
2026-09-27 10:00:00,10,29.282958993501254,-1.95
2026-09-27 11:00:00,10,-0.3302053402912719,-2.49
2026-09-27 12:00:00,10,-5.069937147809071,-0.84
2026-09-27 13:00:00,10,9.56682294856121,-0.01
2026-09-27 14:00:00,10,50.991832810791315,13.1
2026-09-27 15:00:00,10,141.76747188514992,114.26
2026-09-27 16:00:00,10,198.5715637569709,186.21
2026-09-27 17:00:00,10,203.70535389777206,195.75
2026-09-27 18:00:00,10,198.47629027056064,183.85
2026-09-27 19:00:00,10,180.3443527389461,159.76
2026-09-27 20:00:00,10,169.4836181709831,155.42
2026-09-27 21:00:00,10,164.94780034466234,146.43
2026-09-27 22:00:00,10,154.5023623537134,150.71
2026-09-27 23:00:00,10,156.07862923857454,151.41
2026-09-28 00:00:00,10,153.4125888123695,151.49
2026-09-28 01:00:00,10,151.75244260787684,154.59
2026-09-28 02:00:00,10,150.84774710771353,160.96
2026-09-28 03:00:00,10,147.4790798175103,175.17
2026-09-28 04:00:00,10,144.22387440538625,211.13
2026-09-28 05:00:00,10,141.16388301142703,240.98
2026-09-28 06:00:00,10,126.65154614262536,242.15
2026-09-28 07:00:00,10,99.35586256110227,210.11
2026-09-28 08:00:00,10,33.627756767638786,179.31
2026-09-28 09:00:00,10,-3.1109188619509354,153.52
2026-09-28 10:00:00,10,-4.962705825592138,126.14
2026-09-28 11:00:00,10,-2.9346515045044725,121.34
2026-09-28 12:00:00,10,8.282133999430371,138.29
2026-09-28 13:00:00,10,25.836653005047097,153.73
2026-09-28 14:00:00,10,45.01795773215263,188.08
2026-09-28 15:00:00,10,71.67223880386977,236.67
2026-09-28 16:00:00,10,150.24927822766097,310.58
2026-09-28 17:00:00,10,183.94837868968978,342.21
2026-09-28 18:00:00,10,171.43681187688605,277.31
2026-09-28 19:00:00,10,157.61986140921198,229.0
2026-09-28 20:00:00,10,140.53673075923328,203.35
2026-09-28 21:00:00,10,137.6617100409255,181.29
2026-09-28 22:00:00,10,131.12191461342408,183.86
2026-09-28 23:00:00,10,136.33648724937592,173.96
2026-09-29 00:00:00,10,138.58264793254227,169.04
2026-09-29 01:00:00,10,140.30317718165128,164.91
2026-09-29 02:00:00,10,144.48711455177227,160.4
2026-09-29 03:00:00,10,151.1359430292763,165.71
2026-09-29 04:00:00,10,163.7470913703466,216.1
2026-09-29 05:00:00,10,189.88948379573483,228.62
2026-09-29 06:00:00,10,198.51979344089432,215.94
2026-09-29 07:00:00,10,183.64319888348803,184.2
2026-09-29 08:00:00,10,150.04463952914233,161.82
2026-09-29 09:00:00,10,129.42012735949353,125.34
2026-09-29 10:00:00,10,110.09909310657302,88.44
2026-09-29 11:00:00,10,91.2853068766228,72.44
2026-09-29 12:00:00,10,90.31975200215678,81.55
2026-09-29 13:00:00,10,102.23553690406321,112.26
2026-09-29 14:00:00,10,119.61159175285232,155.01
2026-09-29 15:00:00,10,158.90179911665888,203.35
2026-09-29 16:00:00,10,202.29690604528406,230.8
2026-09-29 17:00:00,10,241.4690448787773,229.8
2026-09-29 18:00:00,10,239.1959287374542,201.89
2026-09-29 19:00:00,10,189.0634872284226,169.94
2026-09-29 20:00:00,10,173.15253987373933,154.15
2026-09-29 21:00:00,10,156.6765478702903,130.39
2026-09-29 22:00:00,10,144.61040373093945,109.6
2026-09-29 23:00:00,10,155.4067022055615,105.5
2026-09-30 00:00:00,10,147.4555936080135,101.71
2026-09-30 01:00:00,10,150.43299406869073,102.87
2026-09-30 02:00:00,10,147.23863471502736,104.3
2026-09-30 03:00:00,10,143.13066852228303,122.2
2026-09-30 04:00:00,10,145.73132334124892,160.37
2026-09-30 05:00:00,10,181.31237377025843,198.91
2026-09-30 06:00:00,10,180.15300723500266,193.75
2026-09-30 07:00:00,10,161.15154983470546,165.21
2026-09-30 08:00:00,10,132.0567227893351,122.31
2026-09-30 09:00:00,10,116.92758102120943,81.42
2026-09-30 10:00:00,10,87.56172532007784,42.91
2026-09-30 11:00:00,10,59.942256136219775,20.0
2026-09-30 12:00:00,10,41.967122604724395,37.51
2026-09-30 13:00:00,10,43.72926941706177,84.93
2026-09-30 14:00:00,10,79.17991853939253,148.47
2026-09-30 15:00:00,10,146.15817513333536,202.17
2026-09-30 16:00:00,10,202.2395594320384,230.33
2026-09-30 17:00:00,10,213.2884655104899,249.74
2026-09-30 18:00:00,10,185.35649102489924,233.04
2026-09-30 19:00:00,10,158.02781015782628,206.18
2026-09-30 20:00:00,10,136.6474983458785,186.89
2026-09-30 21:00:00,10,128.32948147322548,167.64
2026-09-30 22:00:00,10,107.7256338127611,158.0
2026-09-30 23:00:00,10,94.87316257212794,159.62
2026-10-01 00:00:00,10,93.0672966002088,158.43
2026-10-01 01:00:00,10,87.78505652497637,159.51
2026-10-01 02:00:00,10,91.49584145251833,158.05
2026-10-01 03:00:00,10,96.5520201558474,166.64
2026-10-01 04:00:00,10,110.76755760127169,208.17
2026-10-01 05:00:00,10,135.92816943175524,237.24
2026-10-01 06:00:00,10,151.82719585753244,233.36
2026-10-01 07:00:00,10,124.01783280620633,208.3
2026-10-01 08:00:00,10,103.01148435893772,183.4
2026-10-01 09:00:00,10,70.64856048880914,160.11
2026-10-01 10:00:00,10,45.26081184869539,162.19
2026-10-01 11:00:00,10,18.88062155215178,152.02
2026-10-01 12:00:00,10,5.442436540205819,150.34
2026-10-01 13:00:00,10,19.82901482267033,156.88
2026-10-01 14:00:00,10,68.52474450367095,189.18
2026-10-01 15:00:00,10,148.5313089753871,232.28
2026-10-01 16:00:00,10,204.07381897304938,274.69
2026-10-01 17:00:00,10,207.50846909124755,300.54
2026-10-01 18:00:00,10,194.47445490335969,257.51
2026-10-01 19:00:00,10,186.87507756557034,226.42
2026-10-01 20:00:00,10,168.401303683428,205.0
2026-10-01 21:00:00,10,157.80438206737097,186.43
2026-10-01 22:00:00,10,143.4475164525106,175.03
2026-10-01 23:00:00,10,137.79598937059362,163.9
2026-10-02 00:00:00,10,140.6802921957602,160.96
2026-10-02 01:00:00,10,141.4029100123248,160.07
2026-10-02 02:00:00,10,145.29946992395728,163.14
2026-10-02 03:00:00,10,142.03575890833568,177.87
2026-10-02 04:00:00,10,146.79453018411834,221.67
2026-10-02 05:00:00,10,184.00584901635804,260.34
2026-10-02 06:00:00,10,192.30708867609928,264.29
2026-10-02 07:00:00,10,171.10774358703753,225.49
2026-10-02 08:00:00,10,150.24171763954797,186.85
2026-10-02 09:00:00,10,132.79492998488814,170.07
2026-10-02 10:00:00,10,115.17177160972537,152.61
2026-10-02 11:00:00,10,123.07282730923397,140.86
2026-10-02 12:00:00,10,113.61779140182202,142.31
2026-10-02 13:00:00,10,118.67438705941021,150.1
2026-10-02 14:00:00,10,133.62484754663484,181.03
2026-10-02 15:00:00,10,176.06705517998793,224.85
2026-10-02 16:00:00,10,207.41370580424197,266.56
2026-10-02 17:00:00,10,214.4946701367,319.81
2026-10-02 18:00:00,10,213.8981822214758,268.11
2026-10-02 19:00:00,10,169.73682024313564,229.96
2026-10-02 20:00:00,10,164.42185048058838,211.5
2026-10-02 21:00:00,10,147.38165885191506,194.7
2026-10-02 22:00:00,10,137.9471077181568,194.14
2026-10-02 23:00:00,10,131.40755182528127,178.98
2026-10-03 00:00:00,10,123.4213966779051,173.51
2026-10-03 01:00:00,10,125.33875998739266,169.11
2026-10-03 02:00:00,10,128.94969366869327,166.07
2026-10-03 03:00:00,10,138.1758272878828,169.9
2026-10-03 04:00:00,10,160.08533149899432,182.93
2026-10-03 05:00:00,10,200.73689448379983,198.61
2026-10-03 06:00:00,10,207.09957887214517,189.13
2026-10-03 07:00:00,10,189.32749138770032,173.33
2026-10-03 08:00:00,10,155.12589809371298,151.96
2026-10-03 09:00:00,10,133.7952494629216,125.04
2026-10-03 10:00:00,10,127.44404250309182,84.15
2026-10-03 11:00:00,10,112.29143783634206,56.71
2026-10-03 12:00:00,10,104.83196367936971,70.21
2026-10-03 13:00:00,10,110.50982252682567,114.15
2026-10-03 14:00:00,10,125.00981255503103,157.32
2026-10-03 15:00:00,10,169.097508526233,194.32
2026-10-03 16:00:00,10,209.93764376669105,227.68
2026-10-03 17:00:00,10,217.6565122068941,237.11
2026-10-03 18:00:00,10,232.2447975648164,223.22
2026-10-03 19:00:00,10,171.62097954141348,215.19
2026-10-03 20:00:00,10,169.5472734888356,208.44
2026-10-03 21:00:00,10,152.65844044871147,194.97
2026-10-03 22:00:00,10,144.32177031904493,194.08
2026-10-03 23:00:00,10,148.4249002582268,188.6
2026-10-04 00:00:00,10,133.6266848826266,182.69
2026-10-04 01:00:00,10,134.72363875953278,179.73
2026-10-04 02:00:00,10,133.58593527425006,176.73
2026-10-04 03:00:00,10,134.53963784996654,181.33
2026-10-04 04:00:00,10,143.91429115365912,189.63
2026-10-04 05:00:00,10,160.83803019395032,196.53
2026-10-04 06:00:00,10,172.76719297148293,186.69
2026-10-04 07:00:00,10,151.08480108406417,173.09
2026-10-04 08:00:00,10,136.39577016109976,143.73
2026-10-04 09:00:00,10,116.83086232452965,110.55
2026-10-04 10:00:00,10,93.91626088507104,76.91
2026-10-04 11:00:00,10,56.83810999995964,50.19
2026-10-04 12:00:00,10,40.036322021322334,55.83
2026-10-04 13:00:00,10,64.04260218702211,90.0
2026-10-04 14:00:00,10,119.85007568989218,149.31
2026-10-04 15:00:00,10,176.07260440839758,198.9
2026-10-04 16:00:00,10,220.63184606371004,224.37
2026-10-04 17:00:00,10,226.11322500502976,238.71
2026-10-04 18:00:00,10,197.05908244913527,229.89
2026-10-04 19:00:00,10,182.85723317642828,216.65
2026-10-04 20:00:00,10,174.96449793585833,212.29
2026-10-04 21:00:00,10,168.3084623851938,192.42
2026-10-04 22:00:00,10,157.34604963749203,167.36
2026-10-04 23:00:00,10,161.68601996846283,161.95
2026-10-05 00:00:00,10,155.67259860233983,154.94
2026-10-05 01:00:00,10,151.64956365442924,149.96
2026-10-05 02:00:00,10,149.28417797540678,149.98
2026-10-05 03:00:00,10,145.23371833465458,155.14
2026-10-05 04:00:00,10,150.36399015040854,198.03
2026-10-05 05:00:00,10,157.282016955526,221.8
2026-10-05 06:00:00,10,160.97500139274473,231.45
2026-10-05 07:00:00,10,146.20860948860354,188.01
2026-10-05 08:00:00,10,134.9112466675653,146.11
2026-10-05 09:00:00,10,105.6351857304225,92.45
2026-10-05 10:00:00,10,77.90235844665314,59.65
2026-10-05 11:00:00,10,49.600650658997615,6.71
2026-10-05 12:00:00,10,35.469736767010154,35.95
2026-10-05 13:00:00,10,57.13182659927167,70.64
2026-10-05 14:00:00,10,101.23353437220804,128.97
2026-10-05 15:00:00,10,170.55719922263427,184.31
2026-10-05 16:00:00,10,222.06323569522203,224.72
2026-10-05 17:00:00,10,225.52895892701025,252.05
2026-10-05 18:00:00,10,206.75015343348156,221.83
2026-10-05 19:00:00,10,191.79437380780573,200.2
2026-10-05 20:00:00,10,179.3295480723001,189.26
2026-10-05 21:00:00,10,177.55261069465953,167.52
2026-10-05 22:00:00,10,157.4296602679814,151.76
2026-10-05 23:00:00,10,139.62866604066846,149.89
2026-10-06 00:00:00,10,139.58224539155134,151.88
2026-10-06 01:00:00,10,132.38889226541852,151.53
2026-10-06 02:00:00,10,127.8843467079911,153.2
2026-10-06 03:00:00,10,126.5714534050804,166.94
2026-10-06 04:00:00,10,129.43798178095676,207.39
2026-10-06 05:00:00,10,174.5007042531421,241.01
2026-10-06 06:00:00,10,186.2339454310553,249.8
2026-10-06 07:00:00,10,177.19630285929765,210.35
2026-10-06 08:00:00,10,128.30968829823945,171.87
2026-10-06 09:00:00,10,101.6044664546349,142.07
2026-10-06 10:00:00,10,52.3632189777653,132.49
2026-10-06 11:00:00,10,31.297383587093677,127.02
2026-10-06 12:00:00,10,3.152915216631243,136.67
2026-10-06 13:00:00,10,43.30959192124715,154.55
2026-10-06 14:00:00,10,91.48723185828612,190.0
2026-10-06 15:00:00,10,159.91228354818543,250.01
2026-10-06 16:00:00,10,215.08018140743582,339.65
2026-10-06 17:00:00,10,237.46561993024764,382.32
2026-10-06 18:00:00,10,220.21086264796878,296.18
2026-09-22 19:00:00,11,147.66305117152731,289.14
2026-09-22 20:00:00,11,140.20184366570885,246.68
2026-09-22 21:00:00,11,139.3957859921705,213.01
2026-09-22 22:00:00,11,128.36994909748756,188.96
2026-09-22 23:00:00,11,135.90209377391923,177.34
2026-09-23 00:00:00,11,137.09460279266878,176.48
2026-09-23 01:00:00,11,139.57590457650392,176.85
2026-09-23 02:00:00,11,138.95589575498286,175.95
2026-09-23 03:00:00,11,141.61069110998216,198.62
2026-09-23 04:00:00,11,155.72848780116766,300.0
2026-09-23 05:00:00,11,195.49297364418112,346.08
2026-09-23 06:00:00,11,218.65319529693812,232.06
2026-09-23 07:00:00,11,159.2607001662355,182.28
2026-09-23 08:00:00,11,133.2210410285416,141.35
2026-09-23 09:00:00,11,107.09305281411235,97.41
2026-09-23 10:00:00,11,91.47924803750718,73.06
2026-09-23 11:00:00,11,84.22370098503333,57.32
2026-09-23 12:00:00,11,89.4228329801023,75.09
2026-09-23 13:00:00,11,99.4695848408689,110.41
2026-09-23 14:00:00,11,121.06838679110064,156.81
2026-09-23 15:00:00,11,165.96335862280816,199.01
2026-09-23 16:00:00,11,192.6952834366444,243.72
2026-09-23 17:00:00,11,268.3763623759516,271.59
2026-09-23 18:00:00,11,313.0126894386305,236.63
2026-09-23 19:00:00,11,211.03822632139688,195.2
2026-09-23 20:00:00,11,177.90547506090724,170.12
2026-09-23 21:00:00,11,163.2039425756482,154.0
2026-09-23 22:00:00,11,138.6535684480429,130.37
2026-09-23 23:00:00,11,129.96055060350488,118.87
2026-09-24 00:00:00,11,134.91870314627113,114.51
2026-09-24 01:00:00,11,146.05663340225897,107.03
2026-09-24 02:00:00,11,147.45081141195325,107.32
2026-09-24 03:00:00,11,143.0515633294048,121.7
2026-09-24 04:00:00,11,163.85267530022776,147.81
2026-09-24 05:00:00,11,239.33296947011706,168.02
2026-09-24 06:00:00,11,232.42806362205204,173.77
2026-09-24 07:00:00,11,129.3921590446493,152.41
2026-09-24 08:00:00,11,115.58374016363102,111.73
2026-09-24 09:00:00,11,84.48752725896792,68.41
2026-09-24 10:00:00,11,65.18089925488013,16.0
2026-09-24 11:00:00,11,64.44236818320852,11.6
2026-09-24 12:00:00,11,59.666980241074086,19.69
2026-09-24 13:00:00,11,74.00460238177462,75.88
2026-09-24 14:00:00,11,116.87493628271629,117.68
2026-09-24 15:00:00,11,172.6021869223933,180.03
2026-09-24 16:00:00,11,204.6353322589927,226.04
2026-09-24 17:00:00,11,205.93532405537144,267.32
2026-09-24 18:00:00,11,199.8769506226154,260.0
2026-09-24 19:00:00,11,173.123437105,225.82
2026-09-24 20:00:00,11,144.03946739876275,204.87
2026-09-24 21:00:00,11,129.33817055386797,188.01
2026-09-24 22:00:00,11,121.85106557665762,181.94
2026-09-24 23:00:00,11,105.21969552152316,172.17
2026-09-25 00:00:00,11,99.19805871949309,165.64
2026-09-25 01:00:00,11,95.447977903441,167.12
2026-09-25 02:00:00,11,85.57433936286778,169.71
2026-09-25 03:00:00,11,83.86138861028748,187.91
2026-09-25 04:00:00,11,99.60274959533291,235.27
2026-09-25 05:00:00,11,135.46146825249824,261.4
2026-09-25 06:00:00,11,159.60241287698594,249.74
2026-09-25 07:00:00,11,151.59543394221777,196.24
2026-09-25 08:00:00,11,112.98097515322667,158.54
2026-09-25 09:00:00,11,67.25883445661923,108.41
2026-09-25 10:00:00,11,34.970959930144566,60.19
2026-09-25 11:00:00,11,11.912833573816911,30.11
2026-09-25 12:00:00,11,10.092135641203939,39.89
2026-09-25 13:00:00,11,18.74948126866707,87.04
2026-09-25 14:00:00,11,81.72676812998756,154.52
2026-09-25 15:00:00,11,137.98220621089197,199.0
2026-09-25 16:00:00,11,198.5975596357111,241.43
2026-09-25 17:00:00,11,217.68928460462297,303.43
2026-09-25 18:00:00,11,220.20061801369962,252.17
2026-09-25 19:00:00,11,204.25332071706083,224.17
2026-09-25 20:00:00,11,195.16723098006037,206.35
2026-09-25 21:00:00,11,195.26547714955836,186.76
2026-09-25 22:00:00,11,186.42873043326733,196.3
2026-09-25 23:00:00,11,182.70827998687508,184.03
2026-09-26 00:00:00,11,170.2219910458355,175.09
2026-09-26 01:00:00,11,160.88816877106248,163.55
2026-09-26 02:00:00,11,159.39339232280975,160.76
2026-09-26 03:00:00,11,159.75097321757173,160.55
2026-09-26 04:00:00,11,176.72323553803426,178.74
2026-09-26 05:00:00,11,205.9883610884661,194.31
2026-09-26 06:00:00,11,201.44094778499945,191.92
2026-09-26 07:00:00,11,177.22898757333894,156.44
2026-09-26 08:00:00,11,135.26542886182824,111.99
2026-09-26 09:00:00,11,114.13300057042828,53.1
2026-09-26 10:00:00,11,77.5500879986011,11.0
2026-09-26 11:00:00,11,54.127949720075314,3.3
2026-09-26 12:00:00,11,42.04864659306066,18.45
2026-09-26 13:00:00,11,46.922558470606624,51.53
2026-09-26 14:00:00,11,95.03227283414037,127.39
2026-09-26 15:00:00,11,182.1598501537419,191.88
2026-09-26 16:00:00,11,222.35537707984986,214.37
2026-09-26 17:00:00,11,241.63638747661497,236.79
2026-09-26 18:00:00,11,259.13385512419114,226.36
2026-09-26 19:00:00,11,192.3060872563924,208.49
2026-09-26 20:00:00,11,186.6688064667439,199.31
2026-09-26 21:00:00,11,175.48513651819957,186.0
2026-09-26 22:00:00,11,158.3611599947331,183.22
2026-09-26 23:00:00,11,175.67310671832104,178.27
2026-09-27 00:00:00,11,160.61289697506854,171.34
2026-09-27 01:00:00,11,154.32848387929005,166.43
2026-09-27 02:00:00,11,143.13967716121147,161.57
2026-09-27 03:00:00,11,139.02726536452667,158.67
2026-09-27 04:00:00,11,133.86609030345227,159.34
2026-09-27 05:00:00,11,143.41475771235667,151.2
2026-09-27 06:00:00,11,148.57165157295708,127.7
2026-09-27 07:00:00,11,139.2671870600551,56.74
2026-09-27 08:00:00,11,105.56016839025308,1.39
2026-09-27 09:00:00,11,66.99312490306328,-0.07
2026-09-27 10:00:00,11,34.7096255219006,-1.95
2026-09-27 11:00:00,11,22.16750986088705,-2.49
2026-09-27 12:00:00,11,20.800149454327396,-0.84
2026-09-27 13:00:00,11,35.22830839311965,-0.01
2026-09-27 14:00:00,11,71.28661201979581,13.1
2026-09-27 15:00:00,11,155.26810001780234,114.26
2026-09-27 16:00:00,11,207.73478220595896,186.21
2026-09-27 17:00:00,11,217.0608339005613,195.75
2026-09-27 18:00:00,11,215.32661219131566,183.85
2026-09-27 19:00:00,11,198.2659142265792,159.76
2026-09-27 20:00:00,11,195.6829344578461,155.42
2026-09-27 21:00:00,11,196.10940376023504,146.43
2026-09-27 22:00:00,11,184.97350476180725,150.71
2026-09-27 23:00:00,11,182.67988180442063,151.41
2026-09-28 00:00:00,11,173.76374498968477,151.49
2026-09-28 01:00:00,11,163.51611456546365,154.59
2026-09-28 02:00:00,11,156.41271050314853,160.96
2026-09-28 03:00:00,11,150.7854751008191,175.17
2026-09-28 04:00:00,11,147.8406869196146,211.13
2026-09-28 05:00:00,11,144.94983985127874,240.98
2026-09-28 06:00:00,11,130.73552620512785,242.15
2026-09-28 07:00:00,11,103.88454141852922,210.11
2026-09-28 08:00:00,11,55.41571536265023,179.31
2026-09-28 09:00:00,11,34.066076540305275,153.52
2026-09-28 10:00:00,11,31.597940980838864,126.14
2026-09-28 11:00:00,11,34.07901408656524,121.34
2026-09-28 12:00:00,11,43.182080997859146,138.29
2026-09-28 13:00:00,11,53.210534759883075,153.73
2026-09-28 14:00:00,11,61.766544103712974,188.08
2026-09-28 15:00:00,11,79.10626578641049,236.67
2026-09-28 16:00:00,11,159.09294331023523,310.58
2026-09-28 17:00:00,11,203.6533889816739,342.21
2026-09-28 18:00:00,11,195.06079818896632,277.31
2026-09-28 19:00:00,11,171.9129914192614,229.0
2026-09-28 20:00:00,11,150.41986863275477,203.35
2026-09-28 21:00:00,11,152.579096789055,181.29
2026-09-28 22:00:00,11,143.9579601862904,183.86
2026-09-28 23:00:00,11,147.85914036993353,173.96
2026-09-29 00:00:00,11,145.87980315768783,169.04
2026-09-29 01:00:00,11,144.78709384015684,164.91
2026-09-29 02:00:00,11,148.07003982086945,160.4
2026-09-29 03:00:00,11,154.47824537173295,165.71
2026-09-29 04:00:00,11,164.55154101803188,216.1
2026-09-29 05:00:00,11,185.12036067461815,228.62
2026-09-29 06:00:00,11,188.57722203665475,215.94
2026-09-29 07:00:00,11,174.6258834782398,184.2
2026-09-29 08:00:00,11,146.55244148733138,161.82
2026-09-29 09:00:00,11,127.04135011681697,125.34
2026-09-29 10:00:00,11,107.61992573898868,88.44
2026-09-29 11:00:00,11,84.952335623313,72.44
2026-09-29 12:00:00,11,82.97216129545741,81.55
2026-09-29 13:00:00,11,102.1019859289323,112.26
2026-09-29 14:00:00,11,120.98915523985195,155.01
2026-09-29 15:00:00,11,162.21209982108974,203.35
2026-09-29 16:00:00,11,201.95665126278521,230.8
2026-09-29 17:00:00,11,244.00048248318325,229.8
2026-09-29 18:00:00,11,251.11460296737448,201.89
2026-09-29 19:00:00,11,190.1238694561676,169.94
2026-09-29 20:00:00,11,166.33856643657197,154.15
2026-09-29 21:00:00,11,150.21630358952743,130.39
2026-09-29 22:00:00,11,135.8381937631729,109.6
2026-09-29 23:00:00,11,151.26841867152953,105.5
2026-09-30 00:00:00,11,145.86632878378225,101.71
2026-09-30 01:00:00,11,143.75454612583837,102.87
2026-09-30 02:00:00,11,137.63028549261873,104.3
2026-09-30 03:00:00,11,129.27118452921025,122.2
2026-09-30 04:00:00,11,129.23034201089524,160.37
2026-09-30 05:00:00,11,166.0026129855838,198.91
2026-09-30 06:00:00,11,162.756496736535,193.75
2026-09-30 07:00:00,11,147.90925994099973,165.21
2026-09-30 08:00:00,11,119.49282199142687,122.31
2026-09-30 09:00:00,11,101.10274920881909,81.42
2026-09-30 10:00:00,11,67.49203909623158,42.91
2026-09-30 11:00:00,11,40.956051351404376,20.0
2026-09-30 12:00:00,11,40.21698060061267,37.51
2026-09-30 13:00:00,11,57.551504281872624,84.93
2026-09-30 14:00:00,11,103.74995537259406,148.47
2026-09-30 15:00:00,11,167.06737706898633,202.17
2026-09-30 16:00:00,11,223.5200514984519,230.33
2026-09-30 17:00:00,11,227.75095122204817,249.74
2026-09-30 18:00:00,11,201.47780100287275,233.04
2026-09-30 19:00:00,11,171.26673816840116,206.18
2026-09-30 20:00:00,11,145.12411088091795,186.89
2026-09-30 21:00:00,11,135.89068208622552,167.64
2026-09-30 22:00:00,11,114.35569680887718,158.0
2026-09-30 23:00:00,11,97.15342565088027,159.62
2026-10-01 00:00:00,11,100.77195601357465,158.43
2026-10-01 01:00:00,11,100.87317822133318,159.51
2026-10-01 02:00:00,11,99.69578937546139,158.05
2026-10-01 03:00:00,11,93.75613957561195,166.64
2026-10-01 04:00:00,11,105.66293397749284,208.17
2026-10-01 05:00:00,11,136.22550148881228,237.24
2026-10-01 06:00:00,11,151.41091285971956,233.36
2026-10-01 07:00:00,11,127.37932338182188,208.3
2026-10-01 08:00:00,11,105.93726632510692,183.4
2026-10-01 09:00:00,11,71.220189664166,160.11
2026-10-01 10:00:00,11,36.63765543191406,162.19
2026-10-01 11:00:00,11,18.676975984777584,152.02
2026-10-01 12:00:00,11,8.68988143767757,150.34
2026-10-01 13:00:00,11,23.479040192299962,156.88
2026-10-01 14:00:00,11,78.93669199867061,189.18
2026-10-01 15:00:00,11,161.5538887344228,232.28
2026-10-01 16:00:00,11,208.20582162362732,274.69
2026-10-01 17:00:00,11,212.44531058955386,300.54
2026-10-01 18:00:00,11,208.1464082239459,257.51
2026-10-01 19:00:00,11,189.56591195611566,226.42
2026-10-01 20:00:00,11,162.81865132363208,205.0
2026-10-01 21:00:00,11,144.43241990332794,186.43
2026-10-01 22:00:00,11,129.27992351420568,175.03
2026-10-01 23:00:00,11,130.20338956244123,163.9
2026-10-02 00:00:00,11,142.09964609223977,160.96
2026-10-02 01:00:00,11,144.65607749396807,160.07
2026-10-02 02:00:00,11,148.6310811630524,163.14
2026-10-02 03:00:00,11,145.56303120400904,177.87
2026-10-02 04:00:00,11,151.04324954450894,221.67
2026-10-02 05:00:00,11,180.2021304029598,260.34
2026-10-02 06:00:00,11,178.9915729927452,264.29
2026-10-02 07:00:00,11,155.85263046012284,225.49
2026-10-02 08:00:00,11,126.98025220405145,186.85
2026-10-02 09:00:00,11,103.56916146796476,170.07
2026-10-02 10:00:00,11,83.998656185604,152.61
2026-10-02 11:00:00,11,92.35162886556184,140.86
2026-10-02 12:00:00,11,89.93310594084107,142.31
2026-10-02 13:00:00,11,103.04658064678372,150.1
2026-10-02 14:00:00,11,122.48809090026998,181.03
2026-10-02 15:00:00,11,164.42842157910763,224.85
2026-10-02 16:00:00,11,186.10096020242344,266.56
2026-10-02 17:00:00,11,198.41797344168066,319.81
2026-10-02 18:00:00,11,199.12363227483723,268.11
2026-10-02 19:00:00,11,158.6477362059559,229.96
2026-10-02 20:00:00,11,151.88360574628234,211.5
2026-10-02 21:00:00,11,143.6942202594301,194.7
2026-10-02 22:00:00,11,136.6756339914428,194.14
2026-10-02 23:00:00,11,135.8873221080651,178.98
2026-10-03 00:00:00,11,133.29280743453762,173.51
2026-10-03 01:00:00,11,137.53989586316388,169.11
2026-10-03 02:00:00,11,137.5993538153678,166.07
2026-10-03 03:00:00,11,139.9708368782892,169.9
2026-10-03 04:00:00,11,154.66204350483127,182.93
2026-10-03 05:00:00,11,189.91227855180222,198.61
2026-10-03 06:00:00,11,191.28257253199425,189.13
2026-10-03 07:00:00,11,173.84960380954482,173.33
2026-10-03 08:00:00,11,143.75008813154705,151.96
2026-10-03 09:00:00,11,126.8972912393271,125.04
2026-10-03 10:00:00,11,124.0072869203372,84.15
2026-10-03 11:00:00,11,113.96376887478473,56.71
2026-10-03 12:00:00,11,109.57354418994795,70.21
2026-10-03 13:00:00,11,117.8673803669085,114.15
2026-10-03 14:00:00,11,131.0996542404419,157.32
2026-10-03 15:00:00,11,169.08592958744168,194.32
2026-10-03 16:00:00,11,190.92144634220836,227.68
2026-10-03 17:00:00,11,195.9272902455792,237.11
2026-10-03 18:00:00,11,212.07405610029804,223.22
2026-10-03 19:00:00,11,156.62317466156208,215.19
2026-10-03 20:00:00,11,151.32860169709616,208.44
2026-10-03 21:00:00,11,146.46328861952398,194.97
2026-10-03 22:00:00,11,139.14265514225843,194.08
2026-10-03 23:00:00,11,147.149640198226,188.6
2026-10-04 00:00:00,11,135.89482710112156,182.69
2026-10-04 01:00:00,11,139.42093541229923,179.73
2026-10-04 02:00:00,11,138.3100069540931,176.73
2026-10-04 03:00:00,11,136.24069968013262,181.33
2026-10-04 04:00:00,11,140.55504881749494,189.63
2026-10-04 05:00:00,11,152.29405239539696,196.53
2026-10-04 06:00:00,11,160.27161638976577,186.69
2026-10-04 07:00:00,11,137.05551589651816,173.09
2026-10-04 08:00:00,11,122.95293352250269,143.73
2026-10-04 09:00:00,11,105.99096571235033,110.55
2026-10-04 10:00:00,11,84.21483839035143,76.91
2026-10-04 11:00:00,11,54.09846270146453,50.19
2026-10-04 12:00:00,11,49.246880580530366,55.83
2026-10-04 13:00:00,11,68.08273484905098,90.0
2026-10-04 14:00:00,11,131.09642282999602,149.31
2026-10-04 15:00:00,11,184.9043638388053,198.9
2026-10-04 16:00:00,11,224.9469937485752,224.37
2026-10-04 17:00:00,11,230.26243722574281,238.71
2026-10-04 18:00:00,11,208.57786625107047,229.89
2026-10-04 19:00:00,11,181.51365670082322,216.65
2026-10-04 20:00:00,11,168.8931818757785,212.29
2026-10-04 21:00:00,11,159.58527157841547,192.42
2026-10-04 22:00:00,11,149.60702125651778,167.36
2026-10-04 23:00:00,11,155.174609491387,161.95
2026-10-05 00:00:00,11,152.23201608218807,154.94
2026-10-05 01:00:00,11,149.88285851258797,149.96
2026-10-05 02:00:00,11,149.6312348409687,149.98
2026-10-05 03:00:00,11,147.24907966438633,155.14
2026-10-05 04:00:00,11,152.52159106224798,198.03
2026-10-05 05:00:00,11,157.68711062943083,221.8
2026-10-05 06:00:00,11,158.1640329744821,231.45
2026-10-05 07:00:00,11,139.86727609493192,188.01
2026-10-05 08:00:00,11,123.37374437077511,146.11
2026-10-05 09:00:00,11,92.13280104925174,92.45
2026-10-05 10:00:00,11,63.98540791396821,59.65
2026-10-05 11:00:00,11,50.31556722930592,6.71
2026-10-05 12:00:00,11,52.341062668236994,35.95
2026-10-05 13:00:00,11,68.14330264693686,70.64
2026-10-05 14:00:00,11,111.32372007521535,128.97
2026-10-05 15:00:00,11,187.4457480339862,184.31
2026-10-05 16:00:00,11,234.55630835680316,224.72
2026-10-05 17:00:00,11,242.1189863193296,252.05
2026-10-05 18:00:00,11,231.65959759225964,221.83
2026-10-05 19:00:00,11,205.56751811645995,200.2
2026-10-05 20:00:00,11,183.14844585560428,189.26
2026-10-05 21:00:00,11,172.85671826737482,167.52
2026-10-05 22:00:00,11,152.3933091430609,151.76
2026-10-05 23:00:00,11,135.4916418204015,149.89
2026-10-06 00:00:00,11,140.6127574092795,151.88
2026-10-06 01:00:00,11,137.6871297508403,151.53
2026-10-06 02:00:00,11,134.6626446184886,153.2
2026-10-06 03:00:00,11,133.82511378605793,166.94
2026-10-06 04:00:00,11,135.9837940904966,207.39
2026-10-06 05:00:00,11,175.73280891123028,241.01
2026-10-06 06:00:00,11,177.6050915072411,249.8
2026-10-06 07:00:00,11,164.82674790129337,210.35
2026-10-06 08:00:00,11,110.62331439883071,171.87
2026-10-06 09:00:00,11,77.8155257108265,142.07
2026-10-06 10:00:00,11,42.3951670549083,132.49
2026-10-06 11:00:00,11,36.13547499237582,127.02
2026-10-06 12:00:00,11,21.324310289261106,136.67
2026-10-06 13:00:00,11,44.469671654989035,154.55
2026-10-06 14:00:00,11,81.858461748305,190.0
2026-10-06 15:00:00,11,166.0167190275785,250.01
2026-10-06 16:00:00,11,218.044619827984,339.65
2026-10-06 17:00:00,11,244.90911129429742,382.32
2026-10-06 18:00:00,11,235.76656800354212,296.18
2026-09-22 19:00:00,12,203.60468896591505,289.14
2026-09-22 20:00:00,12,169.76246627506117,246.68
2026-09-22 21:00:00,12,154.3629705358514,213.01
2026-09-22 22:00:00,12,139.5283228211076,188.96
2026-09-22 23:00:00,12,111.4453507280694,177.34
2026-09-23 00:00:00,12,109.66832806623401,176.48
2026-09-23 01:00:00,12,128.80168521660988,176.85
2026-09-23 02:00:00,12,154.8381033167523,175.95
2026-09-23 03:00:00,12,159.31207144246116,198.62
2026-09-23 04:00:00,12,157.93339057847442,300.0
2026-09-23 05:00:00,12,177.57076729572253,346.08
2026-09-23 06:00:00,12,204.76075875016312,232.06
2026-09-23 07:00:00,12,181.38742641286953,182.28
2026-09-23 08:00:00,12,152.11668885040066,141.35
2026-09-23 09:00:00,12,114.65093963905518,97.41
2026-09-23 10:00:00,12,93.17259915977564,73.06
2026-09-23 11:00:00,12,87.09139490281667,57.32
2026-09-23 12:00:00,12,81.4843062395886,75.09
2026-09-23 13:00:00,12,104.10688380743,110.41
2026-09-23 14:00:00,12,137.58791530112748,156.81
2026-09-23 15:00:00,12,170.0296740315078,199.01
2026-09-23 16:00:00,12,211.51426991695325,243.72
2026-09-23 17:00:00,12,284.87453992783185,271.59
2026-09-23 18:00:00,12,308.7112774763017,236.63
2026-09-23 19:00:00,12,203.78574828217367,195.2
2026-09-23 20:00:00,12,146.0997608086102,170.12
2026-09-23 21:00:00,12,128.36982610426767,154.0
2026-09-23 22:00:00,12,124.67108756773604,130.37
2026-09-23 23:00:00,12,122.98505661963986,118.87
2026-09-24 00:00:00,12,115.55182840927833,114.51
2026-09-24 01:00:00,12,132.69738576031924,107.03
2026-09-24 02:00:00,12,140.6769963914562,107.32
2026-09-24 03:00:00,12,153.03670472838894,121.7
2026-09-24 04:00:00,12,167.48667286511636,147.81
2026-09-24 05:00:00,12,264.96933051561444,168.02
2026-09-24 06:00:00,12,215.15460329473729,173.77
2026-09-24 07:00:00,12,145.06234291601479,152.41
2026-09-24 08:00:00,12,122.56983483339508,111.73
2026-09-24 09:00:00,12,107.02108848390594,68.41
2026-09-24 10:00:00,12,90.30364123734724,16.0
2026-09-24 11:00:00,12,95.51870646388146,11.6
2026-09-24 12:00:00,12,89.8392537424823,19.69
2026-09-24 13:00:00,12,111.70883378443764,75.88
2026-09-24 14:00:00,12,125.68094168250933,117.68
2026-09-24 15:00:00,12,159.93933686395638,180.03
2026-09-24 16:00:00,12,203.3923960200837,226.04
2026-09-24 17:00:00,12,247.12722931886321,267.32
2026-09-24 18:00:00,12,225.53262492777827,260.0
2026-09-24 19:00:00,12,205.73265666015578,225.82
2026-09-24 20:00:00,12,166.90885186522834,204.87
2026-09-24 21:00:00,12,138.08154952189076,188.01
2026-09-24 22:00:00,12,129.76816949802702,181.94
2026-09-24 23:00:00,12,111.3447748169024,172.17
2026-09-25 00:00:00,12,94.79996905842087,165.64
2026-09-25 01:00:00,12,95.61073649646082,167.12
2026-09-25 02:00:00,12,83.04612607950848,169.71
2026-09-25 03:00:00,12,74.96952647065297,187.91
2026-09-25 04:00:00,12,137.37312827449242,235.27
2026-09-25 05:00:00,12,151.97607829470564,261.4
2026-09-25 06:00:00,12,137.10272483420988,249.74
2026-09-25 07:00:00,12,128.4798569622881,196.24
2026-09-25 08:00:00,12,80.39982581238554,158.54
2026-09-25 09:00:00,12,44.88323076896048,108.41
2026-09-25 10:00:00,12,28.151675254458127,60.19
2026-09-25 11:00:00,12,24.579738176232652,30.11
2026-09-25 12:00:00,12,26.40576412322862,39.89
2026-09-25 13:00:00,12,33.945159468297256,87.04
2026-09-25 14:00:00,12,83.39933350654486,154.52
2026-09-25 15:00:00,12,124.87504254593986,199.0
2026-09-25 16:00:00,12,193.17906295304388,241.43
2026-09-25 17:00:00,12,225.127568462635,303.43
2026-09-25 18:00:00,12,204.3045072330728,252.17
2026-09-25 19:00:00,12,188.87836892516862,224.17
2026-09-25 20:00:00,12,168.6543872171059,206.35
2026-09-25 21:00:00,12,160.2572218184486,186.76
2026-09-25 22:00:00,12,139.05849866798468,196.3
2026-09-25 23:00:00,12,128.82672479034673,184.03
2026-09-26 00:00:00,12,108.33601020102856,175.09
2026-09-26 01:00:00,12,104.54088702912753,163.55
2026-09-26 02:00:00,12,118.29345173105244,160.76
2026-09-26 03:00:00,12,131.93245054454184,160.55
2026-09-26 04:00:00,12,141.3227806393642,178.74
2026-09-26 05:00:00,12,166.96693661648678,194.31
2026-09-26 06:00:00,12,157.3133462442417,191.92
2026-09-26 07:00:00,12,140.49674716515133,156.44
2026-09-26 08:00:00,12,101.85808751486013,111.99
2026-09-26 09:00:00,12,77.99626810231025,53.1
2026-09-26 10:00:00,12,60.10004655713781,11.0
2026-09-26 11:00:00,12,31.56211444583785,3.3
2026-09-26 12:00:00,12,17.89913956762497,18.45
2026-09-26 13:00:00,12,41.8306744378934,51.53
2026-09-26 14:00:00,12,102.29531433999182,127.39
2026-09-26 15:00:00,12,172.76355456170734,191.88
2026-09-26 16:00:00,12,283.68037974530677,214.37
2026-09-26 17:00:00,12,267.7305056759689,236.79
2026-09-26 18:00:00,12,232.31903238987206,226.36
2026-09-26 19:00:00,12,177.05796099578305,208.49
2026-09-26 20:00:00,12,175.9347162507334,199.31
2026-09-26 21:00:00,12,163.95835317994332,186.0
2026-09-26 22:00:00,12,143.20801532050166,183.22
2026-09-26 23:00:00,12,149.13857511848263,178.27
2026-09-27 00:00:00,12,124.89783087949735,171.34
2026-09-27 01:00:00,12,121.65219442015686,166.43
2026-09-27 02:00:00,12,127.25722864416623,161.57
2026-09-27 03:00:00,12,123.4900171546658,158.67
2026-09-27 04:00:00,12,138.99296207797016,159.34
2026-09-27 05:00:00,12,157.884195341926,151.2
2026-09-27 06:00:00,12,137.3844016550509,127.7
2026-09-27 07:00:00,12,119.30204351168415,56.74
2026-09-27 08:00:00,12,85.71078585211238,1.39
2026-09-27 09:00:00,12,35.940366647817214,-0.07
2026-09-27 10:00:00,12,11.81586908032287,-1.95
2026-09-27 11:00:00,12,4.471530060298164,-2.49
2026-09-27 12:00:00,12,0.7765856374194584,-0.84
2026-09-27 13:00:00,12,5.911784950790391,-0.01
2026-09-27 14:00:00,12,39.13875220882287,13.1
2026-09-27 15:00:00,12,139.40754064800814,114.26
2026-09-27 16:00:00,12,222.18347144702426,186.21
2026-09-27 17:00:00,12,204.0938426442318,195.75
2026-09-27 18:00:00,12,178.12898583160288,183.85
2026-09-27 19:00:00,12,145.41258863699468,159.76
2026-09-27 20:00:00,12,153.11819253149957,155.42
2026-09-27 21:00:00,12,164.3016343282945,146.43
2026-09-27 22:00:00,12,162.58172578615077,150.71
2026-09-27 23:00:00,12,149.957257409123,151.41
2026-09-28 00:00:00,12,130.6274359586779,151.49
2026-09-28 01:00:00,12,126.5016403777527,154.59
2026-09-28 02:00:00,12,157.9880580706665,160.96
2026-09-28 03:00:00,12,147.7919899418093,175.17
2026-09-28 04:00:00,12,176.40325941984952,211.13
2026-09-28 05:00:00,12,185.069442572429,240.98
2026-09-28 06:00:00,12,141.85006952877745,242.15
2026-09-28 07:00:00,12,71.18603568279843,210.11
2026-09-28 08:00:00,12,-11.72239256709399,179.31
2026-09-28 09:00:00,12,-27.082823171171626,153.52
2026-09-28 10:00:00,12,-15.764959731908007,126.14
2026-09-28 11:00:00,12,-1.2164608108267885,121.34
2026-09-28 12:00:00,12,3.325517112727738,138.29
2026-09-28 13:00:00,12,6.409954295600372,153.73
2026-09-28 14:00:00,12,23.496789056333995,188.08
2026-09-28 15:00:00,12,74.37057109054655,236.67
2026-09-28 16:00:00,12,198.65043715880682,310.58
2026-09-28 17:00:00,12,248.82594566571004,342.21
2026-09-28 18:00:00,12,220.32475940675425,277.31
2026-09-28 19:00:00,12,192.57145458232426,229.0
2026-09-28 20:00:00,12,164.90588081588328,203.35
2026-09-28 21:00:00,12,190.78436206032848,181.29
2026-09-28 22:00:00,12,163.89635629721727,183.86
2026-09-28 23:00:00,12,160.93559749355495,173.96
2026-09-29 00:00:00,12,143.60253331245656,169.04
2026-09-29 01:00:00,12,157.2086782740327,164.91
2026-09-29 02:00:00,12,173.18304510470296,160.4
2026-09-29 03:00:00,12,229.82252884450628,165.71
2026-09-29 04:00:00,12,269.438986499606,216.1
2026-09-29 05:00:00,12,229.36958051849604,228.62
2026-09-29 06:00:00,12,211.64221643167383,215.94
2026-09-29 07:00:00,12,203.9055906095964,184.2
2026-09-29 08:00:00,12,177.70840821262487,161.82
2026-09-29 09:00:00,12,160.03822969075463,125.34
2026-09-29 10:00:00,12,123.28018129350279,88.44
2026-09-29 11:00:00,12,95.95241387222065,72.44
2026-09-29 12:00:00,12,96.65704125799205,81.55
2026-09-29 13:00:00,12,126.6535659566421,112.26
2026-09-29 14:00:00,12,154.06214355325045,155.01
2026-09-29 15:00:00,12,248.898444239254,203.35
2026-09-29 16:00:00,12,364.7142981238698,230.8
2026-09-29 17:00:00,12,307.1774600019573,229.8
2026-09-29 18:00:00,12,264.8603566685453,201.89
2026-09-29 19:00:00,12,245.80276051720512,169.94
2026-09-29 20:00:00,12,206.31073951036512,154.15
2026-09-29 21:00:00,12,182.33275562805755,130.39
2026-09-29 22:00:00,12,157.09798441350136,109.6
2026-09-29 23:00:00,12,149.772186078288,105.5
2026-09-30 00:00:00,12,155.07164123053417,101.71
2026-09-30 01:00:00,12,163.7140362080662,102.87
2026-09-30 02:00:00,12,161.41266951189118,104.3
2026-09-30 03:00:00,12,168.572138511448,122.2
2026-09-30 04:00:00,12,182.82897897265207,160.37
2026-09-30 05:00:00,12,205.18154939913998,198.91
2026-09-30 06:00:00,12,198.19818670873593,193.75
2026-09-30 07:00:00,12,184.9192717489063,165.21
2026-09-30 08:00:00,12,152.40585579746084,122.31
2026-09-30 09:00:00,12,111.73823592942995,81.42
2026-09-30 10:00:00,12,73.53678548961332,42.91
2026-09-30 11:00:00,12,53.915261962044845,20.0
2026-09-30 12:00:00,12,60.59201218746783,37.51
2026-09-30 13:00:00,12,74.83725549393962,84.93
2026-09-30 14:00:00,12,131.60188885621957,148.47
2026-09-30 15:00:00,12,184.58965957448228,202.17
2026-09-30 16:00:00,12,326.8423424274297,230.33
2026-09-30 17:00:00,12,245.76630992006608,249.74
2026-09-30 18:00:00,12,215.90253431025127,233.04
2026-09-30 19:00:00,12,189.93838208390721,206.18
2026-09-30 20:00:00,12,165.5828271873831,186.89
2026-09-30 21:00:00,12,144.73742721741664,167.64
2026-09-30 22:00:00,12,116.98908804870884,158.0
2026-09-30 23:00:00,12,97.02237679585396,159.62
2026-10-01 00:00:00,12,95.37763083444564,158.43
2026-10-01 01:00:00,12,87.62764796466095,159.51
2026-10-01 02:00:00,12,111.20244335459246,158.05
2026-10-01 03:00:00,12,108.84622293855122,166.64
2026-10-01 04:00:00,12,147.22199976835805,208.17
2026-10-01 05:00:00,12,172.5850727902226,237.24
2026-10-01 06:00:00,12,172.59157511508045,233.36
2026-10-01 07:00:00,12,157.88606081799458,208.3
2026-10-01 08:00:00,12,128.81080785065345,183.4
2026-10-01 09:00:00,12,77.3356538731359,160.11
2026-10-01 10:00:00,12,35.901164808994224,162.19
2026-10-01 11:00:00,12,20.93755720057497,152.02
2026-10-01 12:00:00,12,25.915257993060187,150.34
2026-10-01 13:00:00,12,60.40941361897558,156.88
2026-10-01 14:00:00,12,112.10034127469285,189.18
2026-10-01 15:00:00,12,180.66576487108296,232.28
2026-10-01 16:00:00,12,252.63386546661405,274.69
2026-10-01 17:00:00,12,231.00263705792048,300.54
2026-10-01 18:00:00,12,217.814888853012,257.51
2026-10-01 19:00:00,12,211.79737969261467,226.42
2026-10-01 20:00:00,12,182.52378545517348,205.0
2026-10-01 21:00:00,12,153.32742023555056,186.43
2026-10-01 22:00:00,12,134.9453811896364,175.03
2026-10-01 23:00:00,12,111.7504929603523,163.9
2026-10-02 00:00:00,12,122.10468320494897,160.96
2026-10-02 01:00:00,12,130.0704923093817,160.07
2026-10-02 02:00:00,12,135.55716331974574,163.14
2026-10-02 03:00:00,12,137.34944228373348,177.87
2026-10-02 04:00:00,12,160.6539920639496,221.67
2026-10-02 05:00:00,12,165.85793665419345,260.34
2026-10-02 06:00:00,12,191.0379124652939,264.29
2026-10-02 07:00:00,12,184.97168545370684,225.49
2026-10-02 08:00:00,12,162.32702352329522,186.85
2026-10-02 09:00:00,12,106.23751048650442,170.07
2026-10-02 10:00:00,12,105.02996454780482,152.61
2026-10-02 11:00:00,12,89.88237721148056,140.86
2026-10-02 12:00:00,12,85.89369146401339,142.31
2026-10-02 13:00:00,12,109.88307439838957,150.1
2026-10-02 14:00:00,12,138.57228243731822,181.03
2026-10-02 15:00:00,12,342.0582214041205,224.85
2026-10-02 16:00:00,12,377.41717395645867,266.56
2026-10-02 17:00:00,12,241.476493947119,319.81
2026-10-02 18:00:00,12,238.07901269006612,268.11
2026-10-02 19:00:00,12,204.87050795880037,229.96
2026-10-02 20:00:00,12,209.737641453985,211.5
2026-10-02 21:00:00,12,216.00420914586408,194.7
2026-10-02 22:00:00,12,219.1709913828131,194.14
2026-10-02 23:00:00,12,147.18579139110938,178.98
2026-10-03 00:00:00,12,133.8219060613431,173.51
2026-10-03 01:00:00,12,133.98186933760311,169.11
2026-10-03 02:00:00,12,133.65836623969952,166.07
2026-10-03 03:00:00,12,140.42379603090316,169.9
2026-10-03 04:00:00,12,231.34164033908982,182.93
2026-10-03 05:00:00,12,160.08962199998422,198.61
2026-10-03 06:00:00,12,160.96954690725914,189.13
2026-10-03 07:00:00,12,144.96009400259655,173.33
2026-10-03 08:00:00,12,173.84787813485644,151.96
2026-10-03 09:00:00,12,111.27707779532943,125.04
2026-10-03 10:00:00,12,106.096998270923,84.15
2026-10-03 11:00:00,12,72.96954441935887,56.71
2026-10-03 12:00:00,12,63.46867323875351,70.21
2026-10-03 13:00:00,12,87.95201046209974,114.15
2026-10-03 14:00:00,12,121.5384047477988,157.32
2026-10-03 15:00:00,12,194.81374282225778,194.32
2026-10-03 16:00:00,12,292.50043105059035,227.68
2026-10-03 17:00:00,12,229.56554888041416,237.11
2026-10-03 18:00:00,12,228.8738984653161,223.22
2026-10-03 19:00:00,12,214.68159792588477,215.19
2026-10-03 20:00:00,12,218.03885404431935,208.44
2026-10-03 21:00:00,12,190.75963896260487,194.97
2026-10-03 22:00:00,12,173.71709906288498,194.08
2026-10-03 23:00:00,12,145.69607395513052,188.6
2026-10-04 00:00:00,12,139.19770078114152,182.69
2026-10-04 01:00:00,12,137.6834144747465,179.73
2026-10-04 02:00:00,12,144.29260980048736,176.73
2026-10-04 03:00:00,12,134.0658893928715,181.33
2026-10-04 04:00:00,12,158.3608681665836,189.63
2026-10-04 05:00:00,12,138.30442050524897,196.53
2026-10-04 06:00:00,12,160.78820218324262,186.69
2026-10-04 07:00:00,12,148.06793598974815,173.09
2026-10-04 08:00:00,12,86.19084101396467,143.73
2026-10-04 09:00:00,12,72.4050846879832,110.55
2026-10-04 10:00:00,12,56.051276782932554,76.91
2026-10-04 11:00:00,12,40.73362994245756,50.19
2026-10-04 12:00:00,12,35.02369384785309,55.83
2026-10-04 13:00:00,12,54.561985690112,90.0
2026-10-04 14:00:00,12,98.03635234541787,149.31
2026-10-04 15:00:00,12,137.30003723250826,198.9
2026-10-04 16:00:00,12,167.43493939264513,224.37
2026-10-04 17:00:00,12,174.52108074916828,238.71
2026-10-04 18:00:00,12,160.60054352007222,229.89
2026-10-04 19:00:00,12,158.6632537434478,216.65
2026-10-04 20:00:00,12,134.7731351700062,212.29
2026-10-04 21:00:00,12,132.70745181289132,192.42
2026-10-04 22:00:00,12,129.0234408840521,167.36
2026-10-04 23:00:00,12,126.24732094346692,161.95
2026-10-05 00:00:00,12,120.81815550433585,154.94
2026-10-05 01:00:00,12,125.60682832368933,149.96
2026-10-05 02:00:00,12,117.87288899120784,149.98
2026-10-05 03:00:00,12,127.56332722816839,155.14
2026-10-05 04:00:00,12,138.19902238589998,198.03
2026-10-05 05:00:00,12,143.11536806278585,221.8
2026-10-05 06:00:00,12,148.69169633240028,231.45
2026-10-05 07:00:00,12,146.03300347884482,188.01
2026-10-05 08:00:00,12,124.50120208555512,146.11
2026-10-05 09:00:00,12,96.67259224331062,92.45
2026-10-05 10:00:00,12,64.68609443544919,59.65
2026-10-05 11:00:00,12,50.526048786148976,6.71
2026-10-05 12:00:00,12,62.858799501828955,35.95
2026-10-05 13:00:00,12,86.15706516153467,70.64
2026-10-05 14:00:00,12,106.48433610575486,128.97
2026-10-05 15:00:00,12,157.8400933823926,184.31
2026-10-05 16:00:00,12,185.02888987778832,224.72
2026-10-05 17:00:00,12,199.06239450913117,252.05
2026-10-05 18:00:00,12,209.77817789078236,221.83
2026-10-05 19:00:00,12,202.85006773160347,200.2
2026-10-05 20:00:00,12,152.71270107479515,189.26
2026-10-05 21:00:00,12,151.7459172082057,167.52
2026-10-05 22:00:00,12,140.86250314079672,151.76
2026-10-05 23:00:00,12,135.04180241693,149.89
2026-10-06 00:00:00,12,125.58439455274055,151.88
2026-10-06 01:00:00,12,124.1893929714221,151.53
2026-10-06 02:00:00,12,117.38965778251644,153.2
2026-10-06 03:00:00,12,124.96159517403251,166.94
2026-10-06 04:00:00,12,139.34277926729544,207.39
2026-10-06 05:00:00,12,166.23690158311086,241.01
2026-10-06 06:00:00,12,168.9276344633804,249.8
2026-10-06 07:00:00,12,176.96766788146812,210.35
2026-10-06 08:00:00,12,119.56809029478521,171.87
2026-10-06 09:00:00,12,92.0489618091621,142.07
2026-10-06 10:00:00,12,55.50746254981391,132.49
2026-10-06 11:00:00,12,39.56580497467318,127.02
2026-10-06 12:00:00,12,39.36543045762259,136.67
2026-10-06 13:00:00,12,74.15195979744962,154.55
2026-10-06 14:00:00,12,102.04842079986766,190.0
2026-10-06 15:00:00,12,132.4703711801164,250.01
2026-10-06 16:00:00,12,177.58374727991907,339.65
2026-10-06 17:00:00,12,210.07673991392525,382.32
2026-10-06 18:00:00,12,197.9887812283041,296.18
